{
  "type" : "FeatureCollection", 
  "features" : [
    {
      "type" : "Feature", 
      "id" : 3, 
      "geometry" : 
      {
        "type" : "Polygon", 
        "coordinates" : 
        [
          [
            [-59.7089394160212, 53.7928772394931], 
            [-59.7365575960562, 53.8009981175692], 
            [-59.7166376127355, 53.8190654974748], 
            [-59.7089394160212, 53.7928772394931]
          ]
        ]
      }, 
      "properties" : {
        "OBJECTID" : 3, 
        "Id" : 3, 
        "gridcode" : 1, 
        "Unixtime" : 1785913200, 
        "Timestamp" : 1785913200000, 
        "Shape__Area" : 6933086.05078125, 
        "Shape__Length" : 12509.362013476977
      }
    }, 
    {
      "type" : "Feature", 
      "id" : 4, 
      "geometry" : 
      {
        "type" : "Polygon", 
        "coordinates" : 
        [
          [
            [-101.615269329216, 53.6353340034616], 
            [-102.245442273342, 53.6353340034616], 
            [-102.245442273342, 53.6803450718676], 
            [-102.38047547856, 53.6803450718676], 
            [-102.38047547856, 53.7253651334942], 
            [-102.470497615373, 53.7253651334942], 
            [-102.470497615373, 53.7703762019003], 
            [-102.560519752185, 53.7703762019003], 
            [-102.560519752185, 53.8153872703064], 
            [-102.605530820591, 53.8153872703064], 
            [-102.605530820591, 53.8603983387125], 
            [-102.650550882217, 53.8603983387125], 
            [-102.650550882217, 53.9054094071186], 
            [-102.695561950623, 53.9054094071186], 
            [-102.695561950623, 53.9504204755246], 
            [-102.74057301903, 53.9504204755246], 
            [-102.74057301903, 53.9954315439307], 
            [-102.785584087436, 53.9954315439307], 
            [-102.785584087436, 54.0404426123368], 
            [-102.830595155842, 54.0404426123368], 
            [-102.830595155842, 54.0854626739633], 
            [-102.875606224248, 54.0854626739633], 
            [-102.875606224248, 54.1754848107755], 
            [-102.920617292654, 54.1754848107755], 
            [-102.920617292654, 54.2655069475876], 
            [-102.96562836106, 54.2655069475876], 
            [-102.96562836106, 54.4005401528059], 
            [-103.010648422687, 54.4005401528059], 
            [-103.010648422687, 54.8956798917137], 
            [-102.96562836106, 54.8956798917137], 
            [-102.96562836106, 55.0307130969319], 
            [-102.920617292654, 55.0307130969319], 
            [-102.920617292654, 55.1657552953707], 
            [-102.875606224248, 55.1657552953707], 
            [-102.875606224248, 55.2107663637768], 
            [-102.830595155842, 55.2107663637768], 
            [-102.830595155842, 55.3007885005889], 
            [-102.785584087436, 55.3007885005889], 
            [-102.785584087436, 55.345799568995], 
            [-102.74057301903, 55.345799568995], 
            [-102.74057301903, 55.3908106374011], 
            [-102.695561950623, 55.3908106374011], 
            [-102.695561950623, 55.4358217058071], 
            [-102.650550882217, 55.4358217058071], 
            [-102.650550882217, 55.4808327742132], 
            [-102.605530820591, 55.4808327742132], 
            [-102.605530820591, 55.5258438426193], 
            [-102.515508683779, 55.5258438426193], 
            [-102.515508683779, 55.5708639042459], 
            [-102.470497615373, 55.5708639042459], 
            [-102.470497615373, 55.615874972652], 
            [-102.38047547856, 55.615874972652], 
            [-102.38047547856, 55.660886041058], 
            [-102.245442273342, 55.660886041058], 
            [-102.245442273342, 55.7058971094641], 
            [-101.660280397622, 55.7058971094641], 
            [-101.660280397622, 55.660886041058], 
            [-101.525247192404, 55.660886041058], 
            [-101.525247192404, 55.615874972652], 
            [-101.435216062371, 55.615874972652], 
            [-101.435216062371, 55.5708639042459], 
            [-101.345193925559, 55.5708639042459], 
            [-101.345193925559, 55.5258438426193], 
            [-101.300182857153, 55.5258438426193], 
            [-101.300182857153, 55.4808327742132], 
            [-101.255171788747, 55.4808327742132], 
            [-101.255171788747, 55.4358217058071], 
            [-101.210160720341, 55.4358217058071], 
            [-101.210160720341, 55.3908106374011], 
            [-101.165149651935, 55.3908106374011], 
            [-101.165149651935, 55.345799568995], 
            [-101.120129590308, 55.345799568995], 
            [-101.120129590308, 55.3007885005889], 
            [-101.075118521902, 55.3007885005889], 
            [-101.075118521902, 55.2557774321828], 
            [-101.030107453496, 55.2557774321828], 
            [-101.030107453496, 55.1657552953707], 
            [-100.98509638509, 55.1657552953707], 
            [-100.98509638509, 55.0757241653381], 
            [-100.940085316684, 55.0757241653381], 
            [-100.940085316684, 54.9406909601198], 
            [-100.895074248278, 54.9406909601198], 
            [-100.895074248278, 54.3555290843998], 
            [-100.940085316684, 54.3555290843998], 
            [-100.940085316684, 54.2204958791815], 
            [-100.98509638509, 54.2204958791815], 
            [-100.98509638509, 54.1304737423694], 
            [-101.030107453496, 54.1304737423694], 
            [-101.030107453496, 54.0854626739633], 
            [-101.075118521902, 54.0854626739633], 
            [-101.075118521902, 53.9954315439307], 
            [-101.120129590308, 53.9954315439307], 
            [-101.120129590308, 53.9504204755246], 
            [-101.165149651935, 53.9504204755246], 
            [-101.165149651935, 53.9054094071186], 
            [-101.210160720341, 53.9054094071186], 
            [-101.210160720341, 53.8603983387125], 
            [-101.255171788747, 53.8603983387125], 
            [-101.255171788747, 53.8153872703064], 
            [-101.345193925559, 53.8153872703064], 
            [-101.345193925559, 53.7703762019003], 
            [-101.390204993965, 53.7703762019003], 
            [-101.390204993965, 53.7253651334942], 
            [-101.480227130777, 53.7253651334942], 
            [-101.480227130777, 53.6803450718676], 
            [-101.615269329216, 53.6803450718676], 
            [-101.615269329216, 53.6353340034616]
          ]
        ]
      }, 
      "properties" : {
        "OBJECTID" : 4, 
        "Id" : 4, 
        "gridcode" : 1, 
        "Unixtime" : 1785913200, 
        "Timestamp" : 1785913200000, 
        "Shape__Area" : 75943035318.34375, 
        "Shape__Length" : 1268401.8406059295
      }
    }, 
    {
      "type" : "Feature", 
      "id" : 6, 
      "geometry" : 
      {
        "type" : "Polygon", 
        "coordinates" : 
        [
          [
            [-125.719285516613, 55.1207352337441], 
            [-125.985493835472, 54.8276281924872], 
            [-126.104698972679, 54.5544591209917], 
            [-126.178623244867, 54.2723597815788], 
            [-126.207509468987, 53.9394667330034], 
            [-126.170223576956, 53.5890998570728], 
            [-126.113566288054, 53.4436075364587], 
            [-126.056873026269, 53.320256524619], 
            [-126.28193736152, 53.320256524619], 
            [-126.28193736152, 53.3652675930251], 
            [-126.552003771956, 53.3652675930251], 
            [-126.552003771956, 53.4102786614312], 
            [-126.777068107207, 53.4102786614312], 
            [-126.777068107207, 53.4552897298373], 
            [-126.957112380832, 53.4552897298373], 
            [-126.957112380832, 53.5003007982433], 
            [-127.182176716083, 53.5003007982433], 
            [-127.182176716083, 53.5453118666494], 
            [-127.632296393364, 53.5453118666494], 
            [-127.632296393364, 53.5003007982433], 
            [-127.722327523396, 53.5003007982433], 
            [-127.722327523396, 53.4552897298373], 
            [-127.767338591803, 53.4552897298373], 
            [-127.767338591803, 53.4102786614312], 
            [-127.812349660209, 53.4102786614312], 
            [-127.812349660209, 53.3652675930251], 
            [-127.857360728615, 53.3652675930251], 
            [-127.857360728615, 53.320256524619], 
            [-127.902371797021, 53.320256524619], 
            [-127.902371797021, 53.2752364629924], 
            [-127.992393933833, 53.2752364629924], 
            [-127.992393933833, 53.2302253945864], 
            [-128.037405002239, 53.2302253945864], 
            [-128.037405002239, 53.1852143261803], 
            [-128.127436132272, 53.1852143261803], 
            [-128.127436132272, 53.1402032577742], 
            [-128.217458269084, 53.1402032577742], 
            [-128.217458269084, 53.0951921893681], 
            [-128.397502542708, 53.0951921893681], 
            [-128.397502542708, 53.0501811209621], 
            [-128.712589014771, 53.0501811209621], 
            [-128.712589014771, 53.0951921893681], 
            [-128.892642281616, 53.0951921893681], 
            [-128.892642281616, 53.1402032577742], 
            [-128.982664418428, 53.1402032577742], 
            [-128.982664418428, 53.1852143261803], 
            [-129.07268655524, 53.1852143261803], 
            [-129.07268655524, 53.2302253945864], 
            [-129.117697623646, 53.2302253945864], 
            [-129.117697623646, 53.2752364629924], 
            [-129.207728753679, 53.2752364629924], 
            [-129.207728753679, 53.320256524619], 
            [-129.252739822085, 53.320256524619], 
            [-129.252739822085, 53.3652675930251], 
            [-129.297750890491, 53.3652675930251], 
            [-129.297750890491, 53.4102786614312], 
            [-129.342761958897, 53.4102786614312], 
            [-129.342761958897, 53.5003007982433], 
            [-129.387773027303, 53.5003007982433], 
            [-129.387773027303, 53.5453118666494], 
            [-129.432784095709, 53.5453118666494], 
            [-129.432784095709, 53.6353340034616], 
            [-129.477795164115, 53.6353340034616], 
            [-129.477795164115, 53.7253651334942], 
            [-129.522806232522, 53.7253651334942], 
            [-129.522806232522, 53.8153872703064], 
            [-129.567826294148, 53.8153872703064], 
            [-129.567826294148, 54.0404426123368], 
            [-129.612837362554, 54.0404426123368], 
            [-129.612837362554, 54.4005401528059], 
            [-129.567826294148, 54.4005401528059], 
            [-129.567826294148, 54.6256044880568], 
            [-129.522806232522, 54.6256044880568], 
            [-129.522806232522, 54.7156266248689], 
            [-129.477795164115, 54.7156266248689], 
            [-129.477795164115, 54.8506688233076], 
            [-129.432784095709, 54.8506688233076], 
            [-129.432784095709, 54.8956798917137], 
            [-129.387773027303, 54.8956798917137], 
            [-129.387773027303, 54.9857020285259], 
            [-129.342761958897, 54.9857020285259], 
            [-129.342761958897, 55.0307130969319], 
            [-129.297750890491, 55.0307130969319], 
            [-129.297750890491, 55.0757241653381], 
            [-129.252739822085, 55.0757241653381], 
            [-129.252739822085, 55.1207352337441], 
            [-129.207728753679, 55.1207352337441], 
            [-129.207728753679, 55.1657552953707], 
            [-129.162708692052, 55.1657552953707], 
            [-129.162708692052, 55.2107663637768], 
            [-129.07268655524, 55.2107663637768], 
            [-129.07268655524, 55.2557774321828], 
            [-128.982664418428, 55.2557774321828], 
            [-128.982664418428, 55.3007885005889], 
            [-128.892642281616, 55.3007885005889], 
            [-128.892642281616, 55.345799568995], 
            [-128.622566877959, 55.345799568995], 
            [-128.622566877959, 55.3908106374011], 
            [-128.487533672741, 55.3908106374011], 
            [-128.487533672741, 55.345799568995], 
            [-128.26246933749, 55.345799568995], 
            [-128.26246933749, 55.3007885005889], 
            [-128.127436132272, 55.3007885005889], 
            [-128.127436132272, 55.2557774321828], 
            [-128.037405002239, 55.2557774321828], 
            [-128.037405002239, 55.2107663637768], 
            [-127.992393933833, 55.2107663637768], 
            [-127.992393933833, 55.1657552953707], 
            [-127.947382865427, 55.1657552953707], 
            [-127.947382865427, 55.1207352337441], 
            [-127.812349660209, 55.1207352337441], 
            [-127.812349660209, 55.0757241653381], 
            [-127.632296393364, 55.0757241653381], 
            [-127.632296393364, 55.0307130969319], 
            [-127.542274256552, 55.0307130969319], 
            [-127.542274256552, 55.0757241653381], 
            [-127.317209921301, 55.0757241653381], 
            [-127.317209921301, 55.1207352337441], 
            [-127.137165647676, 55.1207352337441], 
            [-127.137165647676, 55.1657552953707], 
            [-127.002132442458, 55.1657552953707], 
            [-127.002132442458, 55.2107663637768], 
            [-126.687045970395, 55.2107663637768], 
            [-126.687045970395, 55.2557774321828], 
            [-126.461981635144, 55.2557774321828], 
            [-126.461981635144, 55.2107663637768], 
            [-126.056873026269, 55.2107663637768], 
            [-126.056873026269, 55.1657552953707], 
            [-125.831808691018, 55.1657552953707], 
            [-125.831808691018, 55.1207352337441], 
            [-125.719285516613, 55.1207352337441]
          ]
        ]
      }, 
      "properties" : {
        "OBJECTID" : 6, 
        "Id" : 6, 
        "gridcode" : 1, 
        "Unixtime" : 1785913200, 
        "Timestamp" : 1785913200000, 
        "Shape__Area" : 136736132760.63281, 
        "Shape__Length" : 1903971.5141037281
      }
    }, 
    {
      "type" : "Feature", 
      "id" : 7, 
      "geometry" : 
      {
        "type" : "Polygon", 
        "coordinates" : 
        [
          [
            [-60.1590590933025, 52.4200081768359], 
            [-60.644396221908, 52.4298107871382], 
            [-60.6640014425125, 52.4552166349399], 
            [-60.7794294271263, 52.4748218555443], 
            [-60.7990346477308, 52.5002277033459], 
            [-60.8244404955324, 52.5198329239504], 
            [-60.8440457161368, 52.545238771752], 
            [-60.9144626323446, 52.5648529855769], 
            [-60.9340768461694, 52.5902498401581], 
            [-60.9594737007506, 52.609864053983], 
            [-60.9790879145755, 52.6352699017846], 
            [-61.0044937623772, 52.654875122389], 
            [-61.0240989829816, 52.6802809701907], 
            [-61.0495048307832, 52.6998861907951], 
            [-61.0691100513877, 52.7703031070028], 
            [-61.0945158991893, 52.7899083276073], 
            [-61.1141211197938, 52.815314175409], 
            [-61.1395269675954, 52.8349193960134], 
            [-61.1591321881999, 52.9053363122211], 
            [-61.1845380360015, 52.924950526046], 
            [-61.204143256606, 53.0853895790659], 
            [-61.2491633182325, 53.1201303897058], 
            [-61.2295491044076, 53.4004760511289], 
            [-61.204143256606, 53.4200812717334], 
            [-61.1845380360015, 53.5355092563472], 
            [-61.1591321881999, 53.5551144769516], 
            [-61.1395269675954, 53.6255313931593], 
            [-61.1141211197938, 53.6451456069843], 
            [-61.0945158991893, 53.7155535299715], 
            [-61.0691100513877, 53.7351677437964], 
            [-61.0495048307832, 53.7605735915981], 
            [-61.0240989829816, 53.7801788122025], 
            [-61.0044937623772, 53.8055846600041], 
            [-60.9790879145755, 53.8251898806086], 
            [-60.9594737007506, 53.8505957284102], 
            [-60.9340768461694, 53.8702009490146], 
            [-60.9144626323446, 53.8956067968163], 
            [-60.8890657777634, 53.9152120174207], 
            [-60.8694515639385, 53.9406178652224], 
            [-60.8440457161368, 53.9602230858268], 
            [-60.8244404955324, 53.9856289336284], 
            [-60.7540235793247, 54.0052431474534], 
            [-60.7344183587202, 54.0306400020345], 
            [-60.6189903741064, 54.0502542158595], 
            [-60.5842495634665, 54.0952652842656], 
            [-60.123859628419, 54.0756510704406], 
            [-60.1042454145941, 54.0502542158595], 
            [-60.0338284983864, 54.0306400020345], 
            [-60.014223277782, 54.0052431474534], 
            [-59.9438063615743, 53.9856289336284], 
            [-59.9242011409698, 53.9602230858268], 
            [-59.8987952931682, 53.9406178652224], 
            [-59.8791900725638, 53.9152120174207], 
            [-59.808773156356, 53.8956067968163], 
            [-59.7891589425311, 53.8702009490146], 
            [-59.744147874125, 53.8354601383748], 
            [-59.7761997118471, 53.7818875240901], 
            [-59.949265246394, 53.7524886864039], 
            [-59.9403529649173, 53.6922161228758], 
            [-60.014223277782, 53.6480414239726], 
            [-60.0338284983864, 53.622635576171], 
            [-60.0611139292644, 53.6015824470724], 
            [-60.0304650339341, 53.5779212840401], 
            [-60.0371110238546, 53.532910215634], 
            [-60.0113274607936, 53.5129992255339], 
            [-59.9836912943177, 53.445487119535], 
            [-59.9635464804856, 53.4942933269755], 
            [-59.9714425280502, 53.547704063292], 
            [-59.8552321332563, 53.564881114372], 
            [-59.7764605152405, 53.5532438870958], 
            [-59.7125187177646, 53.5626867685796], 
            [-59.5837088211051, 53.5355092563472], 
            [-59.5641036005007, 53.3750702033273], 
            [-59.5190925320946, 53.3403293926874], 
            [-59.5386977526991, 53.1950169364825], 
            [-59.5641036005007, 53.1754117158781], 
            [-59.5837088211051, 52.9699615944521], 
            [-59.6091146689068, 52.9503473806272], 
            [-59.6287198895112, 52.8799304644195], 
            [-59.6541257373129, 52.860325243815], 
            [-59.6737309579173, 52.7899083276073], 
            [-59.6991368057189, 52.7703031070028], 
            [-59.7187420263234, 52.7448972592013], 
            [-59.744147874125, 52.7252920385968], 
            [-59.7637620879499, 52.6998861907951], 
            [-59.7891589425311, 52.6802809701907], 
            [-59.808773156356, 52.654875122389], 
            [-59.8341700109372, 52.6352699017846], 
            [-59.8537842247621, 52.609864053983], 
            [-59.8791900725638, 52.5902498401581], 
            [-59.8987952931682, 52.5648529855769], 
            [-59.9242011409698, 52.545238771752], 
            [-59.9438063615743, 52.5198329239504], 
            [-60.014223277782, 52.5002277033459], 
            [-60.0338284983864, 52.4748218555443], 
            [-60.1492564830002, 52.4552166349399], 
            [-60.1590590933025, 52.4200081768359]
          ]
        ]
      }, 
      "properties" : {
        "OBJECTID" : 7, 
        "Id" : 7, 
        "gridcode" : 1, 
        "Unixtime" : 1785913200, 
        "Timestamp" : 1785913200000, 
        "Shape__Area" : 44769541207.40625, 
        "Shape__Length" : 931687.915202595
      }
    }, 
    {
      "type" : "Feature", 
      "id" : 9, 
      "geometry" : 
      {
        "type" : "Polygon", 
        "coordinates" : 
        [
          [
            [-66.7758480269648, 51.834846301116], 
            [-67.0909344990279, 51.834846301116], 
            [-67.0909344990279, 51.8798663627425], 
            [-67.2709877658726, 51.8798663627425], 
            [-67.2709877658726, 51.9248774311486], 
            [-67.3610099026848, 51.9248774311486], 
            [-67.3610099026848, 51.9698884995547], 
            [-67.451032039497, 51.9698884995547], 
            [-67.451032039497, 52.0148995679607], 
            [-67.4960431079031, 52.0148995679607], 
            [-67.4960431079031, 52.0599106363668], 
            [-67.5410541763091, 52.0599106363668], 
            [-67.5410541763091, 52.104921704773], 
            [-67.6310853063417, 52.104921704773], 
            [-67.6310853063417, 52.1949438415851], 
            [-67.6760963747478, 52.1949438415851], 
            [-67.6760963747478, 52.2399639032117], 
            [-67.7211074431539, 52.2399639032117], 
            [-67.7211074431539, 52.2849749716177], 
            [-67.76611851156, 52.2849749716177], 
            [-67.76611851156, 52.3749971084299], 
            [-67.8111295799661, 52.3749971084299], 
            [-67.8111295799661, 52.465019245242], 
            [-67.8561406483722, 52.465019245242], 
            [-67.8561406483722, 52.6000614436808], 
            [-67.9011517167783, 52.6000614436808], 
            [-67.9011517167783, 53.005170052556], 
            [-67.8561406483722, 53.005170052556], 
            [-67.8561406483722, 53.1402032577742], 
            [-67.8111295799661, 53.1402032577742], 
            [-67.8111295799661, 53.2752364629924], 
            [-67.76611851156, 53.2752364629924], 
            [-67.76611851156, 53.320256524619], 
            [-67.7211074431539, 53.320256524619], 
            [-67.7211074431539, 53.4102786614312], 
            [-67.6760963747478, 53.4102786614312], 
            [-67.6760963747478, 53.4552897298373], 
            [-67.6310853063417, 53.4552897298373], 
            [-67.6310853063417, 53.5003007982433], 
            [-67.5860742379357, 53.5003007982433], 
            [-67.5860742379357, 53.5453118666494], 
            [-67.5410541763091, 53.5453118666494], 
            [-67.5410541763091, 53.5903229350555], 
            [-67.4960431079031, 53.5903229350555], 
            [-67.4960431079031, 53.6353340034616], 
            [-67.4060209710909, 53.6353340034616], 
            [-67.4060209710909, 53.6803450718676], 
            [-67.3159988342787, 53.6803450718676], 
            [-67.3159988342787, 53.7253651334942], 
            [-67.2259766974665, 53.7253651334942], 
            [-67.2259766974665, 53.7703762019003], 
            [-67.0459234306218, 53.7703762019003], 
            [-67.0459234306218, 53.8153872703064], 
            [-66.7758480269648, 53.8153872703064], 
            [-66.7758480269648, 53.7703762019003], 
            [-66.5958037533405, 53.7703762019003], 
            [-66.5958037533405, 53.7253651334942], 
            [-66.4607705481222, 53.7253651334942], 
            [-66.4607705481222, 53.6803450718676], 
            [-66.3707394180896, 53.6803450718676], 
            [-66.3707394180896, 53.6353340034616], 
            [-66.3257283496835, 53.6353340034616], 
            [-66.3257283496835, 53.5903229350555], 
            [-66.2807172812775, 53.5903229350555], 
            [-66.2807172812775, 53.5453118666494], 
            [-66.2357062128714, 53.5453118666494], 
            [-66.2357062128714, 53.5003007982433], 
            [-66.1906951444653, 53.5003007982433], 
            [-66.1906951444653, 53.4552897298373], 
            [-66.1456840760592, 53.4552897298373], 
            [-66.1456840760592, 53.4102786614312], 
            [-66.1006730076531, 53.4102786614312], 
            [-66.1006730076531, 53.3652675930251], 
            [-66.0556529460266, 53.3652675930251], 
            [-66.0556529460266, 53.2752364629924], 
            [-66.0106418776205, 53.2752364629924], 
            [-66.0106418776205, 53.1852143261803], 
            [-65.9656308092144, 53.1852143261803], 
            [-65.9656308092144, 53.005170052556], 
            [-65.9206197408083, 53.005170052556], 
            [-65.9206197408083, 52.6450725120869], 
            [-65.9656308092144, 52.6450725120869], 
            [-65.9656308092144, 52.465019245242], 
            [-66.0106418776205, 52.465019245242], 
            [-66.0106418776205, 52.3749971084299], 
            [-66.0556529460266, 52.3749971084299], 
            [-66.0556529460266, 52.2849749716177], 
            [-66.1006730076531, 52.2849749716177], 
            [-66.1006730076531, 52.2399639032117], 
            [-66.1456840760592, 52.2399639032117], 
            [-66.1456840760592, 52.1949438415851], 
            [-66.1906951444653, 52.1949438415851], 
            [-66.1906951444653, 52.149932773179], 
            [-66.2357062128714, 52.149932773179], 
            [-66.2357062128714, 52.104921704773], 
            [-66.2807172812775, 52.104921704773], 
            [-66.2807172812775, 52.0599106363668], 
            [-66.3257283496835, 52.0599106363668], 
            [-66.3257283496835, 52.0148995679607], 
            [-66.4157504864957, 52.0148995679607], 
            [-66.4157504864957, 51.9698884995547], 
            [-66.4607705481222, 51.9698884995547], 
            [-66.4607705481222, 51.9248774311486], 
            [-66.5958037533405, 51.9248774311486], 
            [-66.5958037533405, 51.8798663627425], 
            [-66.7758480269648, 51.8798663627425], 
            [-66.7758480269648, 51.834846301116]
          ]
        ]
      }, 
      "properties" : {
        "OBJECTID" : 9, 
        "Id" : 9, 
        "gridcode" : 1, 
        "Unixtime" : 1785913200, 
        "Timestamp" : 1785913200000, 
        "Shape__Area" : 62291400576.421875, 
        "Shape__Length" : 1170846.8929371517
      }
    }, 
    {
      "type" : "Feature", 
      "id" : 10, 
      "geometry" : 
      {
        "type" : "Polygon", 
        "coordinates" : 
        [
          [
            [-90.2271902326431, 50.1694007972091], 
            [-90.5872877731122, 50.1694007972091], 
            [-90.5872877731122, 50.2144118656152], 
            [-90.7673320467365, 50.2144118656152], 
            [-90.7673320467365, 50.2594229340212], 
            [-90.8573631767691, 50.2594229340212], 
            [-90.8573631767691, 50.3044340024273], 
            [-90.9473853135813, 50.3044340024273], 
            [-90.9473853135813, 50.3494450708334], 
            [-90.9923963819874, 50.3494450708334], 
            [-90.9923963819874, 50.39446513246], 
            [-91.0374074503935, 50.39446513246], 
            [-91.0374074503935, 50.4394762008661], 
            [-91.0824185187996, 50.4394762008661], 
            [-91.0824185187996, 50.4844872692722], 
            [-91.1274295872057, 50.4844872692722], 
            [-91.1274295872057, 50.5294983376782], 
            [-91.1724496488322, 50.5294983376782], 
            [-91.1724496488322, 50.5745094060843], 
            [-91.2174607172382, 50.5745094060843], 
            [-91.2174607172382, 50.6645315428965], 
            [-91.2624717856443, 50.6645315428965], 
            [-91.2624717856443, 50.7095426113025], 
            [-91.3074828540504, 50.7095426113025], 
            [-91.3074828540504, 50.8445848097413], 
            [-91.3524939224565, 50.8445848097413], 
            [-91.3524939224565, 51.0246290833656], 
            [-91.3975049908626, 51.0246290833656], 
            [-91.3975049908626, 51.4747577538673], 
            [-91.3524939224565, 51.4747577538673], 
            [-91.3524939224565, 51.6097909590856], 
            [-91.3074828540504, 51.6097909590856], 
            [-91.3074828540504, 51.7448241643038], 
            [-91.2624717856443, 51.7448241643038], 
            [-91.2624717856443, 51.834846301116], 
            [-91.2174607172382, 51.834846301116], 
            [-91.2174607172382, 51.8798663627425], 
            [-91.1724496488322, 51.8798663627425], 
            [-91.1724496488322, 51.9698884995547], 
            [-91.1274295872057, 51.9698884995547], 
            [-91.1274295872057, 52.0148995679607], 
            [-91.0824185187996, 52.0148995679607], 
            [-91.0824185187996, 52.0599106363668], 
            [-91.0374074503935, 52.0599106363668], 
            [-91.0374074503935, 52.104921704773], 
            [-90.9923963819874, 52.104921704773], 
            [-90.9923963819874, 52.149932773179], 
            [-90.9473853135813, 52.149932773179], 
            [-90.9473853135813, 52.1949438415851], 
            [-90.9023742451752, 52.1949438415851], 
            [-90.9023742451752, 52.2399639032117], 
            [-90.812352108363, 52.2399639032117], 
            [-90.812352108363, 52.2849749716177], 
            [-90.7223209783304, 52.2849749716177], 
            [-90.7223209783304, 52.3299860400238], 
            [-90.6322988415183, 52.3299860400238], 
            [-90.6322988415183, 52.3749971084299], 
            [-90.4522545678939, 52.3749971084299], 
            [-90.4522545678939, 52.4200081768359], 
            [-90.0921570274248, 52.4200081768359], 
            [-90.0921570274248, 52.3749971084299], 
            [-89.91210376058, 52.3749971084299], 
            [-89.91210376058, 52.3299860400238], 
            [-89.7770705553618, 52.3299860400238], 
            [-89.7770705553618, 52.2849749716177], 
            [-89.7320594869557, 52.2849749716177], 
            [-89.7320594869557, 52.2399639032117], 
            [-89.642028356923, 52.2399639032117], 
            [-89.642028356923, 52.1949438415851], 
            [-89.597017288517, 52.1949438415851], 
            [-89.597017288517, 52.149932773179], 
            [-89.5520062201109, 52.149932773179], 
            [-89.5520062201109, 52.104921704773], 
            [-89.5069951517048, 52.104921704773], 
            [-89.5069951517048, 52.0599106363668], 
            [-89.4619840832988, 52.0599106363668], 
            [-89.4619840832988, 52.0148995679607], 
            [-89.4169730148927, 52.0148995679607], 
            [-89.4169730148927, 51.9698884995547], 
            [-89.3719619464866, 51.9698884995547], 
            [-89.3719619464866, 51.9248774311486], 
            [-89.3269508780805, 51.9248774311486], 
            [-89.3269508780805, 51.834846301116], 
            [-89.2819308164539, 51.834846301116], 
            [-89.2819308164539, 51.7448241643038], 
            [-89.2369197480479, 51.7448241643038], 
            [-89.2369197480479, 51.5647798906795], 
            [-89.1919086796418, 51.5647798906795], 
            [-89.1919086796418, 51.1146602133982], 
            [-89.2369197480479, 51.1146602133982], 
            [-89.2369197480479, 50.9346069465534], 
            [-89.2819308164539, 50.9346069465534], 
            [-89.2819308164539, 50.8445848097413], 
            [-89.3269508780805, 50.8445848097413], 
            [-89.3269508780805, 50.7545626729291], 
            [-89.3719619464866, 50.7545626729291], 
            [-89.3719619464866, 50.7095426113025], 
            [-89.4169730148927, 50.7095426113025], 
            [-89.4169730148927, 50.6195204744904], 
            [-89.4619840832988, 50.6195204744904], 
            [-89.4619840832988, 50.5745094060843], 
            [-89.5069951517048, 50.5745094060843], 
            [-89.5069951517048, 50.5294983376782], 
            [-89.5520062201109, 50.5294983376782], 
            [-89.5520062201109, 50.4844872692722], 
            [-89.597017288517, 50.4844872692722], 
            [-89.597017288517, 50.4394762008661], 
            [-89.6870394253291, 50.4394762008661], 
            [-89.6870394253291, 50.39446513246], 
            [-89.7320594869557, 50.39446513246], 
            [-89.7320594869557, 50.3494450708334], 
            [-89.8220816237679, 50.3494450708334], 
            [-89.8220816237679, 50.3044340024273], 
            [-89.91210376058, 50.3044340024273], 
            [-89.91210376058, 50.2594229340212], 
            [-90.0471369657983, 50.2594229340212], 
            [-90.0471369657983, 50.2144118656152], 
            [-90.2271902326431, 50.2144118656152], 
            [-90.2271902326431, 50.1694007972091]
          ]
        ]
      }, 
      "properties" : {
        "OBJECTID" : 10, 
        "Id" : 10, 
        "gridcode" : 1, 
        "Unixtime" : 1785913200, 
        "Timestamp" : 1785913200000, 
        "Shape__Area" : 76981635798.3125, 
        "Shape__Length" : 1292576.9153581169
      }
    }, 
    {
      "type" : "Feature", 
      "id" : 11, 
      "geometry" : 
      {
        "type" : "Polygon", 
        "coordinates" : 
        [
          [
            [-115.298966873822, 49.539227853083], 
            [-115.298966873822, 49.854314325146], 
            [-115.343977942228, 49.854314325146], 
            [-115.343977942228, 49.9893475303643], 
            [-115.388989010634, 49.9893475303643], 
            [-115.388989010634, 50.079378660397], 
            [-115.43400007904, 50.079378660397], 
            [-115.43400007904, 50.1694007972091], 
            [-115.479011147446, 50.1694007972091], 
            [-115.479011147446, 50.2594229340212], 
            [-115.524031209073, 50.2594229340212], 
            [-115.524031209073, 50.3494450708334], 
            [-115.569042277479, 50.3494450708334], 
            [-115.569042277479, 50.39446513246], 
            [-115.614053345885, 50.39446513246], 
            [-115.614053345885, 50.4844872692722], 
            [-115.659064414291, 50.4844872692722], 
            [-115.659064414291, 50.5745094060843], 
            [-115.704075482697, 50.5745094060843], 
            [-115.704075482697, 50.6195204744904], 
            [-115.749086551103, 50.6195204744904], 
            [-115.749086551103, 50.7095426113025], 
            [-115.79409761951, 50.7095426113025], 
            [-115.79409761951, 50.7545626729291], 
            [-115.839108687916, 50.7545626729291], 
            [-115.839108687916, 50.8445848097413], 
            [-115.884119756322, 50.8445848097413], 
            [-115.884119756322, 50.8895958781474], 
            [-115.839108687916, 50.8895958781474], 
            [-115.839108687916, 50.9346069465534], 
            [-115.749086551103, 50.9346069465534], 
            [-115.749086551103, 50.9796180149595], 
            [-115.614053345885, 50.9796180149595], 
            [-115.614053345885, 50.9346069465534], 
            [-115.524031209073, 50.9346069465534], 
            [-115.524031209073, 50.8895958781474], 
            [-115.43400007904, 50.8895958781474], 
            [-115.43400007904, 50.8445848097413], 
            [-115.388989010634, 50.8445848097413], 
            [-115.388989010634, 50.7995737413352], 
            [-115.343977942228, 50.7995737413352], 
            [-115.343977942228, 50.7545626729291], 
            [-115.298966873822, 50.7545626729291], 
            [-115.298966873822, 50.7095426113025], 
            [-115.253955805416, 50.7095426113025], 
            [-115.253955805416, 50.6645315428965], 
            [-115.20894473701, 50.6645315428965], 
            [-115.20894473701, 50.6195204744904], 
            [-115.163933668604, 50.6195204744904], 
            [-115.163933668604, 50.5294983376782], 
            [-115.118913606977, 50.5294983376782], 
            [-115.118913606977, 50.4844872692722], 
            [-115.073902538571, 50.4844872692722], 
            [-115.073902538571, 50.4394762008661], 
            [-115.028891470165, 50.4394762008661], 
            [-115.028891470165, 50.3494450708334], 
            [-114.983880401759, 50.3494450708334], 
            [-114.983880401759, 50.3044340024273], 
            [-114.938869333353, 50.3044340024273], 
            [-114.938869333353, 50.2594229340212], 
            [-114.893858264947, 50.2594229340212], 
            [-114.893858264947, 50.2144118656152], 
            [-114.848847196541, 50.2144118656152], 
            [-114.848847196541, 50.124389728803], 
            [-114.803836128135, 50.124389728803], 
            [-114.803836128135, 50.079378660397], 
            [-114.758816066508, 50.079378660397], 
            [-114.758816066508, 50.0343675919909], 
            [-114.713804998102, 50.0343675919909], 
            [-114.713804998102, 49.9443364619582], 
            [-114.668793929696, 49.9443364619582], 
            [-114.668793929696, 49.8993253935521], 
            [-114.62378286129, 49.8993253935521], 
            [-114.62378286129, 49.6742700515217], 
            [-114.668793929696, 49.6742700515217], 
            [-114.668793929696, 49.6292589831157], 
            [-114.713804998102, 49.6292589831157], 
            [-114.713804998102, 49.5842389214891], 
            [-114.758816066508, 49.5842389214891], 
            [-114.758816066508, 49.539227853083], 
            [-114.983880401759, 49.539227853083], 
            [-114.983880401759, 49.494216784677], 
            [-115.118913606977, 49.494216784677], 
            [-115.118913606977, 49.539227853083], 
            [-115.298966873822, 49.539227853083]
          ]
        ]
      }, 
      "properties" : {
        "OBJECTID" : 11, 
        "Id" : 11, 
        "gridcode" : 1, 
        "Unixtime" : 1785913200, 
        "Timestamp" : 1785913200000, 
        "Shape__Area" : 15765735872.875, 
        "Shape__Length" : 797699.437264299
      }
    }, 
    {
      "type" : "Feature", 
      "id" : 12, 
      "geometry" : 
      {
        "type" : "Polygon", 
        "coordinates" : 
        [
          [
            [-124.053831019486, 49.494216784677], 
            [-124.00881995108, 49.494216784677], 
            [-124.00881995108, 49.4717157470841], 
            [-124.053831019486, 49.4717157470841], 
            [-124.053831019486, 49.494216784677]
          ]
        ]
      }, 
      "properties" : {
        "OBJECTID" : 12, 
        "Id" : 12, 
        "gridcode" : 1, 
        "Unixtime" : 1785913200, 
        "Timestamp" : 1785913200000, 
        "Shape__Area" : 19318293.359375, 
        "Shape__Length" : 17732.174331696704
      }
    }, 
    {
      "type" : "Feature", 
      "id" : 13, 
      "geometry" : 
      {
        "type" : "Polygon", 
        "coordinates" : 
        [
          [
            [-123.986309920267, 49.4492057162708], 
            [-124.00881995108, 49.4492057162708], 
            [-124.00881995108, 49.4717157470841], 
            [-123.986309920267, 49.4717157470841], 
            [-123.986309920267, 49.4492057162708]
          ]
        ]
      }, 
      "properties" : {
        "OBJECTID" : 13, 
        "Id" : 13, 
        "gridcode" : 1, 
        "Unixtime" : 1785913200, 
        "Timestamp" : 1785913200000, 
        "Shape__Area" : 9660498.4375, 
        "Shape__Length" : 12722.104790885001
      }
    }, 
    {
      "type" : "Feature", 
      "id" : 14, 
      "geometry" : 
      {
        "type" : "Polygon", 
        "coordinates" : 
        [
          [
            [-123.963808882674, 49.4492057162708], 
            [-123.94129885186, 49.4492057162708], 
            [-123.952558363877, 49.4203824446941], 
            [-123.963808882674, 49.4492057162708]
          ]
        ]
      }, 
      "properties" : {
        "OBJECTID" : 14, 
        "Id" : 14, 
        "gridcode" : 1, 
        "Unixtime" : 1785913200, 
        "Timestamp" : 1785913200000, 
        "Shape__Area" : 6181720.4609375, 
        "Shape__Length" : 12686.831929140249
      }
    }, 
    {
      "type" : "Feature", 
      "id" : 15, 
      "geometry" : 
      {
        "type" : "Polygon", 
        "coordinates" : 
        [
          [
            [-124.323906423143, 49.4266956854576], 
            [-124.300002443158, 49.5041183204042], 
            [-124.098842087892, 49.5167268154902], 
            [-124.070738273952, 49.494216784677], 
            [-124.111342664332, 49.4617062927113], 
            [-124.156155881888, 49.405741481784], 
            [-124.323906423143, 49.4266956854576]
          ]
        ]
      }, 
      "properties" : {
        "OBJECTID" : 15, 
        "Id" : 15, 
        "gridcode" : 1, 
        "Unixtime" : 1785913200, 
        "Timestamp" : 1785913200000, 
        "Shape__Area" : 368811867.4375, 
        "Shape__Length" : 77979.63690590355
      }
    }, 
    {
      "type" : "Feature", 
      "id" : 17, 
      "geometry" : 
      {
        "type" : "Polygon", 
        "coordinates" : 
        [
          [
            [-123.356145969361, 49.3141725110526], 
            [-123.338663148785, 49.4170639463441], 
            [-123.268552002073, 49.4590083265731], 
            [-123.223001340439, 49.3999948139096], 
            [-123.235519903321, 49.3152786771693], 
            [-123.266114839328, 49.2916624802394], 
            [-123.266114839328, 49.3141725110526], 
            [-123.356145969361, 49.3141725110526]
          ]
        ]
      }, 
      "properties" : {
        "OBJECTID" : 17, 
        "Id" : 17, 
        "gridcode" : 1, 
        "Unixtime" : 1785913200, 
        "Timestamp" : 1785913200000, 
        "Shape__Area" : 278259776.65625, 
        "Shape__Length" : 73291.356171521373
      }
    }, 
    {
      "type" : "Feature", 
      "id" : 18, 
      "geometry" : 
      {
        "type" : "Polygon", 
        "coordinates" : 
        [
          [
            [-123.311134900955, 49.2691614426465], 
            [-123.311134900955, 49.2916624802394], 
            [-123.266114839328, 49.2916624802394], 
            [-123.266114839328, 49.2691614426465], 
            [-123.311134900955, 49.2691614426465]
          ]
        ]
      }, 
      "properties" : {
        "OBJECTID" : 18, 
        "Id" : 18, 
        "gridcode" : 1, 
        "Unixtime" : 1785913200, 
        "Timestamp" : 1785913200000, 
        "Shape__Area" : 19242671.5625, 
        "Shape__Length" : 17702.457597214729
      }
    }, 
    {
      "type" : "Feature", 
      "id" : 20, 
      "geometry" : 
      {
        "type" : "Polygon", 
        "coordinates" : 
        [
          [
            [-124.931569336456, 53.320256524619], 
            [-124.920948343091, 53.399657668067], 
            [-124.879030942524, 53.6752459158664], 
            [-124.830926206279, 54.097342718192], 
            [-124.769223720698, 54.6057924233817], 
            [-124.751525062831, 54.8506688233076], 
            [-124.30139639233, 54.8506688233076], 
            [-124.30139639233, 54.8956798917137], 
            [-123.626212379797, 54.8956798917137], 
            [-123.626212379797, 54.8506688233076], 
            [-123.311134900955, 54.8506688233076], 
            [-123.311134900955, 54.8956798917137], 
            [-123.266114839328, 54.8956798917137], 
            [-123.266114839328, 54.9406909601198], 
            [-123.176092702516, 54.9406909601198], 
            [-123.176092702516, 54.9857020285259], 
            [-123.086070565704, 54.9857020285259], 
            [-123.086070565704, 55.0307130969319], 
            [-122.996048428892, 55.0307130969319], 
            [-122.996048428892, 55.0757241653381], 
            [-122.90602629208, 55.0757241653381], 
            [-122.90602629208, 55.1207352337441], 
            [-122.770984093641, 55.1207352337441], 
            [-122.770984093641, 55.1657552953707], 
            [-122.635950888423, 55.1657552953707], 
            [-122.635950888423, 55.2107663637768], 
            [-122.500908689984, 55.2107663637768], 
            [-122.500908689984, 55.2557774321828], 
            [-122.365875484766, 55.2557774321828], 
            [-122.365875484766, 55.3007885005889], 
            [-122.32086441636, 55.3007885005889], 
            [-122.32086441636, 55.345799568995], 
            [-122.275853347954, 55.345799568995], 
            [-122.275853347954, 55.3908106374011], 
            [-122.230842279548, 55.3908106374011], 
            [-122.230842279548, 55.4358217058071], 
            [-122.185831211141, 55.4358217058071], 
            [-122.185831211141, 55.5258438426193], 
            [-122.140811149515, 55.5258438426193], 
            [-122.140811149515, 55.7058971094641], 
            [-122.095800081109, 55.7058971094641], 
            [-122.095800081109, 55.9759725131211], 
            [-122.050789012703, 55.9759725131211], 
            [-122.050789012703, 56.2010278551515], 
            [-122.005777944297, 56.2010278551515], 
            [-122.005777944297, 56.3360700535902], 
            [-121.960766875891, 56.3360700535902], 
            [-121.960766875891, 56.4711032588085], 
            [-121.915755807484, 56.4711032588085], 
            [-121.915755807484, 56.5611253956206], 
            [-121.870744739078, 56.5611253956206], 
            [-121.870744739078, 56.6511565256532], 
            [-121.825733670672, 56.6511565256532], 
            [-121.825733670672, 56.6961675940593], 
            [-121.780713609046, 56.6961675940593], 
            [-121.780713609046, 56.7861897308714], 
            [-121.73570254064, 56.7861897308714], 
            [-121.73570254064, 56.8312007992776], 
            [-121.690691472234, 56.8312007992776], 
            [-121.690691472234, 56.8762118676837], 
            [-121.645680403827, 56.8762118676837], 
            [-121.645680403827, 56.9212229360897], 
            [-121.600669335421, 56.9212229360897], 
            [-121.600669335421, 56.9662340044958], 
            [-121.555658267015, 56.9662340044958], 
            [-121.555658267015, 57.0112540661223], 
            [-121.465636130203, 57.0112540661223], 
            [-121.465636130203, 57.0562651345284], 
            [-121.420616068577, 57.0562651345284], 
            [-121.420616068577, 57.1012762029345], 
            [-121.330593931764, 57.1012762029345], 
            [-121.330593931764, 57.1462872713406], 
            [-121.240571794952, 57.1462872713406], 
            [-121.240571794952, 57.1912983397466], 
            [-121.105538589734, 57.1912983397466], 
            [-121.105538589734, 57.2363094081527], 
            [-120.430354577202, 57.2363094081527], 
            [-120.430354577202, 57.1912983397466], 
            [-120.250301310357, 57.1912983397466], 
            [-120.250301310357, 57.1462872713406], 
            [-120.160279173545, 57.1462872713406], 
            [-120.160279173545, 57.1012762029345], 
            [-120.025245968327, 57.1012762029345], 
            [-120.025245968327, 57.0562651345284], 
            [-119.935214838294, 57.0562651345284], 
            [-119.935214838294, 57.0112540661223], 
            [-119.845192701482, 57.0112540661223], 
            [-119.845192701482, 56.9662340044958], 
            [-119.800181633076, 56.9662340044958], 
            [-119.800181633076, 56.9212229360897], 
            [-119.710159496264, 56.9212229360897], 
            [-119.710159496264, 56.8762118676837], 
            [-119.620137359452, 56.8762118676837], 
            [-119.620137359452, 56.8312007992776], 
            [-119.575117297825, 56.8312007992776], 
            [-119.575117297825, 56.7861897308714], 
            [-119.485095161013, 56.7861897308714], 
            [-119.485095161013, 56.7411786624654], 
            [-119.395073024201, 56.7411786624654], 
            [-119.395073024201, 56.6961675940593], 
            [-119.305050887389, 56.6961675940593], 
            [-119.305050887389, 56.6511565256532], 
            [-119.215028750576, 56.6511565256532], 
            [-119.215028750576, 56.6061364640267], 
            [-119.124997620544, 56.6061364640267], 
            [-119.124997620544, 56.5611253956206], 
            [-119.034975483732, 56.5611253956206], 
            [-119.034975483732, 56.5161143272145], 
            [-118.899942278513, 56.5161143272145], 
            [-118.899942278513, 56.4711032588085], 
            [-118.809911148481, 56.4711032588085], 
            [-118.809911148481, 56.4260921904023], 
            [-118.674877943262, 56.4260921904023], 
            [-118.674877943262, 56.3810811219963], 
            [-118.58485580645, 56.3810811219963], 
            [-118.58485580645, 56.3360700535902], 
            [-118.494833669638, 56.3360700535902], 
            [-118.494833669638, 56.2910589851841], 
            [-118.404802539605, 56.2910589851841], 
            [-118.404802539605, 56.2460389235575], 
            [-118.314780402793, 56.2460389235575], 
            [-118.314780402793, 56.2010278551515], 
            [-118.269769334387, 56.2010278551515], 
            [-118.269769334387, 56.1560167867454], 
            [-118.179747197575, 56.1560167867454], 
            [-118.179747197575, 56.1110057183393], 
            [-118.134736129169, 56.1110057183393], 
            [-118.134736129169, 56.0659946499333], 
            [-118.044704999136, 56.0659946499333], 
            [-118.044704999136, 56.0209835815272], 
            [-117.99969393073, 56.0209835815272], 
            [-117.99969393073, 55.9759725131211], 
            [-117.954682862324, 55.9759725131211], 
            [-117.954682862324, 55.930961444715], 
            [-117.909671793918, 55.930961444715], 
            [-117.909671793918, 55.8859413830884], 
            [-117.864660725512, 55.8859413830884], 
            [-117.864660725512, 55.8409303146823], 
            [-117.819649657106, 55.8409303146823], 
            [-117.819649657106, 55.7509081778702], 
            [-117.7746385887, 55.7509081778702], 
            [-117.7746385887, 55.7058971094641], 
            [-117.729618527073, 55.7058971094641], 
            [-117.729618527073, 55.660886041058], 
            [-117.684607458667, 55.660886041058], 
            [-117.684607458667, 55.5708639042459], 
            [-117.639596390261, 55.5708639042459], 
            [-117.639596390261, 55.5258438426193], 
            [-117.594585321855, 55.5258438426193], 
            [-117.594585321855, 55.4358217058071], 
            [-117.549574253449, 55.4358217058071], 
            [-117.549574253449, 55.3908106374011], 
            [-117.504563185043, 55.3908106374011], 
            [-117.504563185043, 55.3007885005889], 
            [-117.459552116637, 55.3007885005889], 
            [-117.459552116637, 55.2107663637768], 
            [-117.414541048231, 55.2107663637768], 
            [-117.414541048231, 55.1657552953707], 
            [-117.369529979825, 55.1657552953707], 
            [-117.369529979825, 55.1207352337441], 
            [-117.324509918198, 55.1207352337441], 
            [-117.324509918198, 55.0757241653381], 
            [-117.279498849792, 55.0757241653381], 
            [-117.279498849792, 55.0307130969319], 
            [-117.234487781386, 55.0307130969319], 
            [-117.234487781386, 54.9857020285259], 
            [-117.144465644574, 54.9857020285259], 
            [-117.144465644574, 54.9406909601198], 
            [-116.919401309323, 54.9406909601198], 
            [-116.919401309323, 54.8956798917137], 
            [-115.704075482697, 54.8956798917137], 
            [-115.704075482697, 54.8506688233076], 
            [-115.298966873822, 54.8506688233076], 
            [-115.298966873822, 54.8056577549016], 
            [-114.758816066508, 54.8056577549016], 
            [-114.758816066508, 54.8506688233076], 
            [-114.533760724478, 54.8506688233076], 
            [-114.533760724478, 54.8956798917137], 
            [-114.398718526039, 54.8956798917137], 
            [-114.398718526039, 54.9406909601198], 
            [-114.263685320821, 54.9406909601198], 
            [-114.263685320821, 54.9857020285259], 
            [-114.128652115603, 54.9857020285259], 
            [-114.128652115603, 55.0307130969319], 
            [-113.993609917164, 55.0307130969319], 
            [-113.993609917164, 55.0757241653381], 
            [-113.903587780352, 55.0757241653381], 
            [-113.903587780352, 55.1207352337441], 
            [-113.81356564354, 55.1207352337441], 
            [-113.81356564354, 55.1657552953707], 
            [-113.678532438321, 55.1657552953707], 
            [-113.678532438321, 55.2107663637768], 
            [-113.588501308289, 55.2107663637768], 
            [-113.588501308289, 55.2557774321828], 
            [-113.498479171476, 55.2557774321828], 
            [-113.498479171476, 55.3007885005889], 
            [-113.363445966258, 55.3007885005889], 
            [-113.363445966258, 55.345799568995], 
            [-113.318434897852, 55.345799568995], 
            [-113.318434897852, 55.3908106374011], 
            [-113.22840376782, 55.3908106374011], 
            [-113.22840376782, 55.4358217058071], 
            [-113.138381631007, 55.4358217058071], 
            [-113.138381631007, 55.4808327742132], 
            [-113.093370562601, 55.4808327742132], 
            [-113.093370562601, 55.5258438426193], 
            [-113.048359494195, 55.5258438426193], 
            [-113.048359494195, 55.5708639042459], 
            [-113.003348425789, 55.5708639042459], 
            [-113.003348425789, 55.660886041058], 
            [-112.958337357383, 55.660886041058], 
            [-112.958337357383, 55.7058971094641], 
            [-112.913317295757, 55.7058971094641], 
            [-112.913317295757, 55.8409303146823], 
            [-112.86830622735, 55.8409303146823], 
            [-112.86830622735, 56.6061364640267], 
            [-112.913317295757, 56.6061364640267], 
            [-112.913317295757, 57.4613737434036], 
            [-112.86830622735, 57.4613737434036], 
            [-112.86830622735, 57.7764602154667], 
            [-112.823295158944, 57.7764602154667], 
            [-112.823295158944, 58.5191563339977], 
            [-112.86830622735, 58.5191563339977], 
            [-112.86830622735, 58.6091784708099], 
            [-112.913317295757, 58.6091784708099], 
            [-112.913317295757, 58.6992096008425], 
            [-112.958337357383, 58.6992096008425], 
            [-112.958337357383, 58.7442206692486], 
            [-113.048359494195, 58.7442206692486], 
            [-113.048359494195, 58.7892317376546], 
            [-113.183392699414, 58.7892317376546], 
            [-113.183392699414, 58.8342428060607], 
            [-113.363445966258, 58.8342428060607], 
            [-113.363445966258, 58.8792538744668], 
            [-113.588501308289, 58.8792538744668], 
            [-113.588501308289, 58.9242649428729], 
            [-113.768554575133, 58.9242649428729], 
            [-113.768554575133, 58.969276011279], 
            [-113.903587780352, 58.969276011279], 
            [-113.903587780352, 59.0142870796851], 
            [-113.993609917164, 59.0142870796851], 
            [-113.993609917164, 59.0593071413116], 
            [-114.083641047197, 59.0593071413116], 
            [-114.083641047197, 59.1043182097177], 
            [-114.173663184009, 59.1043182097177], 
            [-114.173663184009, 59.1493292781238], 
            [-114.218674252415, 59.1493292781238], 
            [-114.218674252415, 59.1943403465298], 
            [-114.263685320821, 59.1943403465298], 
            [-114.263685320821, 59.2393514149359], 
            [-114.353707457633, 59.2393514149359], 
            [-114.353707457633, 59.284362483342], 
            [-114.398718526039, 59.284362483342], 
            [-114.398718526039, 59.3293735517481], 
            [-114.443738587666, 59.3293735517481], 
            [-114.443738587666, 59.4194046817808], 
            [-114.488749656072, 59.4194046817808], 
            [-114.488749656072, 59.4644157501868], 
            [-114.533760724478, 59.4644157501868], 
            [-114.533760724478, 59.5094268185929], 
            [-114.578771792884, 59.5094268185929], 
            [-114.578771792884, 59.5994489554051], 
            [-114.62378286129, 59.5994489554051], 
            [-114.62378286129, 59.6894710922172], 
            [-114.668793929696, 59.6894710922172], 
            [-114.668793929696, 59.8245132906559], 
            [-114.713804998102, 59.8245132906559], 
            [-114.713804998102, 60.0270675950935], 
            [-114.398718526039, 60.0270675950935], 
            [-114.398718526039, 59.9145354274681], 
            [-114.353707457633, 59.9145354274681], 
            [-114.353707457633, 59.7795022222498], 
            [-114.308696389227, 59.7795022222498], 
            [-114.308696389227, 59.6894710922172], 
            [-114.263685320821, 59.6894710922172], 
            [-114.263685320821, 59.6444600238111], 
            [-114.218674252415, 59.6444600238111], 
            [-114.218674252415, 59.5994489554051], 
            [-114.173663184009, 59.5994489554051], 
            [-114.173663184009, 59.554437886999], 
            [-114.128652115603, 59.554437886999], 
            [-114.128652115603, 59.5094268185929], 
            [-114.083641047197, 59.5094268185929], 
            [-114.083641047197, 59.4644157501868], 
            [-114.03862098557, 59.4644157501868], 
            [-114.03862098557, 59.4194046817808], 
            [-113.948598848758, 59.4194046817808], 
            [-113.948598848758, 59.3743846201541], 
            [-113.81356564354, 59.3743846201541], 
            [-113.81356564354, 59.3293735517481], 
            [-113.588501308289, 59.3293735517481], 
            [-113.588501308289, 59.284362483342], 
            [-113.498479171476, 59.284362483342], 
            [-113.498479171476, 59.3293735517481], 
            [-113.273414836226, 59.3293735517481], 
            [-113.273414836226, 59.3743846201541], 
            [-113.138381631007, 59.3743846201541], 
            [-113.138381631007, 59.4194046817808], 
            [-113.093370562601, 59.4194046817808], 
            [-113.093370562601, 59.4644157501868], 
            [-113.003348425789, 59.4644157501868], 
            [-113.003348425789, 59.5094268185929], 
            [-112.958337357383, 59.5094268185929], 
            [-112.958337357383, 59.554437886999], 
            [-112.913317295757, 59.554437886999], 
            [-112.913317295757, 59.6444600238111], 
            [-112.86830622735, 59.6444600238111], 
            [-112.86830622735, 59.6894710922172], 
            [-112.823295158944, 59.6894710922172], 
            [-112.823295158944, 59.8245132906559], 
            [-112.778284090538, 59.8245132906559], 
            [-112.778284090538, 60.0270675950935], 
            [-112.200685513226, 60.019504296686], 
            [-112.156025180418, 59.9976957370687], 
            [-112.140556841225, 59.9671097942817], 
            [-112.110663376414, 59.9519831974667], 
            [-112.095545772819, 59.9220987258756], 
            [-111.975630171195, 59.9069721290606], 
            [-111.96050357438, 59.877078664249], 
            [-111.255435090257, 59.8619610606545], 
            [-111.240308493442, 59.832067595843], 
            [-111.030370755006, 59.8169499922484], 
            [-111.015253151412, 59.7870565274369], 
            [-110.895337549788, 59.7719389238424], 
            [-110.880210952973, 59.7420454590308], 
            [-110.805306419755, 59.7269278554362], 
            [-110.790188816161, 59.6970343906247], 
            [-110.715284282943, 59.6819167870302], 
            [-110.700166679349, 59.6520233222186], 
            [-110.625262146131, 59.6368967254036], 
            [-110.610144542537, 59.6070122538126], 
            [-110.580251077725, 59.5918856569975], 
            [-110.56512448091, 59.5620011854065], 
            [-110.535240009319, 59.5468745885915], 
            [-110.520113412504, 59.5169811237799], 
            [-110.490228940913, 59.5018635201854], 
            [-110.475102344098, 59.4719700553738], 
            [-110.445208879286, 59.4568524517793], 
            [-110.430091275692, 59.4269589869677], 
            [-110.40019781088, 59.4118413833733], 
            [-110.385080207286, 59.3819479185617], 
            [-110.355186742474, 59.3668303149672], 
            [-110.34006913888, 59.3369368501556], 
            [-110.310175674068, 59.3218192465611], 
            [-110.295058070474, 59.2919257817495], 
            [-110.265164605662, 59.2767991849345], 
            [-110.250047002067, 59.2019036449374], 
            [-110.220153537256, 59.1867770481223], 
            [-110.205026940441, 59.1118725149047], 
            [-110.17514246885, 59.0967549113102], 
            [-110.160015872035, 59.0218503780926], 
            [-110.130131400444, 59.006732774498], 
            [-110.115004803629, 58.8868171728743], 
            [-110.085111338817, 58.8716905760593], 
            [-110.069993735223, 58.6617528376235], 
            [-110.040100270411, 58.6466352340289], 
            [-110.024982666817, 57.6039702470293], 
            [-109.995089202005, 57.5888436502144], 
            [-109.97997159841, 57.4239169801846], 
            [-109.950078133599, 57.40879937659], 
            [-109.934960530004, 57.2888837749663], 
            [-109.905067065193, 57.2737661713718], 
            [-109.889949461598, 57.1988616381541], 
            [-109.860055996787, 57.1837350413392], 
            [-109.844929399972, 57.1088305081215], 
            [-109.815044928381, 57.093712904527], 
            [-109.799918331566, 56.9737973029033], 
            [-109.770033859975, 56.9586796993088], 
            [-109.75490726316, 56.8837751660911], 
            [-109.725013798348, 56.8686485692762], 
            [-109.709896194754, 56.7937530292789], 
            [-109.680002729942, 56.778626432464], 
            [-109.664885126347, 56.7037218992463], 
            [-109.634991661536, 56.6886042956518], 
            [-109.619874057941, 56.6136997624342], 
            [-109.58998059313, 56.5985821588396], 
            [-109.574862989535, 56.4786665572159], 
            [-109.544969524724, 56.463539960401], 
            [-109.529851921129, 56.3886444204037], 
            [-109.499958456318, 56.3735178235888], 
            [-109.484831859503, 56.2536022219651], 
            [-109.454947387912, 56.2384846183705], 
            [-109.439820791097, 56.1635800851529], 
            [-109.409936319506, 56.1484534883379], 
            [-109.39480972269, 56.0285468799346], 
            [-109.364916257879, 56.0134202831197], 
            [-109.349798654284, 55.938515749902], 
            [-109.319905189473, 55.9233981463075], 
            [-109.304787585878, 55.8034825446838], 
            [-109.274894121067, 55.7883649410892], 
            [-109.259776517472, 55.6684493394656], 
            [-109.229883052661, 55.6533227426505], 
            [-109.214765449066, 55.5784182094329], 
            [-109.184871984255, 55.5633006058384], 
            [-109.16975438066, 55.4883960726207], 
            [-109.139860915849, 55.4732784690262], 
            [-109.124734319034, 55.3983739358086], 
            [-109.094849847442, 55.3832473389936], 
            [-109.079723250627, 55.2633317373699], 
            [-109.049838779036, 55.2482141337753], 
            [-109.034712182221, 55.1733096005577], 
            [-109.00482771063, 55.1581919969632], 
            [-108.989701113815, 55.0382763953394], 
            [-108.959807649004, 55.0231497985245], 
            [-108.944690045409, 54.9032341969008], 
            [-108.914796580598, 54.8881165933062], 
            [-108.899678977003, 54.2357034149807], 
            [-108.944690045409, 54.2129325807741], 
            [-108.959807649004, 54.0480059107443], 
            [-108.989701113815, 54.0328883071497], 
            [-109.00482771063, 53.9579837739321], 
            [-109.034712182221, 53.9428661703376], 
            [-109.049838779036, 53.8679616371199], 
            [-109.079723250627, 53.852835040305], 
            [-109.094849847442, 53.7779305070873], 
            [-109.124734319034, 53.7628129034928], 
            [-109.139860915849, 53.7329194386812], 
            [-109.16975438066, 53.7178018350867], 
            [-109.184871984255, 53.6428973018691], 
            [-109.214765449066, 53.6277796982745], 
            [-109.229883052661, 53.597886233463], 
            [-109.259776517472, 53.5827686298684], 
            [-109.274894121067, 53.5528751650569], 
            [-109.304787585878, 53.5377485682419], 
            [-109.319905189473, 53.5078640966508], 
            [-109.349798654284, 53.4927374998358], 
            [-109.364916257879, 53.4628530282447], 
            [-109.39480972269, 53.4477264314298], 
            [-109.409936319506, 53.4178329666182], 
            [-109.439820791097, 53.4027153630237], 
            [-109.454947387912, 53.3728218982121], 
            [-109.484831859503, 53.3577042946176], 
            [-109.499958456318, 53.327810829806], 
            [-109.574862989535, 53.3126932262115], 
            [-109.58998059313, 53.2827997613999], 
            [-109.619874057941, 53.2676821578054], 
            [-109.634991661536, 53.2377886929939], 
            [-109.709896194754, 53.2226710893993], 
            [-109.725013798348, 53.1927776245878], 
            [-109.799918331566, 53.1776510277728], 
            [-109.815044928381, 53.1477665561817], 
            [-109.934960530004, 53.1326399593667], 
            [-109.950078133599, 53.1027554877756], 
            [-110.024982666817, 53.0876288909606], 
            [-110.040100270411, 53.0577354261491], 
            [-110.160015872035, 53.0426178225546], 
            [-110.17514246885, 53.012724357743], 
            [-110.34006913888, 52.9976067541485], 
            [-110.355186742474, 52.9677132893369], 
            [-110.475102344098, 52.9525956857424], 
            [-110.490228940913, 52.9227022209308], 
            [-110.655155610943, 52.9075846173363], 
            [-110.670273214537, 52.8776911525247], 
            [-110.790188816161, 52.8625735489302], 
            [-110.805306419755, 52.8326800841187], 
            [-110.970233089785, 52.8175534873036], 
            [-110.9853596866, 52.7876690157126], 
            [-111.060264219818, 52.7725424188976], 
            [-111.075381823412, 52.7426579473065], 
            [-111.195297425036, 52.7275313504915], 
            [-111.210415028631, 52.6976468789004], 
            [-111.330330630254, 52.6825202820854], 
            [-111.345457227069, 52.6526268172739], 
            [-111.420361760287, 52.6375092136794], 
            [-111.435479363881, 52.6076157488678], 
            [-111.510383897099, 52.5924981452733], 
            [-111.525501500694, 52.5626046804617], 
            [-111.555394965505, 52.5474870768672], 
            [-111.5705125691, 52.5175936120556], 
            [-111.645417102317, 52.5024760084611], 
            [-111.660543699132, 52.4725825436495], 
            [-111.690428170723, 52.4574559468345], 
            [-111.705554767538, 52.4275714752435], 
            [-111.73544823235, 52.4124448784285], 
            [-111.750565835945, 52.3825604068374], 
            [-111.780459300756, 52.3674338100224], 
            [-111.795576904351, 52.3375493384313], 
            [-111.825470369162, 52.3224227416163], 
            [-111.840587972757, 52.2925292768048], 
            [-111.870481437568, 52.2774116732102], 
            [-111.885599041163, 52.2475182083987], 
            [-111.915492505974, 52.2324006048041], 
            [-111.930610109569, 52.2025071399926], 
            [-111.96050357438, 52.1873895363981], 
            [-111.975630171195, 52.1124850031804], 
            [-112.005514642786, 52.0973673995859], 
            [-112.020641239601, 52.0224628663683], 
            [-112.050525711193, 52.0073362695533], 
            [-112.065652308008, 51.8874206679296], 
            [-112.095545772819, 51.872303064335], 
            [-112.110663376414, 51.6700095632908], 
            [-112.065652308008, 51.6472387290842], 
            [-112.0580890096, 51.5647798906795], 
            [-112.346051928753, 51.5537182295128], 
            [-112.786027253355, 51.431068688869], 
            [-113.05917833841, 51.3055323244573], 
            [-113.217584923605, 51.2388655811817], 
            [-113.417953875471, 51.1514244986418], 
            [-113.930072814609, 51.1233926304656], 
            [-114.251139778278, 51.1361180374176], 
            [-114.513013364875, 51.0813223451502], 
            [-114.647246173472, 51.1188510541329], 
            [-114.753420134232, 51.2172278927532], 
            [-114.890467820833, 51.3839981729774], 
            [-115.079577260682, 51.529013852907], 
            [-115.257373229191, 51.5755987348938], 
            [-115.497222418879, 51.5480255209611], 
            [-115.648236576856, 51.3739077796204], 
            [-116.001337391807, 50.8647745896757], 
            [-116.196912957167, 50.6267869966227], 
            [-116.426806651805, 50.4685872554975], 
            [-116.740445215374, 50.2958274904464], 
            [-116.96618404216, 50.248604089807], 
            [-117.359556498334, 50.2767528698491], 
            [-117.561921945142, 50.3555514675263], 
            [-117.73559901868, 50.4677059198924], 
            [-117.876837546016, 50.6412480951236], 
            [-117.875452590065, 50.6761597769522], 
            [-118.025216690398, 50.934364129601], 
            [-118.123908291734, 51.1930001568318], 
            [-118.252142622284, 51.5410198022222], 
            [-118.380358966393, 51.7687821036113], 
            [-118.505085940963, 51.8546044064682], 
            [-118.58485580645, 51.8798663627425], 
            [-118.607356844043, 51.8798663627425], 
            [-118.607356844043, 51.9023674003353], 
            [-118.629866874856, 51.9023674003353], 
            [-118.629866874856, 51.9248774311486], 
            [-118.674877943262, 51.9248774311486], 
            [-118.674877943262, 51.9698884995547], 
            [-118.719889011668, 51.9698884995547], 
            [-118.719889011668, 52.0599106363668], 
            [-118.764900080075, 52.0599106363668], 
            [-118.764900080075, 52.104921704773], 
            [-118.809911148481, 52.104921704773], 
            [-118.809911148481, 52.1949438415851], 
            [-118.854931210107, 52.1949438415851], 
            [-118.854931210107, 52.2399639032117], 
            [-118.899942278513, 52.2399639032117], 
            [-118.899942278513, 52.3749971084299], 
            [-118.944953346919, 52.3749971084299], 
            [-118.944953346919, 52.465019245242], 
            [-118.989964415325, 52.465019245242], 
            [-118.989964415325, 52.6900835804929], 
            [-119.034975483732, 52.6900835804929], 
            [-119.034975483732, 53.1402032577742], 
            [-118.989964415325, 53.1402032577742], 
            [-118.989964415325, 53.4102786614312], 
            [-118.944953346919, 53.4102786614312], 
            [-118.944953346919, 53.5903229350555], 
            [-119.034975483732, 53.5903229350555], 
            [-119.034975483732, 53.6353340034616], 
            [-119.17000868895, 53.6353340034616], 
            [-119.17000868895, 53.6803450718676], 
            [-119.305050887389, 53.6803450718676], 
            [-119.305050887389, 53.7253651334942], 
            [-119.485095161013, 53.7253651334942], 
            [-119.485095161013, 53.7703762019003], 
            [-119.665148427858, 53.7703762019003], 
            [-119.665148427858, 53.8153872703064], 
            [-119.800181633076, 53.8153872703064], 
            [-119.800181633076, 53.8603983387125], 
            [-119.980234899921, 53.8603983387125], 
            [-119.980234899921, 53.9054094071186], 
            [-120.115268105139, 53.9054094071186], 
            [-120.115268105139, 53.9504204755246], 
            [-120.205290241951, 53.9504204755246], 
            [-120.205290241951, 53.9954315439307], 
            [-120.34033244039, 53.9954315439307], 
            [-120.34033244039, 54.0404426123368], 
            [-120.520376714014, 54.0404426123368], 
            [-120.520376714014, 54.0854626739633], 
            [-120.925485322889, 54.0854626739633], 
            [-120.925485322889, 54.0404426123368], 
            [-121.015507459701, 54.0404426123368], 
            [-121.015507459701, 53.9504204755246], 
            [-121.060527521328, 53.9504204755246], 
            [-121.060527521328, 53.8603983387125], 
            [-121.105538589734, 53.8603983387125], 
            [-121.105538589734, 53.4102786614312], 
            [-121.060527521328, 53.4102786614312], 
            [-121.060527521328, 53.2302253945864], 
            [-121.015507459701, 53.2302253945864], 
            [-121.015507459701, 53.0951921893681], 
            [-120.970496391295, 53.0951921893681], 
            [-120.970496391295, 53.005170052556], 
            [-120.925485322889, 53.005170052556], 
            [-120.925485322889, 52.9151389225233], 
            [-120.880474254483, 52.9151389225233], 
            [-120.880474254483, 52.8251167857112], 
            [-120.835463186077, 52.8251167857112], 
            [-120.835463186077, 52.735094648899], 
            [-120.790452117671, 52.735094648899], 
            [-120.790452117671, 52.6450725120869], 
            [-120.745441049265, 52.6450725120869], 
            [-120.745441049265, 52.5550413820542], 
            [-120.700429980859, 52.5550413820542], 
            [-120.700429980859, 52.5100303136481], 
            [-120.655409919232, 52.5100303136481], 
            [-120.655409919232, 52.465019245242], 
            [-120.610398850826, 52.465019245242], 
            [-120.610398850826, 52.3749971084299], 
            [-120.56538778242, 52.3749971084299], 
            [-120.56538778242, 52.3299860400238], 
            [-120.520376714014, 52.3299860400238], 
            [-120.520376714014, 52.2849749716177], 
            [-120.430354577202, 52.2849749716177], 
            [-120.430354577202, 52.2399639032117], 
            [-120.385343508796, 52.2399639032117], 
            [-120.385343508796, 52.1949438415851], 
            [-120.295312378763, 52.1949438415851], 
            [-120.295312378763, 52.149932773179], 
            [-120.205290241951, 52.149932773179], 
            [-120.205290241951, 52.104921704773], 
            [-120.070257036733, 52.104921704773], 
            [-120.070257036733, 52.0599106363668], 
            [-119.935214838294, 52.0599106363668], 
            [-119.935214838294, 52.0148995679607], 
            [-119.800181633076, 52.0148995679607], 
            [-119.800181633076, 51.9698884995547], 
            [-119.665148427858, 51.9698884995547], 
            [-119.665148427858, 51.9248774311486], 
            [-119.530106229419, 51.9248774311486], 
            [-119.530106229419, 51.8798663627425], 
            [-119.395073024201, 51.8798663627425], 
            [-119.395073024201, 51.834846301116], 
            [-119.260039818982, 51.834846301116], 
            [-119.260039818982, 51.7898352327099], 
            [-119.124997620544, 51.7898352327099], 
            [-119.124997620544, 51.7448241643038], 
            [-118.989964415325, 51.7448241643038], 
            [-118.989964415325, 51.6998130958978], 
            [-118.854931210107, 51.6998130958978], 
            [-118.854931210107, 51.6548020274916], 
            [-118.719889011668, 51.6548020274916], 
            [-118.719889011668, 51.6097909590856], 
            [-118.629866874856, 51.6097909590856], 
            [-118.629866874856, 51.5647798906795], 
            [-118.539844738044, 51.5647798906795], 
            [-118.539844738044, 51.5197688222734], 
            [-118.449813608012, 51.5197688222734], 
            [-118.449813608012, 51.4747577538673], 
            [-118.359791471199, 51.4747577538673], 
            [-118.350393555818, 51.4391356076223], 
            [-118.305886107758, 51.407236654648], 
            [-118.350393555818, 51.3753287084532], 
            [-118.369189386581, 51.3041024024041], 
            [-118.395404624224, 51.2853065716411], 
            [-118.414200454987, 51.259091333998], 
            [-118.485435754257, 51.240295503235], 
            [-118.517334707231, 51.1957880551747], 
            [-118.549233660205, 51.240295503235], 
            [-118.755502164693, 51.259091333998], 
            [-118.774297995456, 51.2853065716411], 
            [-118.935555431538, 51.3041024024041], 
            [-118.954351262301, 51.3303176400472], 
            [-119.160619766789, 51.3491134708101], 
            [-119.179406604331, 51.3753287084532], 
            [-119.340664040413, 51.3941245392162], 
            [-119.359459871176, 51.4203487700798], 
            [-119.520717307258, 51.4391356076223], 
            [-119.5395041448, 51.4653598384858], 
            [-119.665148427858, 51.4747577538673], 
            [-119.710159496264, 51.4747577538673], 
            [-119.710159496264, 51.5197688222734], 
            [-119.845192701482, 51.5197688222734], 
            [-119.845192701482, 51.5647798906795], 
            [-120.025245968327, 51.5647798906795], 
            [-120.025245968327, 51.6097909590856], 
            [-120.34033244039, 51.6097909590856], 
            [-120.34033244039, 51.6548020274916], 
            [-120.880474254483, 51.6548020274916], 
            [-120.880474254483, 51.6998130958978], 
            [-120.902984285296, 51.6998130958978], 
            [-120.959875397931, 51.7104340892619], 
            [-120.98111738466, 51.7342031709397], 
            [-121.004886466337, 51.755445157668], 
            [-121.026128453066, 51.7792142393458], 
            [-121.049906527964, 51.800456226074], 
            [-121.071139521472, 51.8692453693784], 
            [-121.09491759637, 51.8904873561067], 
            [-121.116159583098, 52.0042785745966], 
            [-121.139928664776, 52.0255205613249], 
            [-121.161170651504, 52.1393117798149], 
            [-121.184939733182, 52.1605537665432], 
            [-121.20618171991, 52.3193650466596], 
            [-121.229950801588, 52.340607033388], 
            [-121.251192788316, 52.4093871834718], 
            [-121.274961869994, 52.4306291702001], 
            [-121.296203856723, 52.499409320284], 
            [-121.3199729384, 52.5206513070123], 
            [-121.341214925129, 52.5894404503166], 
            [-121.364984006806, 52.6106734438244], 
            [-121.386225993535, 52.6794625871288], 
            [-121.410004068433, 52.7007045738571], 
            [-121.431237061941, 52.7694847239409], 
            [-121.455015136839, 52.7907267106692], 
            [-121.476257123567, 52.814495792347], 
            [-121.500026205245, 52.8357377790753], 
            [-121.521268191973, 52.9045269223797], 
            [-121.545037273651, 52.9257599158875], 
            [-121.56627926038, 52.9495379907857], 
            [-121.590048342057, 52.9707709842936], 
            [-121.629996227344, 53.0154852764244], 
            [-121.678379753423, 53.0183721001924], 
            [-121.944012506172, 52.8125082906252], 
            [-122.243198964461, 52.6377340441909], 
            [-122.51313047659, 52.5338893275305], 
            [-122.710117977563, 52.4811261030873], 
            [-122.894137254631, 52.4531392010134], 
            [-123.231724764286, 52.4304672922318], 
            [-123.210482777558, 52.385618101794], 
            [-123.18671369588, 52.3643761150657], 
            [-123.165471709152, 51.9354984245128], 
            [-123.120460640746, 51.8952807426123], 
            [-123.141702627474, 51.3953476171989], 
            [-123.165471709152, 51.3741056304706], 
            [-123.18671369588, 51.3053254803867], 
            [-123.210482777558, 51.2840834936584], 
            [-123.231724764286, 51.2603144119806], 
            [-123.255502839185, 51.2390724252523], 
            [-123.276735832692, 51.2153033435745], 
            [-123.300513907591, 51.1940613568462], 
            [-123.321755894319, 51.1702922751684], 
            [-123.390536044403, 51.1490502884402], 
            [-123.411778031131, 51.1252722135419], 
            [-123.480558181215, 51.104039220034], 
            [-123.501800167943, 51.0802611451358], 
            [-123.525569249621, 51.0590281516279], 
            [-123.546811236349, 51.0352500767298], 
            [-123.615600379654, 51.0140080900014], 
            [-123.636833373162, 50.9902390083237], 
            [-123.750633584872, 50.9689970215953], 
            [-123.7718755716, 50.9452279399176], 
            [-123.88566679009, 50.9239859531893], 
            [-123.906908776819, 50.9002168715115], 
            [-124.520884930895, 50.878795020374], 
            [-124.468706265781, 50.6346110984235], 
            [-124.441978414572, 50.1860562415024], 
            [-124.488410411811, 49.9864696998169], 
            [-124.560266243292, 49.8734878711684], 
            [-124.684003963612, 49.7867932259267], 
            [-124.694013417985, 49.7992938023672], 
            [-124.744303506801, 49.8395654435905], 
            [-124.696918228194, 49.9201716785802], 
            [-124.836924684327, 49.9027608037681], 
            [-124.925184149928, 49.9366832313461], 
            [-125.038345842986, 49.9225998481046], 
            [-125.027446059788, 50.0102927408174], 
            [-125.11161361008, 50.0343675919909], 
            [-125.121623064453, 49.9993569847371], 
            [-125.149412115677, 49.9520976112159], 
            [-124.991347272858, 49.8255270264512], 
            [-124.865334267762, 49.7489767338893], 
            [-124.841547199644, 49.7192811199278], 
            [-124.852366043858, 49.7075989265493], 
            [-125.161885712456, 49.5256390969668], 
            [-125.448337770572, 49.3155304873422], 
            [-125.666459339627, 49.0723448128629], 
            [-125.6967754858, 48.9765760081763], 
            [-125.709887601232, 48.9859739235578], 
            [-125.728674438774, 49.0121981544214], 
            [-125.901173400432, 49.046777087093], 
            [-125.931237736432, 49.1247213288263], 
            [-125.957452974075, 49.1435171595893], 
            [-125.976248804838, 49.214752458859], 
            [-126.002464042482, 49.2335392964015], 
            [-126.021259873245, 49.3497856640772], 
            [-126.047475110888, 49.3685814948402], 
            [-126.066270941651, 49.7548942729524], 
            [-126.092486179294, 49.7736901037154], 
            [-126.111282010057, 50.0565089007653], 
            [-126.066270941651, 50.0887765757784], 
            [-126.047475110888, 50.2500250186398], 
            [-126.021259873245, 50.2688208494027], 
            [-126.002464042482, 50.3400561486724], 
            [-125.976248804838, 50.3588429862149], 
            [-125.957452974075, 50.4300782854846], 
            [-125.931237736432, 50.4488741162476], 
            [-125.912441905669, 50.5201004222967], 
            [-125.886217674806, 50.5388962530597], 
            [-125.867430837263, 50.5651114907028], 
            [-125.8412066064, 50.5839073214658], 
            [-125.822419768857, 50.6101225591089], 
            [-125.796195537994, 50.6289183898719], 
            [-125.777399707231, 50.6551426207354], 
            [-125.751184469588, 50.6739294582779], 
            [-125.732388638825, 50.7001536891415], 
            [-125.661162332775, 50.718940526684], 
            [-125.642366502012, 50.7451647575476], 
            [-125.616151264369, 50.7639515950901], 
            [-125.597355433606, 50.7901758259537], 
            [-125.526120134337, 50.8089716567167], 
            [-125.507333296794, 50.8351868943598], 
            [-125.391086929118, 50.8539827251228], 
            [-125.372291098355, 50.8801979627658], 
            [-125.166022593868, 50.8989937935289], 
            [-125.147235756325, 50.925209031172], 
            [-124.715902916586, 50.9440048619349], 
            [-124.697116079044, 50.970220099578], 
            [-124.535858642962, 50.989015930341], 
            [-124.517062812199, 51.0152311679841], 
            [-124.400816444523, 51.0340269987471], 
            [-124.382029606981, 51.0602512296106], 
            [-124.310794307711, 51.0790380671531], 
            [-124.291998476948, 51.1052622980167], 
            [-124.220772170899, 51.1240491355592], 
            [-124.201976340136, 51.1502733664228], 
            [-124.130750034087, 51.1690602039653], 
            [-124.111954203324, 51.1952844348289], 
            [-124.040718904054, 51.2140802655919], 
            [-124.021932066512, 51.240295503235], 
            [-123.995707835648, 51.259091333998], 
            [-123.976920998106, 51.2853065716411], 
            [-123.950696767242, 51.3041024024041], 
            [-123.931900936479, 51.3303176400472], 
            [-123.905685698836, 51.3491134708101], 
            [-123.886889868073, 51.3753287084532], 
            [-123.86067463043, 51.3941245392162], 
            [-123.841878799667, 51.4203487700798], 
            [-123.815663562024, 51.4391356076223], 
            [-123.796867731261, 51.4653598384858], 
            [-123.770652493618, 51.4841466760284], 
            [-123.751856662855, 51.555381975298], 
            [-123.725641425212, 51.574177806061], 
            [-123.706845594449, 51.6454041121102], 
            [-123.680621363585, 51.6641999428731], 
            [-123.661834526042, 51.7804463105489], 
            [-123.635610295179, 51.7992331480914], 
            [-123.616823457636, 52.0055016525793], 
            [-123.590599226773, 52.0242974833423], 
            [-123.57181238923, 52.4421584788308], 
            [-123.616823457636, 52.4744171606235], 
            [-123.635610295179, 52.7256967335175], 
            [-123.661834526042, 52.7444925642805], 
            [-123.680621363585, 52.8607299387357], 
            [-123.706845594449, 52.8795257694987], 
            [-123.725641425212, 52.9507610687684], 
            [-123.886889868073, 52.9695479063109], 
            [-123.905685698836, 52.9957721371745], 
            [-124.066943134918, 53.014558974717], 
            [-124.085738965681, 53.0407832055806], 
            [-124.246987408542, 53.0595790363436], 
            [-124.265783239305, 53.0857942739867], 
            [-124.382029606981, 53.1045901047496], 
            [-124.400816444523, 53.1308053423927], 
            [-124.472051743793, 53.1496011731557], 
            [-124.490847574556, 53.1758164107988], 
            [-124.607084949011, 53.1946122415618], 
            [-124.625880779774, 53.2208274792049], 
            [-124.697116079044, 53.2396233099678], 
            [-124.715902916586, 53.2658475408314], 
            [-124.832149284262, 53.2846343783739], 
            [-124.850945115025, 53.3108586092375], 
            [-124.931569336456, 53.320256524619]
          ], 
          [
            [-110.527676710911, 57.6414180170279], 
            [-110.517055717547, 57.8558613589147], 
            [-110.493286635869, 57.877103345643], 
            [-110.472044649141, 58.035905632539], 
            [-110.448275567463, 58.0571476192673], 
            [-110.427033580735, 58.2159588993838], 
            [-110.403255505837, 58.2372008861121], 
            [-110.382022512329, 58.5085353406336], 
            [-110.358244437431, 58.5297773273618], 
            [-110.337011443923, 58.6245928506796], 
            [-110.382022512329, 58.6648105325801], 
            [-110.403255505837, 58.9136439495088], 
            [-110.427033580735, 58.934885936237], 
            [-110.448275567463, 59.0036750795414], 
            [-110.472044649141, 59.0249080730492], 
            [-110.493286635869, 59.0936972163535], 
            [-110.517055717547, 59.1149392030819], 
            [-110.538297704276, 59.1387082847596], 
            [-110.562066785953, 59.1599502714879], 
            [-110.583308772682, 59.2287304215718], 
            [-110.607077854359, 59.2499724083001], 
            [-110.628319841088, 59.2737414899779], 
            [-110.652088922766, 59.2949834767062], 
            [-110.673330909494, 59.3187525583839], 
            [-110.742120052798, 59.3399945451122], 
            [-110.763353046306, 59.3637726200105], 
            [-110.787131121204, 59.3850056135183], 
            [-110.808373107933, 59.4087836884166], 
            [-110.877153258016, 59.4300166819244], 
            [-110.898395244745, 59.4537947568227], 
            [-111.012186463235, 59.4750367435509], 
            [-111.033428449963, 59.4988058252287], 
            [-111.48835050697, 59.5200478119571], 
            [-111.528568188871, 59.4750367435509], 
            [-111.642359407361, 59.4537947568227], 
            [-111.663601394089, 59.4300166819244], 
            [-111.732381544173, 59.4087836884166], 
            [-111.753623530901, 59.3850056135183], 
            [-111.822412674206, 59.3637726200105], 
            [-111.843645667713, 59.3399945451122], 
            [-111.867423742612, 59.3187525583839], 
            [-111.88866572934, 59.2949834767062], 
            [-111.912434811018, 59.2737414899779], 
            [-111.933676797746, 59.2499724083001], 
            [-111.957445879424, 59.2287304215718], 
            [-111.978687866152, 59.204961339894], 
            [-112.00245694783, 59.1837193531657], 
            [-112.023698934558, 59.1149392030819], 
            [-112.047468016236, 59.0936972163535], 
            [-112.068710002964, 59.0249080730492], 
            [-112.092479084642, 59.0036750795414], 
            [-112.11372107137, 58.934885936237], 
            [-112.137490153048, 58.9136439495088], 
            [-112.158732139776, 58.7098216009862], 
            [-112.182510214675, 58.6885886074783], 
            [-112.203743208182, 58.2822119545182], 
            [-112.227521283081, 58.2609699677899], 
            [-112.248754276589, 58.1021586876734], 
            [-112.272532351487, 58.0809256941655], 
            [-112.293774338215, 58.0294754799095], 
            [-112.046199972151, 57.9908945641329], 
            [-111.852782779701, 57.9565224755319], 
            [-111.464581425292, 57.8672737556794], 
            [-111.057206524861, 57.7420611472042], 
            [-110.750699585118, 57.6604566647434], 
            [-110.527676710911, 57.6414180170279]
          ], 
          [
            [-125.121254342414, 50.1085166946898], 
            [-125.141884790151, 50.0503125718678], 
            [-125.11161361008, 50.0343675919909], 
            [-125.121254342414, 50.1085166946898]
          ]
        ]
      }, 
      "properties" : {
        "OBJECTID" : 20, 
        "Id" : 20, 
        "gridcode" : 1, 
        "Unixtime" : 1785913200, 
        "Timestamp" : 1785913200000, 
        "Shape__Area" : 1477405610153.3438, 
        "Shape__Length" : 13105555.944107372
      }
    }, 
    {
      "type" : "Feature", 
      "id" : 23, 
      "geometry" : 
      {
        "type" : "Polygon", 
        "coordinates" : 
        [
          [
            [-125.156633671707, 48.7290106353326], 
            [-125.144537790187, 48.7394247846262], 
            [-124.969493747139, 48.7665843104177], 
            [-124.603469674386, 48.8464171284478], 
            [-124.41266051587, 48.9267715532646], 
            [-124.363233776218, 49.3045677516005], 
            [-124.346407460736, 49.3816846170515], 
            [-124.274119954672, 49.351323504776], 
            [-124.131091776464, 49.3833843357186], 
            [-124.089651016581, 49.3233635823635], 
            [-124.040521053204, 49.3049814397417], 
            [-124.022129917362, 49.2783525139574], 
            [-123.931424295795, 49.2550690661845], 
            [-123.907538302251, 49.2604290255791], 
            [-123.870612139039, 49.2521462695348], 
            [-123.851276715048, 49.22414138102], 
            [-123.877905640833, 49.2057592383982], 
            [-123.930210211032, 49.1300003492368], 
            [-123.959384218207, 49.052047114283], 
            [-123.940498455239, 48.967825604668], 
            [-123.8347291894, 48.991540727023], 
            [-123.707052438519, 49.1024181420836], 
            [-123.626212379797, 49.111618206615], 
            [-123.616211918645, 49.0991176301746], 
            [-123.591210765764, 49.0790987214289], 
            [-123.571191857019, 49.0541065617685], 
            [-123.478174977793, 48.9796157166921], 
            [-123.321135362107, 48.9215554853974], 
            [-123.121072179737, 48.8290422265176], 
            [-123.013036622342, 48.8056688465401], 
            [-122.952251445248, 48.8132321449476], 
            [-122.763843476595, 48.7555136560305], 
            [-122.738473601675, 48.7840041784502], 
            [-122.855511372752, 48.9303418617875], 
            [-122.848217870958, 48.9889506795303], 
            [-122.896016837707, 49.0090954933624], 
            [-122.938536784045, 49.0340876530229], 
            [-122.991632757646, 49.0541065617685], 
            [-122.980553110038, 48.964974753782], 
            [-123.050979019466, 48.9440655162107], 
            [-123.213720336924, 48.9905334863314], 
            [-123.203441085937, 49.0731182298225], 
            [-123.323626484175, 49.0991176301746], 
            [-123.343645392921, 49.1119509557721], 
            [-123.251851591678, 49.1677089226288], 
            [-123.303175900847, 49.2088079401344], 
            [-123.288624870142, 49.2466514118333], 
            [-123.140884244412, 49.2564540221355], 
            [-123.063560534891, 49.2691614426465], 
            [-123.052993500849, 49.2112091299974], 
            [-122.989699215247, 49.2465165135264], 
            [-122.940614217972, 49.189553455128], 
            [-122.789213351515, 49.1551543868655], 
            [-122.760569944347, 49.2812483309458], 
            [-122.727079191352, 49.3412780775213], 
            [-122.454458706304, 49.4447270924814], 
            [-122.394024264808, 49.4110115089741], 
            [-122.355461335472, 49.3245866603462], 
            [-122.226183791349, 49.1683024751792], 
            [-122.155281241236, 49.0094102560785], 
            [-122.210094919945, 48.8091312364175], 
            [-122.398026247913, 48.8781452102334], 
            [-122.482841310078, 48.8713283491241], 
            [-122.66887506853, 48.7394247846262], 
            [-122.738059913534, 48.6960864552258], 
            [-122.81098593825, 48.644384430797], 
            [-122.853406959164, 48.5493350837472], 
            [-122.846149430252, 48.4590611367622], 
            [-122.770984093641, 48.4364341940829], 
            [-122.797577046543, 48.3838598272693], 
            [-122.920964031265, 48.3989774308639], 
            [-122.981101696486, 48.4288708956754], 
            [-123.018549466485, 48.4364341940829], 
            [-123.068174056987, 48.488082259189], 
            [-123.391858047811, 48.6950252552114], 
            [-123.514561547777, 48.6538902648239], 
            [-123.975284231982, 48.3803884441714], 
            [-123.986309920267, 48.3689130948635], 
            [-124.019234100373, 48.3809999831628], 
            [-124.268481205443, 48.4468483433764], 
            [-124.354582298135, 48.4784685065164], 
            [-124.491863808468, 48.5160421816015], 
            [-124.672825390579, 48.5490473006924], 
            [-124.92989659745, 48.6631712683394], 
            [-125.131605539164, 48.6999625332444], 
            [-125.156633671707, 48.7290106353326]
          ]
        ]
      }, 
      "properties" : {
        "OBJECTID" : 23, 
        "Id" : 23, 
        "gridcode" : 1, 
        "Unixtime" : 1785913200, 
        "Timestamp" : 1785913200000, 
        "Shape__Area" : 27577214739.320313, 
        "Shape__Length" : 1332150.2754170734
      }
    }, 
    {
      "type" : "Feature", 
      "id" : 24, 
      "geometry" : 
      {
        "type" : "Polygon", 
        "coordinates" : 
        [
          [
            [-117.954682862324, 48.3013919956442], 
            [-118.116749688247, 48.3501892098642], 
            [-118.207860004735, 48.4786843438075], 
            [-118.215315384497, 48.5714673993011], 
            [-118.200386638533, 48.7572583407999], 
            [-118.452844323307, 48.8033126227794], 
            [-118.630577339273, 48.930935414338], 
            [-118.707802123369, 49.069341077229], 
            [-118.675768272088, 49.2913387243028], 
            [-118.501344761252, 49.4356169601547], 
            [-118.324645965639, 49.4498172552622], 
            [-118.208597448813, 49.3771340474984], 
            [-118.109303301706, 49.1991762010209], 
            [-118.03090939895, 48.9387864958002], 
            [-117.861746922083, 48.887857888331], 
            [-117.75336962231, 48.839492348693], 
            [-117.70339429621, 48.7964418023474], 
            [-117.654678020974, 48.7091266248939], 
            [-117.644137966594, 48.5779694976943], 
            [-117.729789398262, 48.3860271934004], 
            [-117.852573837213, 48.334316175751], 
            [-117.944268713031, 48.3134878771639], 
            [-117.954682862324, 48.3013919956442]
          ]
        ]
      }, 
      "properties" : {
        "OBJECTID" : 24, 
        "Id" : 24, 
        "gridcode" : 1, 
        "Unixtime" : 1785913200, 
        "Timestamp" : 1785913200000, 
        "Shape__Area" : 11447111404.820313, 
        "Shape__Length" : 503793.83087455767
      }
    }, 
    {
      "type" : "Feature", 
      "id" : 26, 
      "geometry" : 
      {
        "type" : "Polygon", 
        "coordinates" : 
        [
          [
            [-123.041059497298, 48.1438487596126], 
            [-122.993242544108, 48.1241985729059], 
            [-122.935416136545, 48.1609178920472], 
            [-122.883516261266, 48.1506566275015], 
            [-122.753519259506, 48.1763502583578], 
            [-122.80980782637, 48.2166848521243], 
            [-122.778952086969, 48.2917782429717], 
            [-122.705855191064, 48.387484095115], 
            [-122.725973025235, 48.4364341940829], 
            [-122.614978698308, 48.45667793334], 
            [-122.535505609097, 48.5835542876003], 
            [-122.396542366537, 48.6089061760792], 
            [-122.163698895588, 48.6944137162201], 
            [-122.082607026693, 48.604841240431], 
            [-122.113246928803, 48.3706667728534], 
            [-122.254287605289, 48.2706531681093], 
            [-122.570102528209, 48.2130425978377], 
            [-122.631112535815, 48.0103983611955], 
            [-122.775004063187, 47.9083792682887], 
            [-122.999043171305, 47.9331825703194], 
            [-123.030645348004, 48.019229703688], 
            [-123.041059497298, 48.1438487596126]
          ]
        ]
      }, 
      "properties" : {
        "OBJECTID" : 26, 
        "Id" : 26, 
        "gridcode" : 1, 
        "Unixtime" : 1785913200, 
        "Timestamp" : 1785913200000, 
        "Shape__Area" : 5880224740.8984375, 
        "Shape__Length" : 401629.07514784543
      }
    }, 
    {
      "type" : "Feature", 
      "id" : 27, 
      "geometry" : 
      {
        "type" : "Polygon", 
        "coordinates" : 
        [
          [
            [-53.6773123580788, 47.8737823491762], 
            [-53.6681932325316, 47.9255383329278], 
            [-53.6487319034545, 47.8860131290028], 
            [-53.6773123580788, 47.8737823491762]
          ]
        ]
      }, 
      "properties" : {
        "OBJECTID" : 27, 
        "Id" : 27, 
        "gridcode" : 1, 
        "Unixtime" : 1785913200, 
        "Timestamp" : 1785913200000, 
        "Shape__Area" : 12640229.84375, 
        "Shape__Length" : 19339.343771284162
      }
    }, 
    {
      "type" : "Feature", 
      "id" : 31, 
      "geometry" : 
      {
        "type" : "Polygon", 
        "coordinates" : 
        [
          [
            [-55.8378976008935, 47.2210993742368], 
            [-56.0039484234809, 47.2313966116644], 
            [-56.0164579931418, 47.287172564962], 
            [-55.8762356997177, 47.3306367994488], 
            [-55.8002070139425, 47.2781343783989], 
            [-55.8378976008935, 47.2210993742368]
          ]
        ]
      }, 
      "properties" : {
        "OBJECTID" : 31, 
        "Id" : 31, 
        "gridcode" : 1, 
        "Unixtime" : 1785913200, 
        "Timestamp" : 1785913200000, 
        "Shape__Area" : 296537168.65625, 
        "Shape__Length" : 67309.633033153281
      }
    }, 
    {
      "type" : "Feature", 
      "id" : 33, 
      "geometry" : 
      {
        "type" : "Polygon", 
        "coordinates" : 
        [
          [
            [-54.1724431037662, 47.0185450697992], 
            [-54.1347974829175, 47.0936294674261], 
            [-54.1349953337676, 47.0261083682067], 
            [-54.1724431037662, 47.0185450697992]
          ]
        ]
      }, 
      "properties" : {
        "OBJECTID" : 33, 
        "Id" : 33, 
        "gridcode" : 1, 
        "Unixtime" : 1785913200, 
        "Timestamp" : 1785913200000, 
        "Shape__Area" : 22983961.08203125, 
        "Shape__Length" : 28345.883394390818
      }
    }, 
    {
      "type" : "Feature", 
      "id" : 34, 
      "geometry" : 
      {
        "type" : "Polygon", 
        "coordinates" : 
        [
          [
            [-54.1724431037662, 47.0185450697992], 
            [-54.1813913581246, 46.9209596345796], 
            [-54.2358812808963, 46.9371204517475], 
            [-54.2023365685777, 47.0034274662047], 
            [-54.1724431037662, 47.0185450697992]
          ]
        ]
      }, 
      "properties" : {
        "OBJECTID" : 34, 
        "Id" : 34, 
        "gridcode" : 1, 
        "Unixtime" : 1785913200, 
        "Timestamp" : 1785913200000, 
        "Shape__Area" : 62983832.29296875, 
        "Shape__Length" : 38150.178410722576
      }
    }, 
    {
      "type" : "Feature", 
      "id" : 35, 
      "geometry" : 
      {
        "type" : "Polygon", 
        "coordinates" : 
        [
          [
            [-54.2174541721723, 46.8835118645809], 
            [-54.2450723522072, 46.891632742657], 
            [-54.2251523688867, 46.9097001225627], 
            [-54.2174541721723, 46.8835118645809]
          ]
        ]
      }, 
      "properties" : {
        "OBJECTID" : 35, 
        "Id" : 35, 
        "gridcode" : 1, 
        "Unixtime" : 1785913200, 
        "Timestamp" : 1785913200000, 
        "Shape__Area" : 5991536.00390625, 
        "Shape__Length" : 11383.844292683752
      }
    }, 
    {
      "type" : "Feature", 
      "id" : 36, 
      "geometry" : 
      {
        "type" : "Polygon", 
        "coordinates" : 
        [
          [
            [-55.4552900296111, 49.5617378838963], 
            [-55.1913569955288, 49.5465393413176], 
            [-55.1516879000765, 49.5052424729619], 
            [-55.1287282082401, 49.4831910963921], 
            [-55.1066768316704, 49.4602314045558], 
            [-55.0837171398341, 49.438180027986], 
            [-55.0616567700438, 49.4152203361497], 
            [-55.038706071428, 49.3931689595799], 
            [-55.0166457016377, 49.3702092677436], 
            [-54.9936950030219, 49.3481578911738], 
            [-54.9716346332317, 49.3251981993375], 
            [-54.9486839346158, 49.3031378295473], 
            [-54.9266235648256, 49.2351760625253], 
            [-54.9036638729893, 49.2131156927351], 
            [-54.8816124964195, 49.1901649941192], 
            [-54.8586528045832, 49.168104624329], 
            [-54.8366014280134, 49.0551227956806], 
            [-54.8136417361771, 49.0330714191108], 
            [-54.7915903596074, 48.9200895904623], 
            [-54.768630667771, 48.8980292206721], 
            [-54.7465792912013, 48.6500141868054], 
            [-54.723619599365, 48.6279628102356], 
            [-54.7015592295747, 48.2899166463362], 
            [-54.6786085309589, 48.2678652697665], 
            [-54.6565481611686, 48.154883441118], 
            [-54.6335974625528, 48.1328230713278], 
            [-54.6115370927625, 48.1098723727119], 
            [-54.5885863941467, 48.0878120029217], 
            [-54.5665260243564, 48.0198412426792], 
            [-54.5435663325202, 47.9977898661095], 
            [-54.5215149559504, 47.9748301742732], 
            [-54.4985552641141, 47.9527787977034], 
            [-54.4765038875443, 47.9298191058671], 
            [-54.453544195708, 47.9077677292973], 
            [-54.4314928191382, 47.884808037461], 
            [-54.4085331273019, 47.8627566608913], 
            [-54.3864817507322, 47.7947859006489], 
            [-54.3635220588959, 47.7727255308586], 
            [-54.3414616891056, 47.7497748322428], 
            [-54.3185109904898, 47.7277144624526], 
            [-54.2964506206995, 47.7047637638367], 
            [-54.2734999220837, 47.6827033940465], 
            [-54.2514395522934, 47.6597437022102], 
            [-54.2284888536776, 47.6376923256404], 
            [-54.2064284838874, 47.6147326338041], 
            [-54.183468792051, 47.5926812572343], 
            [-54.1614174154813, 47.569721565398], 
            [-54.0934466552389, 47.5476701888283], 
            [-54.0713952786691, 47.5247104969919], 
            [-54.01149143718, 47.4956444084627], 
            [-54.0484355868328, 47.4571893977726], 
            [-54.0938963162619, 47.4351380212028], 
            [-54.1304177845531, 47.3226058535774], 
            [-54.2463853623945, 47.3485692810476], 
            [-54.4251885715952, 47.3943897392951], 
            [-54.5656626751922, 47.2991695210566], 
            [-54.6331657879707, 47.3005544770076], 
            [-54.6803352292873, 47.2762547953226], 
            [-54.7465702979808, 47.2776037783917], 
            [-54.7828129764376, 47.1659169734896], 
            [-54.8879976829467, 47.2372152253025], 
            [-54.9716346332317, 47.210073685952], 
            [-54.9936950030219, 47.1646129565228], 
            [-55.0166457016377, 47.1200515491398], 
            [-55.038706071428, 47.0745908197106], 
            [-55.0731411125722, 47.0415047616355], 
            [-55.1419122694356, 46.9699277199884], 
            [-55.2412603758656, 46.8945375528659], 
            [-55.309231136108, 46.8724861762961], 
            [-55.4053956424949, 46.8395709894097], 
            [-55.549170258001, 46.8764162136374], 
            [-55.64127882196, 46.828958989266], 
            [-55.8450651976007, 46.8248041214131], 
            [-55.8939343575845, 46.8499761454828], 
            [-56.0289675628027, 46.9154917565394], 
            [-56.006916186233, 47.0075193815143], 
            [-55.9389454259905, 47.0520807888974], 
            [-55.8475743061093, 47.1140170982106], 
            [-55.5599351428925, 47.1541718275679], 
            [-55.4442643413262, 47.2325837167652], 
            [-55.3546289129939, 47.276065937693], 
            [-55.3312735194573, 47.3672032338422], 
            [-55.3321818347238, 47.4116387361389], 
            [-55.2025265753411, 47.4902574694068], 
            [-54.9759423858324, 47.5454938294767], 
            [-55.1741889376693, 47.569721565398], 
            [-55.3021714580463, 47.6216304338975], 
            [-55.3312825126778, 47.5022004661786], 
            [-55.354242204514, 47.4801490896089], 
            [-55.3762935810838, 47.4571893977726], 
            [-55.5342864781384, 47.4126279903895], 
            [-55.5775348753341, 47.3676169219834], 
            [-55.6704708155756, 47.3899470883875], 
            [-55.7139350500624, 47.4351829873051], 
            [-55.9379381852989, 47.4097411666216], 
            [-55.9848378300018, 47.4585563672826], 
            [-56.1189986928354, 47.4558134350421], 
            [-56.0969383230451, 47.5476701888283], 
            [-56.0511628308998, 47.5698744501458], 
            [-56.0859126347602, 47.6032572844962], 
            [-56.1189986928354, 47.6376923256404], 
            [-56.1419493914512, 47.6597437022102], 
            [-56.1640097612414, 47.8177365992647], 
            [-56.1869604598573, 47.839796969055], 
            [-56.2090208296475, 47.9077677292973], 
            [-56.2319805214838, 47.9298191058671], 
            [-56.2540318980536, 47.9527787977034], 
            [-56.2769915898899, 47.9748301742732], 
            [-56.2990429664597, 47.9977898661095], 
            [-56.322002658296, 48.0198412426792], 
            [-56.3440540348657, 48.0878120029217], 
            [-56.3670137267021, 48.1098723727119], 
            [-56.3890651032718, 48.1328230713278], 
            [-56.4120247951082, 48.154883441118], 
            [-56.4340851648984, 48.1778341397338], 
            [-56.4570358635143, 48.1998945095241], 
            [-56.4790962333045, 48.2228452081399], 
            [-56.5020469319203, 48.2449055779302], 
            [-56.5241073017106, 48.2678652697665], 
            [-56.5920780619529, 48.2899166463362], 
            [-56.6141294385227, 48.3128763381725], 
            [-56.637089130359, 48.3349277147423], 
            [-56.6591405069288, 48.3578874065786], 
            [-56.7271112671712, 48.3799387831484], 
            [-56.7703596643669, 48.4249498515545], 
            [-56.9071555407955, 48.4028984749847], 
            [-56.9292159105858, 48.3799387831484], 
            [-57.0421977392342, 48.3578874065786], 
            [-57.064249115804, 48.3349277147423], 
            [-57.0872088076403, 48.3128763381725], 
            [-57.1092601842101, 48.2899166463362], 
            [-57.1772309444524, 48.2678652697665], 
            [-57.1992913142427, 48.2449055779302], 
            [-57.2672530812646, 48.2228452081399], 
            [-57.2893134510549, 48.1998945095241], 
            [-57.4022952797033, 48.1778341397338], 
            [-57.4243466562731, 48.154883441118], 
            [-57.4923174165155, 48.1328230713278], 
            [-57.5143777863057, 48.1098723727119], 
            [-57.7173817517664, 48.0878120029217], 
            [-57.7606211557417, 48.0428009345156], 
            [-57.9874481622028, 48.0648613043058], 
            [-58.0095085319931, 48.0878120029217], 
            [-58.1675014290477, 48.1098723727119], 
            [-58.1895528056174, 48.1328230713278], 
            [-58.2575235658598, 48.154883441118], 
            [-58.2795839356501, 48.1778341397338], 
            [-58.347545702672, 48.1998945095241], 
            [-58.3696060724622, 48.2228452081399], 
            [-58.392556771078, 48.2449055779302], 
            [-58.4146171408683, 48.2678652697665], 
            [-58.4825879011107, 48.2899166463362], 
            [-58.5046392776804, 48.3578874065786], 
            [-58.5275989695168, 48.3799387831484], 
            [-58.5496503460865, 48.4028984749847], 
            [-58.5730686921664, 48.4253995125775], 
            [-58.5717017226563, 48.4925788694194], 
            [-58.662632174735, 48.5599920499932], 
            [-58.6846925445253, 48.6729738786416], 
            [-58.7275991993435, 48.7141988012337], 
            [-58.6396814761192, 48.8300674536501], 
            [-58.6168207097079, 48.877182935644], 
            [-58.5721603768998, 48.9200895904623], 
            [-58.529946200057, 49.0070900051996], 
            [-58.4821382400876, 49.0776328264938], 
            [-58.4592774736764, 49.1247483084877], 
            [-58.4146171408683, 49.167654963306], 
            [-58.3732033606465, 49.253009618699], 
            [-58.3250446650792, 49.3031378295473], 
            [-58.2799976237912, 49.3464221996249], 
            [-58.2451488945058, 49.4538192383673], 
            [-58.1224903606416, 49.5282021647981], 
            [-58.0095085319931, 49.5952736029944], 
            [-57.9831494028226, 49.7303068082127], 
            [-57.649410991524, 49.7082554316429], 
            [-57.6273506217337, 49.6852957398066], 
            [-57.5143777863057, 49.6632353700164], 
            [-57.4923174165155, 49.6402846714005], 
            [-57.379335587867, 49.6182243016103], 
            [-57.3572842112973, 49.5952736029944], 
            [-57.2893134510549, 49.5732132332042], 
            [-57.2672530812646, 49.5502625345884], 
            [-57.2443023826488, 49.5282021647981], 
            [-57.2222420128585, 49.5052424729619], 
            [-57.1542802458366, 49.4831910963921], 
            [-57.1322198760464, 49.4602314045558], 
            [-57.1092601842101, 49.438180027986], 
            [-57.0872088076403, 49.4152203361497], 
            [-57.0192380473979, 49.3931689595799], 
            [-56.9971866708281, 49.3702092677436], 
            [-56.9292159105858, 49.3481578911738], 
            [-56.88596751339, 49.3031378295473], 
            [-56.6141294385227, 49.3251981993375], 
            [-56.5920780619529, 49.3481578911738], 
            [-56.5241073017106, 49.3702092677436], 
            [-56.5020469319203, 49.3931689595799], 
            [-56.4790962333045, 49.4152203361497], 
            [-56.4570358635143, 49.438180027986], 
            [-56.3890651032718, 49.4602314045558], 
            [-56.3670137267021, 49.4831910963921], 
            [-56.2990429664597, 49.5052424729619], 
            [-56.2769915898899, 49.5282021647981], 
            [-56.2540318980536, 49.5502625345884], 
            [-56.2319805214838, 49.5732132332042], 
            [-56.1189986928354, 49.5952736029944], 
            [-56.0969383230451, 49.6182243016103], 
            [-55.9839564943966, 49.6402846714005], 
            [-55.9575703855648, 49.6677499666877], 
            [-55.7141149144717, 49.6627857089933], 
            [-55.6013669095552, 49.6650879734313], 
            [-55.5342774849179, 49.595264609774], 
            [-55.4884030673476, 49.5961999047019], 
            [-55.4552900296111, 49.5617378838963]
          ], 
          [
            [-55.4814782875928, 49.5540396871819], 
            [-55.4634109076871, 49.5341197038613], 
            [-55.4552900296111, 49.5617378838963], 
            [-55.4814782875928, 49.5540396871819]
          ], 
          [
            [-54.9376492531105, 47.5586958771131], 
            [-54.9453474498249, 47.5848841350948], 
            [-54.9652674331455, 47.5668167551892], 
            [-54.9376492531105, 47.5586958771131]
          ]
        ]
      }, 
      "properties" : {
        "OBJECTID" : 36, 
        "Id" : 36, 
        "gridcode" : 1, 
        "Unixtime" : 1785913200, 
        "Timestamp" : 1785913200000, 
        "Shape__Area" : 127287161988.22656, 
        "Shape__Length" : 2136892.8101982074
      }
    }, 
    {
      "type" : "Feature", 
      "id" : 37, 
      "geometry" : 
      {
        "type" : "Polygon", 
        "coordinates" : 
        [
          [
            [-53.6773123580788, 47.8737823491762], 
            [-53.6877265073724, 47.8391854300637], 
            [-53.7210194095181, 47.7795154123065], 
            [-53.673589164808, 47.7386502185328], 
            [-53.6410157202992, 47.6802752245221], 
            [-53.6461778288436, 47.6160726236528], 
            [-53.6168149640393, 47.613716399892], 
            [-53.5526933021541, 47.7041432316249], 
            [-53.500712487891, 47.8206324162531], 
            [-53.3228895397204, 48.0329263784497], 
            [-53.1674237376153, 48.0900153419346], 
            [-53.0743439058465, 48.0825419757317], 
            [-52.9843217690344, 48.1870342042652], 
            [-52.8445851095152, 48.1758016719097], 
            [-52.7670725423638, 48.182033973689], 
            [-52.7602466880342, 48.0970840132167], 
            [-52.9063145747577, 48.0416587955171], 
            [-52.9658586874284, 47.9725458962762], 
            [-53.0142152338459, 47.9308803058815], 
            [-53.0350525256535, 47.8616864676565], 
            [-53.1076458012127, 47.7689933443675], 
            [-53.1024477197864, 47.7043141028137], 
            [-53.1518564729978, 47.6346256374633], 
            [-53.1168998250668, 47.4807606286002], 
            [-53.0560696818703, 47.5523196838064], 
            [-53.0626707056884, 47.6344727527155], 
            [-52.9428270498284, 47.6849427059412], 
            [-52.8977350424382, 47.681327431316], 
            [-52.8272911465691, 47.8391854300637], 
            [-52.7424760844037, 47.8183481382561], 
            [-52.7216387925961, 47.7941743616575], 
            [-52.67721228352, 47.7558992153766], 
            [-52.6541176933768, 47.7041432316249], 
            [-52.625078584509, 47.6520994648185], 
            [-52.6317425608704, 47.5692179450522], 
            [-52.5755888923135, 47.5208434121938], 
            [-52.6299439167782, 47.4340768211884], 
            [-52.6896858802991, 47.3498103454712], 
            [-52.7424760844037, 47.2315225167508], 
            [-52.7666498610022, 47.2106852249432], 
            [-52.7874871528098, 47.1640014175315], 
            [-52.8116609294083, 47.1431731189444], 
            [-52.8381909297675, 46.9690643708241], 
            [-52.8791820286277, 46.8955987528802], 
            [-52.9077804696929, 46.769720646091], 
            [-53.0273543289391, 46.7030089367132], 
            [-53.0575535632463, 46.7380555168487], 
            [-53.2167695382835, 46.7588928086563], 
            [-53.2376068300911, 46.7830755784752], 
            [-53.3068006683161, 46.8039038770623], 
            [-53.3276289669033, 46.8280866468813], 
            [-53.3968228051283, 46.8489149454684], 
            [-53.4176511037154, 46.8730977152874], 
            [-53.4868449419404, 46.8939260138745], 
            [-53.507682233748, 46.9181087836935], 
            [-53.5318560103465, 46.9389370822806], 
            [-53.5526933021541, 46.9631198520996], 
            [-53.6218871403792, 46.9839571439072], 
            [-53.6427154389663, 47.0081309205057], 
            [-53.6668982087853, 47.0289682123133], 
            [-53.6877265073724, 47.0531419889118], 
            [-53.7119092771914, 47.0739792807193], 
            [-53.7327375757785, 47.0981530573178], 
            [-53.8019314140035, 47.1189903491254], 
            [-53.8227597125906, 47.1431731189444], 
            [-53.8469424824096, 47.1640014175315], 
            [-53.8677797742171, 47.1881841873504], 
            [-53.8919535508156, 47.2090124859375], 
            [-53.9307323174424, 47.2540235543436], 
            [-53.9819846808483, 47.2331952557565], 
            [-54.0028129794354, 47.2090124859375], 
            [-54.0269957492544, 47.1881841873504], 
            [-54.0478240478415, 47.1640014175315], 
            [-54.0720068176605, 47.1431731189444], 
            [-54.1107855842872, 47.0981530573178], 
            [-54.0925293467519, 47.1739029532588], 
            [-54.0478240478415, 47.2540235543436], 
            [-54.019630301697, 47.408617014064], 
            [-53.9801860367562, 47.4792947336651], 
            [-53.9821105859347, 47.5031627407679], 
            [-53.9578019110293, 47.5240989580006], 
            [-53.9369646192217, 47.5482817278196], 
            [-53.9127908426232, 47.5691100264067], 
            [-53.8919535508156, 47.5932927962256], 
            [-53.8677797742171, 47.6141210948127], 
            [-53.8469424824096, 47.6833149330378], 
            [-53.8227597125906, 47.7041432316249], 
            [-53.8019314140035, 47.7283260014439], 
            [-53.7777486441845, 47.7491632932515], 
            [-53.7569203455974, 47.8183481382561], 
            [-53.7327375757785, 47.8391854300637], 
            [-53.7119092771914, 47.8633681998826], 
            [-53.6773123580788, 47.8737823491762]
          ]
        ]
      }, 
      "properties" : {
        "OBJECTID" : 37, 
        "Id" : 37, 
        "gridcode" : 1, 
        "Unixtime" : 1785913200, 
        "Timestamp" : 1785913200000, 
        "Shape__Area" : 21644116686.949219, 
        "Shape__Length" : 938016.4741259251
      }
    }, 
    {
      "type" : "Feature", 
      "id" : 38, 
      "geometry" : 
      {
        "type" : "Polygon", 
        "coordinates" : 
        [
          [
            [-124.053831019486, 46.6809575601434], 
            [-124.064658856921, 46.6926397535219], 
            [-124.133034312084, 46.7367964659842], 
            [-124.154680993733, 46.8501829895534], 
            [-124.200546418083, 46.9168407396085], 
            [-124.232166581223, 47.1810345770842], 
            [-124.267213161358, 47.2552915984286], 
            [-124.329581145254, 47.3130820331094], 
            [-124.373135311945, 47.3953969799867], 
            [-124.417624773564, 47.6284203153454], 
            [-124.447293407864, 47.6604361801856], 
            [-124.537279571795, 47.6568658716627], 
            [-124.515632890146, 47.6829102381171], 
            [-124.44954171298, 47.714098726675], 
            [-124.604800671014, 47.8404534741486], 
            [-124.673176126177, 47.8846011933904], 
            [-124.702044363856, 47.945764085744], 
            [-124.773099798717, 47.9792998048422], 
            [-124.72611921503, 48.0680808772308], 
            [-124.796221368521, 48.1699560786102], 
            [-124.739806896571, 48.2222246759281], 
            [-124.740724205058, 48.2454721508192], 
            [-124.717134987789, 48.3127864059679], 
            [-124.784853937859, 48.41119921747], 
            [-124.582299633421, 48.4031053190553], 
            [-124.28345491751, 48.2890712836129], 
            [-124.238848544025, 48.2908339548232], 
            [-124.076341050299, 48.2338798896453], 
            [-124.09646787769, 48.0292121783994], 
            [-124.085676013137, 47.8949793698022], 
            [-123.881125213758, 47.6476837935723], 
            [-123.775014205541, 47.4098940513695], 
            [-123.612362820288, 47.1804949838565], 
            [-123.548286124505, 46.9956663169471], 
            [-123.595095837003, 46.8681964101363], 
            [-123.780598995447, 46.812348511075], 
            [-123.96685758441, 46.7296648421588], 
            [-124.00881995108, 46.6809575601434], 
            [-124.031329981893, 46.6809575601434], 
            [-124.053831019486, 46.6809575601434]
          ]
        ]
      }, 
      "properties" : {
        "OBJECTID" : 38, 
        "Id" : 38, 
        "gridcode" : 1, 
        "Unixtime" : 1785913200, 
        "Timestamp" : 1785913200000, 
        "Shape__Area" : 17572105364.117188, 
        "Shape__Length" : 717604.94966105476
      }
    }, 
    {
      "type" : "Feature", 
      "id" : 39, 
      "geometry" : 
      {
        "type" : "Polygon", 
        "coordinates" : 
        [
          [
            [-124.053831019486, 46.6809575601434], 
            [-124.068957616301, 46.6510640953318], 
            [-124.098842087892, 46.6359464917373], 
            [-124.098842087892, 46.6809575601434], 
            [-124.053831019486, 46.6809575601434]
          ]
        ]
      }, 
      "properties" : {
        "OBJECTID" : 39, 
        "Id" : 39, 
        "gridcode" : 1, 
        "Unixtime" : 1785913200, 
        "Timestamp" : 1785913200000, 
        "Shape__Area" : 24291817.2109375, 
        "Shape__Length" : 21576.506490997737
      }
    }, 
    {
      "type" : "Feature", 
      "id" : 44, 
      "geometry" : 
      {
        "type" : "Polygon", 
        "coordinates" : 
        [
          [
            [-107.331809915095, 46.2083278520488], 
            [-106.386559492127, 46.2083278520488], 
            [-106.386559492127, 46.1633167836428], 
            [-106.161495156876, 46.1633167836428], 
            [-106.161495156876, 46.1183057152367], 
            [-106.251517293688, 46.1183057152367], 
            [-106.251517293688, 46.0732946468306], 
            [-106.341548423721, 46.0732946468306], 
            [-106.341548423721, 46.0282835784245], 
            [-106.431570560533, 46.0282835784245], 
            [-106.431570560533, 45.9832725100184], 
            [-106.656625902563, 45.9832725100184], 
            [-106.656625902563, 45.9382614416123], 
            [-106.791668101002, 45.9382614416123], 
            [-106.791668101002, 45.9832725100184], 
            [-107.016723443032, 45.9832725100184], 
            [-107.016723443032, 46.0282835784245], 
            [-107.151765641471, 46.0282835784245], 
            [-107.151765641471, 46.0732946468306], 
            [-107.196776709877, 46.0732946468306], 
            [-107.196776709877, 46.1183057152367], 
            [-107.286798846689, 46.1183057152367], 
            [-107.286798846689, 46.1633167836428], 
            [-107.331809915095, 46.1633167836428], 
            [-107.331809915095, 46.2083278520488]
          ]
        ]
      }, 
      "properties" : {
        "OBJECTID" : 44, 
        "Id" : 44, 
        "gridcode" : 1, 
        "Unixtime" : 1785913200, 
        "Timestamp" : 1785913200000, 
        "Shape__Area" : 3657166386.2578125, 
        "Shape__Length" : 347229.485591067
      }
    }, 
    {
      "type" : "Feature", 
      "id" : 45, 
      "geometry" : 
      {
        "type" : "Polygon", 
        "coordinates" : 
        [
          [
            [-63.0398394170554, 46.0957956844234], 
            [-63.09653267884, 46.1291335526714], 
            [-63.1186110350711, 46.1529565936719], 
            [-63.1815995511783, 46.0849768402091], 
            [-63.3441070449041, 46.1291335526714], 
            [-63.5007869317714, 46.1749989770212], 
            [-63.6745449442937, 46.1987500722581], 
            [-63.7708623354284, 46.2650211138334], 
            [-63.8392377905915, 46.3091778262958], 
            [-63.8608844722405, 46.355052243866], 
            [-64.175179540903, 46.3801613153925], 
            [-64.1768612731292, 46.4225103905422], 
            [-64.1329923437216, 46.5054098967494], 
            [-64.1303213572448, 46.5728590502051], 
            [-64.4452999106623, 46.6063767828623], 
            [-64.4496436361449, 46.7159142080743], 
            [-64.3317964752271, 46.8251008976883], 
            [-64.2081486871122, 46.9585512961055], 
            [-64.1467609642471, 46.9875274524301], 
            [-63.9878237790441, 47.0968940064533], 
            [-63.9483255547805, 47.0496436261525], 
            [-63.9517879446578, 46.9622834825967], 
            [-63.9483885073237, 46.8765960780466], 
            [-63.9959176774588, 46.7867627988642], 
            [-63.8430689025078, 46.6721801769737], 
            [-63.68169455456, 46.6017542675455], 
            [-63.5102477996961, 46.5609160534332], 
            [-63.4341291817163, 46.5342421615466], 
            [-63.2982326273339, 46.5125954798976], 
            [-63.2078687481442, 46.4504163536319], 
            [-63.0082012674745, 46.442493326406], 
            [-62.7805918508332, 46.4667210623272], 
            [-62.5220907219092, 46.5117321307333], 
            [-61.9262179206205, 46.4873605032847], 
            [-61.9633779075643, 46.4133103260108], 
            [-62.1504189067071, 46.331687857109], 
            [-62.301801786723, 46.2956250430614], 
            [-62.3538365603089, 46.2200100454273], 
            [-62.3863380590541, 46.1511399631389], 
            [-62.4222839612357, 46.1525608919717], 
            [-62.4200356561206, 46.0957956844234], 
            [-62.4218163137718, 46.0507846160173], 
            [-62.4190553950904, 45.9811411167692], 
            [-62.5542234986155, 45.9337648313819], 
            [-62.7731724439531, 45.9250863736373], 
            [-62.8717651198643, 45.9562928486362], 
            [-62.960645117678, 46.0174557409898], 
            [-63.0949408788184, 46.0430954125234], 
            [-63.0506672544901, 46.0841134910448], 
            [-63.0398394170554, 46.0957956844234]
          ], 
          [
            [-62.9896212740025, 46.1066055354172], 
            [-63.0108003081876, 46.1487837393781], 
            [-63.0398394170554, 46.0957956844234], 
            [-62.9896212740025, 46.1066055354172]
          ]
        ]
      }, 
      "properties" : {
        "OBJECTID" : 45, 
        "Id" : 45, 
        "gridcode" : 1, 
        "Unixtime" : 1785913200, 
        "Timestamp" : 1785913200000, 
        "Shape__Area" : 17274665559.972656, 
        "Shape__Length" : 848714.19933822076
      }
    }, 
    {
      "type" : "Feature", 
      "id" : 46, 
      "geometry" : 
      {
        "type" : "Polygon", 
        "coordinates" : 
        [
          [
            [-62.6347308081802, 45.7807182055808], 
            [-62.6150446485916, 45.8574213828906], 
            [-62.4679965008378, 45.8364132198943], 
            [-62.5033128775872, 45.7903139718125], 
            [-62.6347308081802, 45.7807182055808]
          ]
        ]
      }, 
      "properties" : {
        "OBJECTID" : 46, 
        "Id" : 46, 
        "gridcode" : 1, 
        "Unixtime" : 1785913200, 
        "Timestamp" : 1785913200000, 
        "Shape__Area" : 154799387.72265625, 
        "Shape__Length" : 52212.124598305687
      }
    }, 
    {
      "type" : "Feature", 
      "id" : 52, 
      "geometry" : 
      {
        "type" : "Polygon", 
        "coordinates" : 
        [
          [
            [-66.7308369585587, 44.5428823481419], 
            [-66.7891669864672, 44.5520734194528], 
            [-66.8539991127688, 44.579304891008], 
            [-66.9384724325566, 44.5603651687176], 
            [-66.9526457480028, 44.6235785153363], 
            [-66.8582708924876, 44.7972376024335], 
            [-66.7576187690909, 44.8395147318195], 
            [-66.6792968120981, 44.7384669067225], 
            [-66.6317406623016, 44.6252332679011], 
            [-66.712454815937, 44.5695112739262], 
            [-66.7308369585587, 44.5428823481419]
          ]
        ]
      }, 
      "properties" : {
        "OBJECTID" : 52, 
        "Id" : 52, 
        "gridcode" : 1, 
        "Unixtime" : 1785913200, 
        "Timestamp" : 1785913200000, 
        "Shape__Area" : 1046768806.1679688, 
        "Shape__Length" : 130816.75088607866
      }
    }, 
    {
      "type" : "Feature", 
      "id" : 54, 
      "geometry" : 
      {
        "type" : "Polygon", 
        "coordinates" : 
        [
          [
            [-68.8239011021541, 43.7551661679843], 
            [-68.8826358249833, 43.7639525443745], 
            [-68.9002085777636, 43.7913908600003], 
            [-68.9452196461697, 43.820214131577], 
            [-68.916261476286, 43.9210910854853], 
            [-68.8126505833577, 43.8919710376334], 
            [-68.7088148599178, 43.921145044808], 
            [-68.6937961817483, 43.8677073288303], 
            [-68.7451294841383, 43.8532822032112], 
            [-68.7812102846269, 43.8634175626705], 
            [-68.8151237189844, 43.8139008908135], 
            [-68.8239011021541, 43.7551661679843]
          ]
        ]
      }, 
      "properties" : {
        "OBJECTID" : 54, 
        "Id" : 54, 
        "gridcode" : 1, 
        "Unixtime" : 1785913200, 
        "Timestamp" : 1785913200000, 
        "Shape__Area" : 372669349.6171875, 
        "Shape__Length" : 95229.682972250972
      }
    }, 
    {
      "type" : "Feature", 
      "id" : 56, 
      "geometry" : 
      {
        "type" : "Polygon", 
        "coordinates" : 
        [
          [
            [-65.9656308092144, 43.3725675899224], 
            [-66.0560756273882, 43.3836202578687], 
            [-66.0427386814449, 43.473840245531], 
            [-66.0486652137286, 43.5139590020064], 
            [-65.9903171993792, 43.5491584668898], 
            [-65.9426621241577, 43.5123761952053], 
            [-65.9656308092144, 43.3725675899224]
          ]
        ]
      }, 
      "properties" : {
        "OBJECTID" : 56, 
        "Id" : 56, 
        "gridcode" : 1, 
        "Unixtime" : 1785913200, 
        "Timestamp" : 1785913200000, 
        "Shape__Area" : 251634654.66015625, 
        "Shape__Length" : 68095.32575788055
      }
    }, 
    {
      "type" : "Feature", 
      "id" : 57, 
      "geometry" : 
      {
        "type" : "Polygon", 
        "coordinates" : 
        [
          [
            [-114.241184283228, 43.260035422297], 
            [-114.504406852894, 43.2790560835715], 
            [-114.723050028736, 43.3631157152181], 
            [-114.831894975972, 43.4603594080603], 
            [-114.904479258311, 43.6626439158841], 
            [-114.872085678211, 43.8904961494778], 
            [-114.809528836686, 44.0532284737152], 
            [-114.708750808203, 44.2116890182337], 
            [-114.557574772258, 44.3051465652619], 
            [-114.319065572418, 44.3193648468103], 
            [-114.029735683755, 44.2300172015327], 
            [-113.785156060104, 44.0876275419776], 
            [-113.676140241679, 43.9315591941016], 
            [-113.631812658028, 43.7660479647419], 
            [-113.69470224871, 43.5623785009671], 
            [-113.842802603257, 43.3966244546549], 
            [-114.049232985714, 43.3057659483399], 
            [-114.230563289864, 43.2719154665256], 
            [-114.241184283228, 43.260035422297]
          ]
        ]
      }, 
      "properties" : {
        "OBJECTID" : 57, 
        "Id" : 57, 
        "gridcode" : 1, 
        "Unixtime" : 1785913200, 
        "Timestamp" : 1785913200000, 
        "Shape__Area" : 17781873589.046875, 
        "Shape__Length" : 481089.1300503547
      }
    }, 
    {
      "type" : "Feature", 
      "id" : 59, 
      "geometry" : 
      {
        "type" : "Polygon", 
        "coordinates" : 
        [
          [
            [-110.617698847724, 42.5623413789515], 
            [-110.841144403292, 42.5769193893184], 
            [-111.172166862011, 42.7596796155219], 
            [-111.298764426437, 42.8813129222536], 
            [-111.393013376866, 43.0203571037974], 
            [-111.438950746979, 43.1995829943598], 
            [-111.413931607657, 43.8426612098471], 
            [-111.29920509424, 43.9204345803916], 
            [-110.56121243001, 43.946245123114], 
            [-110.202400920066, 43.9744388692585], 
            [-110.026880236334, 43.9316491263062], 
            [-109.931534113009, 43.7909951583], 
            [-109.928413465509, 43.6379485324989], 
            [-109.982579632344, 43.526306693699], 
            [-110.30338579262, 43.0870957928366], 
            [-110.405018177047, 42.889811515589], 
            [-110.48899686971, 42.71670101494], 
            [-110.541832039917, 42.6361217596116], 
            [-110.606673159439, 42.5738257214799], 
            [-110.617698847724, 42.5623413789515]
          ]
        ]
      }, 
      "properties" : {
        "OBJECTID" : 59, 
        "Id" : 59, 
        "gridcode" : 1, 
        "Unixtime" : 1785913200, 
        "Timestamp" : 1785913200000, 
        "Shape__Area" : 26637323819.570313, 
        "Shape__Length" : 634565.71828510752
      }
    }, 
    {
      "type" : "Feature", 
      "id" : 62, 
      "geometry" : 
      {
        "type" : "Polygon", 
        "coordinates" : 
        [
          [
            [-124.436438590768, 42.6298624781709], 
            [-124.198325092629, 42.5890602369404], 
            [-124.083760457179, 42.5251454191259], 
            [-123.885765715515, 42.2953326634717], 
            [-123.68501904839, 42.3114575077578], 
            [-123.540057327783, 42.2305814761543], 
            [-123.503266062878, 42.0893429488181], 
            [-123.552342066933, 41.9557126859917], 
            [-123.712223540284, 41.921754285532], 
            [-123.897330997028, 42.0530103381566], 
            [-123.988666144027, 42.0020457578055], 
            [-124.233884286331, 41.9096673972327], 
            [-124.270990313952, 42.0018029408531], 
            [-124.379430566268, 42.0666620468161], 
            [-124.403730247953, 42.1817842619342], 
            [-124.449478760436, 42.2576330833002], 
            [-124.446016370559, 42.2810963954823], 
            [-124.471943825147, 42.4389633874504], 
            [-124.446241201071, 42.5271329208477], 
            [-124.436438590768, 42.6298624781709]
          ]
        ]
      }, 
      "properties" : {
        "OBJECTID" : 62, 
        "Id" : 62, 
        "gridcode" : 1, 
        "Unixtime" : 1785913200, 
        "Timestamp" : 1785913200000, 
        "Shape__Area" : 6864181978.8984375, 
        "Shape__Length" : 376191.67681592668
      }
    }, 
    {
      "type" : "Feature", 
      "id" : 65, 
      "geometry" : 
      {
        "type" : "Polygon", 
        "coordinates" : 
        [
          [
            [-69.9492047919675, 41.2119823471077], 
            [-70.1990004834855, 41.2260837167902], 
            [-70.3651412382775, 41.3333638436665], 
            [-70.2989781153477, 41.3713242272314], 
            [-70.190052229127, 41.3136866772984], 
            [-70.0725288241459, 41.3578523829812], 
            [-70.0752088038432, 41.4253554957596], 
            [-69.9856992805973, 41.3846971460565], 
            [-69.9273332798069, 41.2743952971053], 
            [-69.9492047919675, 41.2119823471077]
          ]
        ]
      }, 
      "properties" : {
        "OBJECTID" : 65, 
        "Id" : 65, 
        "gridcode" : 1, 
        "Unixtime" : 1785913200, 
        "Timestamp" : 1785913200000, 
        "Shape__Area" : 791929047.421875, 
        "Shape__Length" : 139824.503810915
      }
    }, 
    {
      "type" : "Feature", 
      "id" : 66, 
      "geometry" : 
      {
        "type" : "Polygon", 
        "coordinates" : 
        [
          [
            [-71.5246371522827, 41.1219512170751], 
            [-71.6461535471484, 41.1325002646756], 
            [-71.6121142077045, 41.2659776427541], 
            [-71.5318317286513, 41.2402030729136], 
            [-71.5104008842933, 41.1551272073548], 
            [-71.5246371522827, 41.1219512170751]
          ]
        ]
      }, 
      "properties" : {
        "OBJECTID" : 66, 
        "Id" : 66, 
        "gridcode" : 1, 
        "Unixtime" : 1785913200, 
        "Timestamp" : 1785913200000, 
        "Shape__Area" : 228968524.27734375, 
        "Shape__Length" : 61406.514683192785
      }
    }, 
    {
      "type" : "Feature", 
      "id" : 67, 
      "geometry" : 
      {
        "type" : "Polygon", 
        "coordinates" : 
        [
          [
            [-88.1341260890477, 40.9419069434508], 
            [-88.3365634816194, 40.9565389131404], 
            [-88.4148134928484, 41.1005473523785], 
            [-88.3831213839447, 41.2845756226669], 
            [-88.2127628087566, 41.3554332066772], 
            [-88.035173684318, 41.2739276496414], 
            [-87.9931123922231, 41.1169060203966], 
            [-88.0617846236614, 41.0089424087652], 
            [-88.1235050956836, 40.9537959808999], 
            [-88.1341260890477, 40.9419069434508]
          ]
        ]
      }, 
      "properties" : {
        "OBJECTID" : 67, 
        "Id" : 67, 
        "gridcode" : 1, 
        "Unixtime" : 1785913200, 
        "Timestamp" : 1785913200000, 
        "Shape__Area" : 2141676511.09375, 
        "Shape__Length" : 172036.73039756942
      }
    }, 
    {
      "type" : "Feature", 
      "id" : 68, 
      "geometry" : 
      {
        "type" : "Polygon", 
        "coordinates" : 
        [
          [
            [-84.6681838895748, 40.5592993721684], 
            [-84.6906939203881, 40.5592993721684], 
            [-84.6794434015916, 40.5881316369655], 
            [-84.6681838895748, 40.5592993721684]
          ]
        ]
      }, 
      "properties" : {
        "OBJECTID" : 68, 
        "Id" : 68, 
        "gridcode" : 1, 
        "Unixtime" : 1785913200, 
        "Timestamp" : 1785913200000, 
        "Shape__Area" : 5294191.0859375, 
        "Shape__Length" : 11320.556636269153
      }
    }, 
    {
      "type" : "Feature", 
      "id" : 70, 
      "geometry" : 
      {
        "type" : "Polygon", 
        "coordinates" : 
        [
          [
            [-106.971712374626, 40.5367983345756], 
            [-107.186560411434, 40.5470056397985], 
            [-107.2069840151, 40.5715931045382], 
            [-107.366613678279, 40.5920257014251], 
            [-107.387037281945, 40.6166131661648], 
            [-107.501646883497, 40.6370367698311], 
            [-107.522070487163, 40.6616242345709], 
            [-107.636689081936, 40.6820478382372], 
            [-107.657112685602, 40.7066353029769], 
            [-107.681700150342, 40.7270589066433], 
            [-107.702123754008, 40.751646371383], 
            [-107.771722287154, 40.7720699750494], 
            [-107.79214589082, 40.7966574397891], 
            [-107.861744423966, 40.8170810434555], 
            [-107.882168027632, 40.8416685081952], 
            [-107.906755492372, 40.8620921118616], 
            [-107.927179096038, 40.8866795766012], 
            [-107.951766560778, 40.9071031802676], 
            [-107.972199157665, 40.9316906450073], 
            [-107.996786622405, 40.9521232418942], 
            [-108.017210226071, 40.9767107066339], 
            [-108.041797690811, 40.9971343103003], 
            [-108.062221294477, 41.02172177504], 
            [-108.086808759217, 41.0421453787063], 
            [-108.107232362883, 41.0667328434461], 
            [-108.131819827623, 41.0871564471124], 
            [-108.152243431289, 41.1117439118522], 
            [-108.176830896029, 41.1321675155185], 
            [-108.197254499695, 41.2017660486643], 
            [-108.242265568101, 41.2391598593401], 
            [-108.221841964435, 41.3818193155091], 
            [-108.197254499695, 41.4022429191755], 
            [-108.176830896029, 41.4718414523213], 
            [-108.152243431289, 41.4922650559876], 
            [-108.131819827623, 41.5618635891334], 
            [-108.107232362883, 41.5822871927998], 
            [-108.086808759217, 41.6068746575395], 
            [-108.062221294477, 41.6272982612059], 
            [-108.041797690811, 41.6518857259456], 
            [-108.017210226071, 41.6723093296119], 
            [-107.996786622405, 41.6969057875721], 
            [-107.972199157665, 41.7173293912385], 
            [-107.951766560778, 41.7419168559782], 
            [-107.927179096038, 41.7623404596446], 
            [-107.906755492372, 41.7869279243843], 
            [-107.882168027632, 41.8073515280507], 
            [-107.861744423966, 41.8769500611965], 
            [-107.837156959226, 41.8973736648628], 
            [-107.81673335556, 41.9219611296025], 
            [-107.79214589082, 41.9423847332689], 
            [-107.771722287154, 41.9669721980086], 
            [-107.747134822414, 41.987395801675], 
            [-107.726711218748, 42.0119832664147], 
            [-107.702123754008, 42.032406870081], 
            [-107.681700150342, 42.0569943348208], 
            [-107.612101617196, 42.0774269317076], 
            [-107.591669020309, 42.1020143964473], 
            [-107.567081555569, 42.1224380001137], 
            [-107.529696738114, 42.1674490685198], 
            [-107.387037281945, 42.1470254648534], 
            [-107.366613678279, 42.1224380001137], 
            [-107.252004076727, 42.1020143964473], 
            [-107.23158047306, 42.0774269317076], 
            [-107.2069840151, 42.0569943348208], 
            [-107.186560411434, 42.032406870081], 
            [-107.116961878288, 42.0119832664147], 
            [-107.096538274622, 41.987395801675], 
            [-107.071950809882, 41.9669721980086], 
            [-107.051527206216, 41.9423847332689], 
            [-106.98192867307, 41.9219611296025], 
            [-106.961505069403, 41.8973736648628], 
            [-106.891906536258, 41.8769500611965], 
            [-106.871482932591, 41.8523625964568], 
            [-106.846886474631, 41.8319389927903], 
            [-106.826462870965, 41.8073515280507], 
            [-106.801875406225, 41.7869279243843], 
            [-106.781451802559, 41.7623404596446], 
            [-106.711853269413, 41.7419168559782], 
            [-106.691429665746, 41.7173293912385], 
            [-106.666842201007, 41.6969057875721], 
            [-106.64641859734, 41.6723093296119], 
            [-106.606461718833, 41.6391243461118], 
            [-106.71120575754, 41.4051747090457], 
            [-106.756864337819, 41.2000483435563], 
            [-106.73073003916, 40.9979526933622], 
            [-106.64641859734, 40.8808070036404], 
            [-106.666842201007, 40.8170810434555], 
            [-106.691429665746, 40.7966574397891], 
            [-106.711853269413, 40.7270589066433], 
            [-106.736440734152, 40.7066353029769], 
            [-106.756864337819, 40.6820478382372], 
            [-106.781451802559, 40.6616242345709], 
            [-106.801875406225, 40.6370367698311], 
            [-106.826462870965, 40.6166131661648], 
            [-106.846886474631, 40.5920257014251], 
            [-106.961505069403, 40.5715931045382], 
            [-106.971712374626, 40.5367983345756]
          ]
        ]
      }, 
      "properties" : {
        "OBJECTID" : 70, 
        "Id" : 70, 
        "gridcode" : 1, 
        "Unixtime" : 1785913200, 
        "Timestamp" : 1785913200000, 
        "Shape__Area" : 29931248286.441406, 
        "Shape__Length" : 678700.4948587009
      }
    }, 
    {
      "type" : "Feature", 
      "id" : 75, 
      "geometry" : 
      {
        "type" : "Polygon", 
        "coordinates" : 
        [
          [
            [-122.883516261266, 39.9066253904495], 
            [-123.156334597164, 39.9223365465944], 
            [-123.35866407109, 40.0424410058478], 
            [-123.434539872117, 40.3385248030773], 
            [-123.445052946836, 40.8534855998806], 
            [-123.391480332551, 41.0185831410991], 
            [-123.285881937901, 41.1284802951296], 
            [-123.19080561119, 41.1774573737589], 
            [-122.980085462574, 41.1817651263596], 
            [-122.625078084886, 41.1164473661531], 
            [-122.066239365454, 41.1981148011572], 
            [-121.807063744996, 41.2034028147881], 
            [-121.60336730156, 41.1636347939107], 
            [-121.41600254648, 41.0524156364725], 
            [-121.347402260806, 40.9512059334072], 
            [-121.315755118004, 40.827729016481], 
            [-121.342087267513, 40.7508010086597], 
            [-121.341205931908, 40.7076425436685], 
            [-121.544021039739, 40.4965536730137], 
            [-121.724514974387, 40.3450269014704], 
            [-121.812909338295, 40.4798442693976], 
            [-121.953797130033, 40.5159520495475], 
            [-122.091941989531, 40.4711298387711], 
            [-122.241867967832, 40.3452697184229], 
            [-122.437353600988, 40.2818315412927], 
            [-122.783529636184, 39.9612592047486], 
            [-122.872490572982, 39.9181007397574], 
            [-122.883516261266, 39.9066253904495]
          ]
        ]
      }, 
      "properties" : {
        "OBJECTID" : 75, 
        "Id" : 75, 
        "gridcode" : 1, 
        "Unixtime" : 1785913200, 
        "Timestamp" : 1785913200000, 
        "Shape__Area" : 30846520532.277344, 
        "Shape__Length" : 742323.20621973742
      }
    }, 
    {
      "type" : "Feature", 
      "id" : 76, 
      "geometry" : 
      {
        "type" : "Polygon", 
        "coordinates" : 
        [
          [
            [-86.0635629830452, 39.7940932228241], 
            [-86.1408866925668, 39.8072323179172], 
            [-86.0848049697735, 39.8703647255517], 
            [-86.0635629830452, 39.7940932228241]
          ]
        ]
      }, 
      "properties" : {
        "OBJECTID" : 76, 
        "Id" : 76, 
        "gridcode" : 1, 
        "Unixtime" : 1785913200, 
        "Timestamp" : 1785913200000, 
        "Shape__Area" : 45334052.9453125, 
        "Shape__Length" : 31201.227703035438
      }
    }, 
    {
      "type" : "Feature", 
      "id" : 77, 
      "geometry" : 
      {
        "type" : "Polygon", 
        "coordinates" : 
        [
          [
            [-86.24361624989, 39.6815700484191], 
            [-86.3193121865082, 39.6938008282457], 
            [-86.3880473704897, 39.7430656899297], 
            [-86.3610677091074, 39.8674509221224], 
            [-86.2291371649481, 39.8935132750177], 
            [-86.1666972352891, 39.7715472191289], 
            [-86.2079941036449, 39.7134690013934], 
            [-86.2342183345085, 39.6946731706304], 
            [-86.24361624989, 39.6815700484191]
          ]
        ]
      }, 
      "properties" : {
        "OBJECTID" : 77, 
        "Id" : 77, 
        "gridcode" : 1, 
        "Unixtime" : 1785913200, 
        "Timestamp" : 1785913200000, 
        "Shape__Area" : 529621192.8125, 
        "Shape__Length" : 87241.804397627246
      }
    }, 
    {
      "type" : "Feature", 
      "id" : 78, 
      "geometry" : 
      {
        "type" : "Polygon", 
        "coordinates" : 
        [
          [
            [-121.848234708265, 39.5015167815743], 
            [-121.936341289119, 39.517965381797], 
            [-122.061320073862, 39.6968765096433], 
            [-122.151432142879, 39.8627114949396], 
            [-122.03082406328, 40.0165495241413], 
            [-121.903866770035, 40.0972996506584], 
            [-121.797854687244, 40.1794527195674], 
            [-121.748275062844, 40.0412718871879], 
            [-121.725081547276, 39.6521712107329], 
            [-121.764184069839, 39.5601076128761], 
            [-121.837613714901, 39.5134058190234], 
            [-121.848234708265, 39.5015167815743]
          ]
        ]
      }, 
      "properties" : {
        "OBJECTID" : 78, 
        "Id" : 78, 
        "gridcode" : 1, 
        "Unixtime" : 1785913200, 
        "Timestamp" : 1785913200000, 
        "Shape__Area" : 2957291367.3046875, 
        "Shape__Length" : 230726.25798429255
      }
    }, 
    {
      "type" : "Feature", 
      "id" : 79, 
      "geometry" : 
      {
        "type" : "Polygon", 
        "coordinates" : 
        [
          [
            [-94.9084582587416, 39.4339956823549], 
            [-95.1471743026519, 39.4516134012376], 
            [-95.3140884744035, 39.6062698135012], 
            [-95.4139851672816, 39.7950554974133], 
            [-95.4236258996155, 40.0382231854517], 
            [-95.3337116814489, 40.1774652178456], 
            [-95.2702645110983, 40.2459306052133], 
            [-95.1230275057148, 40.382357759603], 
            [-95.1185938480276, 40.4943413407804], 
            [-95.2706781992395, 40.6812204619549], 
            [-95.3240889355559, 40.8336015894419], 
            [-95.3306989525945, 41.0003089171229], 
            [-95.282810053641, 41.1515838784933], 
            [-95.1389724855917, 41.3068248500868], 
            [-94.9586314356922, 41.3700292034851], 
            [-94.7875803825286, 41.3158720298704], 
            [-94.6587614926487, 41.1575823565406], 
            [-94.5944239934724, 40.9740487133775], 
            [-94.6059622953236, 40.6830910518107], 
            [-94.6041726444519, 40.6380709901841], 
            [-94.6084174445094, 40.5311236124648], 
            [-94.3583969224799, 40.2555533511064], 
            [-94.3468136545265, 39.9634175776592], 
            [-94.455424778031, 39.7332810660684], 
            [-94.6081026817933, 39.5685072807864], 
            [-94.754701168524, 39.490931761092], 
            [-94.8976304213068, 39.4456778757334], 
            [-94.9084582587416, 39.4339956823549]
          ]
        ]
      }, 
      "properties" : {
        "OBJECTID" : 79, 
        "Id" : 79, 
        "gridcode" : 1, 
        "Unixtime" : 1785913200, 
        "Timestamp" : 1785913200000, 
        "Shape__Area" : 22995487079.816406, 
        "Shape__Length" : 687216.335792289
      }
    }, 
    {
      "type" : "Feature", 
      "id" : 84, 
      "geometry" : 
      {
        "type" : "Polygon", 
        "coordinates" : 
        [
          [
            [-121.465636130203, 38.4887452593863], 
            [-121.541529917672, 38.4994921578369], 
            [-121.511186791837, 38.5871400844474], 
            [-121.43609340099, 38.553307589074], 
            [-121.465636130203, 38.4887452593863]
          ]
        ]
      }, 
      "properties" : {
        "OBJECTID" : 84, 
        "Id" : 84, 
        "gridcode" : 1, 
        "Unixtime" : 1785913200, 
        "Timestamp" : 1785913200000, 
        "Shape__Area" : 101593534.23828125, 
        "Shape__Length" : 40914.569320562878
      }
    }, 
    {
      "type" : "Feature", 
      "id" : 85, 
      "geometry" : 
      {
        "type" : "Polygon", 
        "coordinates" : 
        [
          [
            [-121.690691472234, 38.3537030609476], 
            [-121.785129280292, 38.3836055189796], 
            [-121.897211786894, 38.4874502356399], 
            [-121.971270957389, 38.6274207188911], 
            [-121.974121808275, 38.6993844690181], 
            [-121.930010061915, 38.7469945781373], 
            [-121.776324917461, 38.7530919816098], 
            [-121.681581339907, 38.6653091566923], 
            [-121.635311220636, 38.4441568723419], 
            [-121.690691472234, 38.3537030609476]
          ]
        ]
      }, 
      "properties" : {
        "OBJECTID" : 85, 
        "Id" : 85, 
        "gridcode" : 1, 
        "Unixtime" : 1785913200, 
        "Timestamp" : 1785913200000, 
        "Shape__Area" : 1444488492.4726563, 
        "Shape__Length" : 150526.57566212545
      }
    }, 
    {
      "type" : "Feature", 
      "id" : 86, 
      "geometry" : 
      {
        "type" : "Polygon", 
        "coordinates" : 
        [
          [
            [-90.4297445370806, 38.2186698557293], 
            [-90.5398395419612, 38.2373757542877], 
            [-90.6196004142277, 38.3449436642188], 
            [-90.5868111324278, 38.4937454899625], 
            [-90.4600876629153, 38.5435589380946], 
            [-90.361845722602, 38.5141690936288], 
            [-90.307409759153, 38.4239221263052], 
            [-90.3368985290438, 38.2653626563616], 
            [-90.4199419267784, 38.2313682830199], 
            [-90.4297445370806, 38.2186698557293]
          ]
        ]
      }, 
      "properties" : {
        "OBJECTID" : 86, 
        "Id" : 86, 
        "gridcode" : 1, 
        "Unixtime" : 1785913200, 
        "Timestamp" : 1785913200000, 
        "Shape__Area" : 1195792981.5117188, 
        "Shape__Length" : 128604.92606218439
      }
    }, 
    {
      "type" : "Feature", 
      "id" : 87, 
      "geometry" : 
      {
        "type" : "Polygon", 
        "coordinates" : 
        [
          [
            [-85.6134433057639, 38.1961688181365], 
            [-85.6809644049832, 38.1961688181365], 
            [-85.6809644049832, 38.2636809241354], 
            [-85.6134433057639, 38.2636809241354], 
            [-85.6134433057639, 38.1961688181365]
          ]
        ]
      }, 
      "properties" : {
        "OBJECTID" : 87, 
        "Id" : 87, 
        "gridcode" : 1, 
        "Unixtime" : 1785913200, 
        "Timestamp" : 1785913200000, 
        "Shape__Area" : 71911568.578125, 
        "Shape__Length" : 34167.369497254491
      }
    }, 
    {
      "type" : "Feature", 
      "id" : 88, 
      "geometry" : 
      {
        "type" : "Polygon", 
        "coordinates" : 
        [
          [
            [-122.25334331714, 37.768550178448], 
            [-122.330667026662, 37.7816802803208], 
            [-122.274585303869, 37.8448126879553], 
            [-122.25334331714, 37.768550178448]
          ]
        ]
      }, 
      "properties" : {
        "OBJECTID" : 88, 
        "Id" : 88, 
        "gridcode" : 1, 
        "Unixtime" : 1785913200, 
        "Timestamp" : 1785913200000, 
        "Shape__Area" : 44058500.609375, 
        "Shape__Length" : 30674.135712848758
      }
    }, 
    {
      "type" : "Feature", 
      "id" : 90, 
      "geometry" : 
      {
        "type" : "Polygon", 
        "coordinates" : 
        [
          [
            [-89.5745162509242, 37.6560180108226], 
            [-89.6095178649575, 37.6662882685888], 
            [-89.6070177496694, 37.6907947943444], 
            [-89.8358232646319, 37.7200677269441], 
            [-89.9773405818024, 37.8376271048071], 
            [-90.0348432334284, 37.9906557441673], 
            [-90.0094823517291, 38.2052249911405], 
            [-89.8828488144212, 38.3576780643912], 
            [-89.6582880995161, 38.4076623837121], 
            [-89.4968328125842, 38.3376411692047], 
            [-89.4375944694092, 38.2884302668434], 
            [-89.3638770412924, 38.1597192956091], 
            [-89.3503782173808, 38.0273660700881], 
            [-89.3618535666887, 37.9148428956832], 
            [-89.353759668274, 37.8354687318965], 
            [-89.4522444255397, 37.7169111065624], 
            [-89.5642999524808, 37.6683117431925], 
            [-89.5745162509242, 37.6560180108226]
          ]
        ]
      }, 
      "properties" : {
        "OBJECTID" : 90, 
        "Id" : 90, 
        "gridcode" : 1, 
        "Unixtime" : 1785913200, 
        "Timestamp" : 1785913200000, 
        "Shape__Area" : 6206843690.0234375, 
        "Shape__Length" : 293433.606794039
      }
    }, 
    {
      "type" : "Feature", 
      "id" : 92, 
      "geometry" : 
      {
        "type" : "Polygon", 
        "coordinates" : 
        [
          [
            [-105.666364411189, 46.3658710880803], 
            [-105.655950261895, 46.3779669696], 
            [-105.496734286858, 46.3987952681871], 
            [-105.47589699505, 46.4229780380061], 
            [-105.00159454795, 46.4438063365932], 
            [-104.980766249363, 46.5130001748183], 
            [-104.956583479544, 46.5338284734054], 
            [-104.935755180957, 46.6930444484426], 
            [-104.911572411138, 46.7138817402502], 
            [-104.890744112551, 46.9631198520996], 
            [-104.866561342732, 46.9839571439072], 
            [-104.845724050924, 47.2331952557565], 
            [-104.821550274326, 47.2540235543436], 
            [-104.800712982518, 47.458250597787], 
            [-104.77653920592, 47.4790878895945], 
            [-104.755701914112, 47.6833149330378], 
            [-104.731519144293, 47.7041432316249], 
            [-104.710690845706, 47.9083792682887], 
            [-104.686508075887, 47.9292075668758], 
            [-104.6656797773, 48.1334346103191], 
            [-104.620668708894, 48.1722133769459], 
            [-104.641497007481, 48.4035100139761], 
            [-104.6656797773, 48.4243383125632], 
            [-104.686508075887, 48.5385432191943], 
            [-104.710690845706, 48.5593805110019], 
            [-104.731519144293, 48.5835542876003], 
            [-104.755701914112, 48.6043915794079], 
            [-104.77653920592, 48.6285743492269], 
            [-104.800712982518, 48.649402647814], 
            [-104.821550274326, 48.673585417633], 
            [-104.845724050924, 48.6944137162201], 
            [-104.866561342732, 48.7185964860391], 
            [-104.890744112551, 48.7394247846262], 
            [-104.911572411138, 48.7636075544452], 
            [-104.980766249363, 48.7844358530323], 
            [-105.00159454795, 48.8086186228513], 
            [-105.025777317769, 48.8294559146588], 
            [-105.046605616356, 48.8536296912573], 
            [-105.115799454581, 48.8744669830649], 
            [-105.136636746389, 48.8986407596634], 
            [-105.205821591393, 48.919478051471], 
            [-105.226658883201, 48.9436518280695], 
            [-105.295852721426, 48.964489119877], 
            [-105.316681020013, 48.988671889696], 
            [-105.340863789832, 49.0095001882831], 
            [-105.361692088419, 49.0336829581021], 
            [-105.430885926644, 49.0545112566892], 
            [-105.451714225231, 49.0786940265082], 
            [-105.47589699505, 49.0995223250953], 
            [-105.496734286858, 49.1237050949143], 
            [-105.565919131862, 49.1445333935014], 
            [-105.58675642367, 49.1687161633204], 
            [-105.610930200268, 49.189553455128], 
            [-105.631767492076, 49.2137272317265], 
            [-105.655950261895, 49.234564523534], 
            [-105.676778560482, 49.2587383001325], 
            [-105.700961330301, 49.2795755919401], 
            [-105.721789628888, 49.3037493685386], 
            [-105.790983467113, 49.3245866603462], 
            [-105.8118117657, 49.3487694301651], 
            [-105.835994535519, 49.3695977287522], 
            [-105.856822834106, 49.3937804985712], 
            [-105.881005603925, 49.4146087971583], 
            [-105.901842895733, 49.4387915669773], 
            [-105.971027740738, 49.4596198655644], 
            [-105.991865032545, 49.4838026353834], 
            [-106.016047802364, 49.5046309339705], 
            [-106.036876100951, 49.5288137037895], 
            [-106.106069939176, 49.5496420023766], 
            [-106.126898237763, 49.5738247721956], 
            [-106.241103144395, 49.5946620640032], 
            [-106.279881911021, 49.6396731324092], 
            [-106.376145342833, 49.6188358406017], 
            [-106.39697364142, 49.5946620640032], 
            [-106.466167479645, 49.5738247721956], 
            [-106.486995778233, 49.5496420023766], 
            [-106.556189616458, 49.5288137037895], 
            [-106.577017915045, 49.5046309339705], 
            [-106.64621175327, 49.4838026353834], 
            [-106.667049045077, 49.4596198655644], 
            [-106.691222821676, 49.4387915669773], 
            [-106.712060113483, 49.4146087971583], 
            [-106.802046277414, 49.3875122239101], 
            [-106.75707118189, 49.3487694301651], 
            [-106.736242883302, 49.3245866603462], 
            [-106.712060113483, 49.3037493685386], 
            [-106.691222821676, 49.2795755919401], 
            [-106.622037976671, 49.2587383001325], 
            [-106.601200684864, 49.234564523534], 
            [-106.577017915045, 49.2137272317265], 
            [-106.556189616458, 49.189553455128], 
            [-106.486995778233, 49.1687161633204], 
            [-106.466167479645, 49.1445333935014], 
            [-106.39697364142, 49.1237050949143], 
            [-106.376145342833, 49.0995223250953], 
            [-106.351962573014, 49.0786940265082], 
            [-106.331125281207, 49.0545112566892], 
            [-106.261940436202, 49.0336829581021], 
            [-106.241103144395, 49.0095001882831], 
            [-106.216920374576, 48.988671889696], 
            [-106.196092075988, 48.964489119877], 
            [-106.171909306169, 48.9436518280695], 
            [-106.151081007582, 48.919478051471], 
            [-106.081887169357, 48.8986407596634], 
            [-106.06105887077, 48.8744669830649], 
            [-106.036876100951, 48.8536296912573], 
            [-106.016047802364, 48.7844358530323], 
            [-105.991865032545, 48.7636075544452], 
            [-105.971027740738, 48.7394247846262], 
            [-105.946853964139, 48.7185964860391], 
            [-105.926016672332, 48.6944137162201], 
            [-105.901842895733, 48.673585417633], 
            [-105.881005603925, 48.6043915794079], 
            [-105.856822834106, 48.5835542876003], 
            [-105.835994535519, 48.5143694425958], 
            [-105.8118117657, 48.4935321507882], 
            [-105.790983467113, 48.3793272441571], 
            [-105.745972398707, 48.3405484775303], 
            [-105.766800697294, 47.8841964984697], 
            [-105.790983467113, 47.8633681998826], 
            [-105.8118117657, 47.7491632932515], 
            [-105.835994535519, 47.7283260014439], 
            [-105.856822834106, 47.6591321632188], 
            [-105.881005603925, 47.6383038646317], 
            [-105.901842895733, 47.6141210948127], 
            [-105.926016672332, 47.5932927962256], 
            [-105.946853964139, 47.5691100264067], 
            [-105.971027740738, 47.5482817278196], 
            [-105.991865032545, 47.4790878895945], 
            [-106.016047802364, 47.458250597787], 
            [-106.036876100951, 47.4340768211884], 
            [-106.106069939176, 47.4132395293809], 
            [-106.126898237763, 47.3890657527824], 
            [-106.151081007582, 47.3682284609748], 
            [-106.171909306169, 47.3440546843763], 
            [-106.196092075988, 47.3232173925687], 
            [-106.216920374576, 47.2990346227497], 
            [-106.286114212801, 47.2782063241626], 
            [-106.306951504608, 47.2540235543436], 
            [-106.421156411239, 47.2331952557565], 
            [-106.441984709826, 47.2090124859375], 
            [-106.601200684864, 47.1881841873504], 
            [-106.622037976671, 47.1640014175315], 
            [-107.23137362899, 47.1431731189444], 
            [-107.252201927577, 47.1189903491254], 
            [-107.45642897102, 47.0981530573178], 
            [-107.477266262828, 47.0739792807193], 
            [-107.546460101053, 47.0531419889118], 
            [-107.56728839964, 47.0289682123133], 
            [-107.636482237865, 47.0081309205057], 
            [-107.657310536452, 46.9839571439072], 
            [-107.681493306271, 46.9631198520996], 
            [-107.691907455565, 46.7934897277688], 
            [-107.770903904092, 46.8045154160537], 
            [-108.100550400081, 46.8720365152731], 
            [-108.365418729091, 46.8124024703978], 
            [-108.603487261128, 46.6645809056843], 
            [-108.90742213982, 46.4236075634384], 
            [-109.382273173368, 46.0335266259531], 
            [-109.631088603856, 45.9053462547259], 
            [-109.90031864479, 45.8998513970245], 
            [-110.078600247204, 46.0056746221861], 
            [-110.27487728376, 46.233257059166], 
            [-110.401420888863, 46.4788888896106], 
            [-110.448680262384, 46.7096459334132], 
            [-110.420090814539, 46.9499088112427], 
            [-110.336597755782, 47.4863903846086], 
            [-110.364836468029, 47.737696937164], 
            [-110.438562889366, 47.8896643765099], 
            [-110.561662091033, 48.1098723727119], 
            [-110.763766734447, 48.4929206117969], 
            [-110.83173749469, 48.5149809815871], 
            [-110.853788871259, 48.537931680203], 
            [-110.876748563096, 48.5599920499932], 
            [-110.898799939665, 48.5829427486091], 
            [-110.921759631502, 48.6050031183993], 
            [-110.943811008072, 48.6279628102356], 
            [-110.966770699908, 48.6500141868054], 
            [-110.988822076478, 48.6729738786416], 
            [-111.033842138104, 48.7162222758374], 
            [-111.011781768314, 48.7629960154538], 
            [-110.988822076478, 48.7850473920236], 
            [-110.966770699908, 48.8080070838599], 
            [-110.898799939665, 48.8300674536501], 
            [-110.876748563096, 48.853018152266], 
            [-110.763766734447, 48.8750785220562], 
            [-110.741706364657, 48.8980292206721], 
            [-110.628724536008, 48.9200895904623], 
            [-110.591582535506, 48.9587514452231], 
            [-110.422896699323, 49.0949177962194], 
            [-109.948423381034, 49.4187186989089], 
            [-109.8864780785, 49.4831910963921], 
            [-109.863518386664, 49.5052424729619], 
            [-109.841467010094, 49.5282021647981], 
            [-109.818507318258, 49.5502625345884], 
            [-109.796455941688, 49.6182243016103], 
            [-109.773496249852, 49.6402846714005], 
            [-109.751444873282, 49.753266500049], 
            [-109.706433804876, 49.7965059040243], 
            [-109.728485181446, 50.2033861773303], 
            [-109.751444873282, 50.2254375539001], 
            [-109.773496249852, 50.2934083141425], 
            [-109.796455941688, 50.3154686839327], 
            [-109.818507318258, 50.3834304509546], 
            [-109.841467010094, 50.4054908207449], 
            [-109.863518386664, 50.4734615809872], 
            [-109.8864780785, 50.495512957557], 
            [-109.908538448291, 50.5184726493933], 
            [-109.931489146907, 50.5405240259631], 
            [-109.953549516697, 50.5634837177994], 
            [-109.976500215313, 50.5855350943692], 
            [-109.998560585103, 50.6084947862055], 
            [-110.021511283719, 50.6305461627753], 
            [-110.043571653509, 50.6535058546116], 
            [-110.066522352125, 50.6755662244018], 
            [-110.088582721915, 50.6985169230177], 
            [-110.111542413751, 50.7205772928079], 
            [-110.133593790321, 50.7435279914238], 
            [-110.156553482157, 50.765588361214], 
            [-110.178604858727, 50.7885390598298], 
            [-110.24657561897, 50.8105994296201], 
            [-110.268626995539, 50.8335591214563], 
            [-110.291586687376, 50.8556104980261], 
            [-110.313647057166, 50.8785701898624], 
            [-110.381608824188, 50.9006215664322], 
            [-110.403669193978, 50.9235812582685], 
            [-110.47163995422, 50.9456326348383], 
            [-110.49369133079, 50.9685923266746], 
            [-110.606673159439, 50.9906437032444], 
            [-110.628724536008, 51.0136033950807], 
            [-110.696695296251, 51.0356637648709], 
            [-110.718755666041, 51.0586144634868], 
            [-110.83173749469, 51.080674833277], 
            [-110.853788871259, 51.1036255318929], 
            [-110.921759631502, 51.1256859016831], 
            [-110.943811008072, 51.148636600299], 
            [-111.011781768314, 51.1706969700892], 
            [-111.033842138104, 51.1936566619255], 
            [-111.101803905126, 51.2157080384953], 
            [-111.123864274916, 51.2386677303316], 
            [-111.191835035159, 51.2607191069013], 
            [-111.213886411728, 51.2836787987376], 
            [-111.281857171971, 51.3057301753074], 
            [-111.292882860256, 51.3397155554286], 
            [-110.977796388193, 51.3397155554286], 
            [-110.977796388193, 51.3847266238347], 
            [-110.752741046162, 51.3847266238347], 
            [-110.752741046162, 51.3397155554286], 
            [-110.437654574099, 51.3397155554286], 
            [-110.437654574099, 51.2947044870225], 
            [-110.257601307254, 51.2947044870225], 
            [-110.257601307254, 51.2496934186165], 
            [-110.122568102036, 51.2496934186165], 
            [-110.122568102036, 51.2046823502104], 
            [-109.987534896818, 51.2046823502104], 
            [-109.987534896818, 51.1596712818043], 
            [-109.897503766785, 51.1596712818043], 
            [-109.897503766785, 51.1146602133982], 
            [-109.807481629973, 51.1146602133982], 
            [-109.807481629973, 51.0696401517717], 
            [-109.672448424755, 51.0696401517717], 
            [-109.672448424755, 51.0246290833656], 
            [-109.582417294722, 51.0246290833656], 
            [-109.582417294722, 50.9796180149595], 
            [-109.222319754253, 50.9796180149595], 
            [-109.222319754253, 51.0246290833656], 
            [-109.132297617441, 51.0246290833656], 
            [-109.132297617441, 51.0696401517717], 
            [-109.042275480629, 51.0696401517717], 
            [-109.042275480629, 51.1146602133982], 
            [-108.997264412223, 51.1146602133982], 
            [-108.997264412223, 51.1596712818043], 
            [-108.907242275411, 51.1596712818043], 
            [-108.907242275411, 51.2046823502104], 
            [-108.862222213784, 51.2046823502104], 
            [-108.862222213784, 51.2496934186165], 
            [-108.817211145378, 51.2496934186165], 
            [-108.817211145378, 51.2947044870225], 
            [-108.772200076972, 51.2947044870225], 
            [-108.772200076972, 51.3397155554286], 
            [-108.727189008566, 51.3397155554286], 
            [-108.727189008566, 51.3847266238347], 
            [-108.68217794016, 51.3847266238347], 
            [-108.68217794016, 51.4297376922408], 
            [-108.592155803348, 51.4297376922408], 
            [-108.592155803348, 51.4747577538673], 
            [-108.547144734942, 51.4747577538673], 
            [-108.547144734942, 51.5197688222734], 
            [-108.502124673315, 51.5197688222734], 
            [-108.502124673315, 51.5647798906795], 
            [-108.457113604909, 51.5647798906795], 
            [-108.457113604909, 51.6097909590856], 
            [-108.412102536503, 51.6097909590856], 
            [-108.412102536503, 51.6548020274916], 
            [-108.367091468097, 51.6548020274916], 
            [-108.367091468097, 51.6998130958978], 
            [-108.322080399691, 51.6998130958978], 
            [-108.322080399691, 51.7898352327099], 
            [-108.277069331285, 51.7898352327099], 
            [-108.277069331285, 51.834846301116], 
            [-108.232058262878, 51.834846301116], 
            [-108.232058262878, 51.9248774311486], 
            [-108.187047194472, 51.9248774311486], 
            [-108.187047194472, 52.0148995679607], 
            [-108.142036126066, 52.0148995679607], 
            [-108.142036126066, 52.104921704773], 
            [-108.09701606444, 52.104921704773], 
            [-108.09701606444, 52.2399639032117], 
            [-108.052004996034, 52.2399639032117], 
            [-108.052004996034, 52.3299860400238], 
            [-108.006993927628, 52.3299860400238], 
            [-108.006993927628, 52.465019245242], 
            [-107.961982859222, 52.465019245242], 
            [-107.961982859222, 52.5550413820542], 
            [-107.916971790815, 52.5550413820542], 
            [-107.916971790815, 52.6900835804929], 
            [-107.871960722409, 52.6900835804929], 
            [-107.871960722409, 52.7801057173051], 
            [-107.826949654003, 52.7801057173051], 
            [-107.826949654003, 52.8701278541172], 
            [-107.781938585597, 52.8701278541172], 
            [-107.781938585597, 52.9601589841499], 
            [-107.736918523971, 52.9601589841499], 
            [-107.736918523971, 53.0501811209621], 
            [-107.691907455565, 53.0501811209621], 
            [-107.691907455565, 53.0951921893681], 
            [-107.646896387159, 53.0951921893681], 
            [-107.646896387159, 53.1852143261803], 
            [-107.601885318752, 53.1852143261803], 
            [-107.601885318752, 53.2752364629924], 
            [-107.556874250346, 53.2752364629924], 
            [-107.556874250346, 53.3652675930251], 
            [-107.51186318194, 53.3652675930251], 
            [-107.51186318194, 53.4552897298373], 
            [-107.466852113534, 53.4552897298373], 
            [-107.466852113534, 53.5453118666494], 
            [-107.421841045128, 53.5453118666494], 
            [-107.421841045128, 53.7253651334942], 
            [-107.376820983502, 53.7253651334942], 
            [-107.376820983502, 53.9054094071186], 
            [-107.421841045128, 53.9054094071186], 
            [-107.421841045128, 54.0854626739633], 
            [-107.466852113534, 54.0854626739633], 
            [-107.466852113534, 54.1754848107755], 
            [-107.51186318194, 54.1754848107755], 
            [-107.51186318194, 54.2204958791815], 
            [-107.556874250346, 54.2204958791815], 
            [-107.556874250346, 54.3105180159938], 
            [-107.601885318752, 54.3105180159938], 
            [-107.601885318752, 54.3555290843998], 
            [-107.646896387159, 54.3555290843998], 
            [-107.646896387159, 54.4005401528059], 
            [-107.691907455565, 54.4005401528059], 
            [-107.691907455565, 54.4905712828385], 
            [-107.736918523971, 54.4905712828385], 
            [-107.736918523971, 54.5355823512446], 
            [-107.781938585597, 54.5355823512446], 
            [-107.781938585597, 54.6256044880568], 
            [-107.826949654003, 54.6256044880568], 
            [-107.826949654003, 54.6706155564628], 
            [-107.871960722409, 54.6706155564628], 
            [-107.871960722409, 54.760637693275], 
            [-107.916971790815, 54.760637693275], 
            [-107.916971790815, 54.8506688233076], 
            [-107.961982859222, 54.8506688233076], 
            [-107.961982859222, 54.9406909601198], 
            [-108.006993927628, 54.9406909601198], 
            [-108.006993927628, 55.1207352337441], 
            [-108.052004996034, 55.1207352337441], 
            [-108.052004996034, 55.5258438426193], 
            [-108.006993927628, 55.5258438426193], 
            [-108.006993927628, 55.660886041058], 
            [-107.961982859222, 55.660886041058], 
            [-107.961982859222, 55.7959192462763], 
            [-107.916971790815, 55.7959192462763], 
            [-107.916971790815, 55.8859413830884], 
            [-107.871960722409, 55.8859413830884], 
            [-107.871960722409, 55.9759725131211], 
            [-107.826949654003, 55.9759725131211], 
            [-107.826949654003, 56.0209835815272], 
            [-107.781938585597, 56.0209835815272], 
            [-107.781938585597, 56.1110057183393], 
            [-107.736918523971, 56.1110057183393], 
            [-107.736918523971, 56.1560167867454], 
            [-107.691907455565, 56.1560167867454], 
            [-107.691907455565, 56.2010278551515], 
            [-107.646896387159, 56.2010278551515], 
            [-107.646896387159, 56.2460389235575], 
            [-107.601885318752, 56.2460389235575], 
            [-107.601885318752, 56.2910589851841], 
            [-107.51186318194, 56.2910589851841], 
            [-107.51186318194, 56.3360700535902], 
            [-107.466852113534, 56.3360700535902], 
            [-107.466852113534, 56.3810811219963], 
            [-107.376820983502, 56.3810811219963], 
            [-107.376820983502, 56.4260921904023], 
            [-107.286798846689, 56.4260921904023], 
            [-107.286798846689, 56.4711032588085], 
            [-107.196776709877, 56.4711032588085], 
            [-107.196776709877, 56.5161143272145], 
            [-107.016723443032, 56.5161143272145], 
            [-107.016723443032, 56.5611253956206], 
            [-106.521592697345, 56.5611253956206], 
            [-106.521592697345, 56.5161143272145], 
            [-106.341548423721, 56.5161143272145], 
            [-106.341548423721, 56.4711032588085], 
            [-106.251517293688, 56.4711032588085], 
            [-106.251517293688, 56.4260921904023], 
            [-106.161495156876, 56.4260921904023], 
            [-106.161495156876, 56.3810811219963], 
            [-106.11648408847, 56.3810811219963], 
            [-106.11648408847, 56.3360700535902], 
            [-106.026461951658, 56.3360700535902], 
            [-106.026461951658, 56.2910589851841], 
            [-105.981450883252, 56.2910589851841], 
            [-105.981450883252, 56.2460389235575], 
            [-105.936439814846, 56.2460389235575], 
            [-105.936439814846, 56.2010278551515], 
            [-105.891419753219, 56.2010278551515], 
            [-105.891419753219, 56.1560167867454], 
            [-105.846408684813, 56.1560167867454], 
            [-105.846408684813, 56.1110057183393], 
            [-105.801397616407, 56.1110057183393], 
            [-105.801397616407, 56.0659946499333], 
            [-105.756386548001, 56.0659946499333], 
            [-105.756386548001, 55.9759725131211], 
            [-105.711375479595, 55.9759725131211], 
            [-105.711375479595, 55.930961444715], 
            [-105.666364411189, 55.930961444715], 
            [-105.666364411189, 55.8409303146823], 
            [-105.621353342782, 55.8409303146823], 
            [-105.621353342782, 55.7058971094641], 
            [-105.576342274376, 55.7058971094641], 
            [-105.576342274376, 55.5708639042459], 
            [-105.53132221275, 55.5708639042459], 
            [-105.53132221275, 55.3908106374011], 
            [-105.486311144344, 55.3908106374011], 
            [-105.486311144344, 55.0307130969319], 
            [-105.441300075938, 55.0307130969319], 
            [-105.441300075938, 54.8056577549016], 
            [-105.396289007532, 54.8056577549016], 
            [-105.396289007532, 54.7156266248689], 
            [-105.351277939126, 54.7156266248689], 
            [-105.351277939126, 54.6256044880568], 
            [-105.306266870719, 54.6256044880568], 
            [-105.306266870719, 54.5355823512446], 
            [-105.261255802313, 54.5355823512446], 
            [-105.261255802313, 54.4905712828385], 
            [-105.216244733907, 54.4905712828385], 
            [-105.216244733907, 54.4455602144324], 
            [-105.171224672281, 54.4455602144324], 
            [-105.171224672281, 54.4005401528059], 
            [-105.126213603875, 54.4005401528059], 
            [-105.126213603875, 54.3555290843998], 
            [-105.081202535469, 54.3555290843998], 
            [-105.081202535469, 54.3105180159938], 
            [-105.036191467063, 54.3105180159938], 
            [-105.036191467063, 54.2204958791815], 
            [-104.991180398656, 54.2204958791815], 
            [-104.991180398656, 54.1754848107755], 
            [-104.94616933025, 54.1754848107755], 
            [-104.94616933025, 54.1304737423694], 
            [-104.901158261844, 54.1304737423694], 
            [-104.901158261844, 54.0854626739633], 
            [-104.856147193438, 54.0854626739633], 
            [-104.856147193438, 54.0404426123368], 
            [-104.811127131812, 54.0404426123368], 
            [-104.811127131812, 53.9504204755246], 
            [-104.766116063406, 53.9504204755246], 
            [-104.766116063406, 53.9054094071186], 
            [-104.721104994999, 53.9054094071186], 
            [-104.721104994999, 53.8153872703064], 
            [-104.676093926593, 53.8153872703064], 
            [-104.676093926593, 53.7253651334942], 
            [-104.631082858187, 53.7253651334942], 
            [-104.631082858187, 53.5903229350555], 
            [-104.586071789781, 53.5903229350555], 
            [-104.586071789781, 53.4552897298373], 
            [-104.541060721375, 53.4552897298373], 
            [-104.541060721375, 52.7801057173051], 
            [-104.586071789781, 52.7801057173051], 
            [-104.586071789781, 52.5550413820542], 
            [-104.631082858187, 52.5550413820542], 
            [-104.631082858187, 52.3749971084299], 
            [-104.676093926593, 52.3749971084299], 
            [-104.676093926593, 52.1949438415851], 
            [-104.721104994999, 52.1949438415851], 
            [-104.721104994999, 51.834846301116], 
            [-104.676093926593, 51.834846301116], 
            [-104.676093926593, 51.7448241643038], 
            [-104.631082858187, 51.7448241643038], 
            [-104.631082858187, 51.6998130958978], 
            [-104.586071789781, 51.6998130958978], 
            [-104.586071789781, 51.6548020274916], 
            [-104.541060721375, 51.6548020274916], 
            [-104.541060721375, 51.6097909590856], 
            [-104.496049652969, 51.6097909590856], 
            [-104.496049652969, 51.5647798906795], 
            [-104.451029591343, 51.5647798906795], 
            [-104.451029591343, 51.5197688222734], 
            [-104.36100745453, 51.5197688222734], 
            [-104.36100745453, 51.4747577538673], 
            [-104.315996386124, 51.4747577538673], 
            [-104.315996386124, 51.4297376922408], 
            [-104.270985317718, 51.4297376922408], 
            [-104.270985317718, 51.3847266238347], 
            [-104.180963180906, 51.3847266238347], 
            [-104.180963180906, 51.3397155554286], 
            [-104.1359521125, 51.3397155554286], 
            [-104.1359521125, 51.2947044870225], 
            [-104.090941044094, 51.2947044870225], 
            [-104.090941044094, 51.2496934186165], 
            [-104.000909914061, 51.2496934186165], 
            [-104.000909914061, 51.2046823502104], 
            [-103.955898845655, 51.2046823502104], 
            [-103.955898845655, 51.1596712818043], 
            [-103.910887777249, 51.1596712818043], 
            [-103.910887777249, 51.1146602133982], 
            [-103.865876708843, 51.1146602133982], 
            [-103.865876708843, 51.0696401517717], 
            [-103.820865640437, 51.0696401517717], 
            [-103.820865640437, 51.0246290833656], 
            [-103.775854572031, 51.0246290833656], 
            [-103.775854572031, 50.9796180149595], 
            [-103.730843503625, 50.9796180149595], 
            [-103.730843503625, 50.8895958781474], 
            [-103.685823441998, 50.8895958781474], 
            [-103.685823441998, 50.8445848097413], 
            [-103.640812373592, 50.8445848097413], 
            [-103.640812373592, 50.7995737413352], 
            [-103.595801305186, 50.7995737413352], 
            [-103.595801305186, 50.7095426113025], 
            [-103.55079023678, 50.7095426113025], 
            [-103.55079023678, 50.6645315428965], 
            [-103.505779168374, 50.6645315428965], 
            [-103.505779168374, 50.5745094060843], 
            [-103.460768099968, 50.5745094060843], 
            [-103.460768099968, 50.4844872692722], 
            [-103.415757031562, 50.4844872692722], 
            [-103.415757031562, 50.4394762008661], 
            [-103.370745963156, 50.4394762008661], 
            [-103.370745963156, 50.3494450708334], 
            [-103.325725901529, 50.3494450708334], 
            [-103.325725901529, 50.3044340024273], 
            [-103.280714833123, 50.3044340024273], 
            [-103.280714833123, 50.2144118656152], 
            [-103.235703764717, 50.2144118656152], 
            [-103.235703764717, 50.1694007972091], 
            [-103.190692696311, 50.1694007972091], 
            [-103.190692696311, 50.124389728803], 
            [-103.145681627905, 50.124389728803], 
            [-103.145681627905, 50.079378660397], 
            [-103.055659491093, 50.079378660397], 
            [-103.055659491093, 50.0343675919909], 
            [-102.920617292654, 50.0343675919909], 
            [-102.920617292654, 49.9893475303643], 
            [-102.560519752185, 49.9893475303643], 
            [-102.560519752185, 49.9443364619582], 
            [-101.615269329216, 49.9443364619582], 
            [-101.615269329216, 49.9893475303643], 
            [-101.480227130777, 49.9893475303643], 
            [-101.480227130777, 50.0343675919909], 
            [-101.390204993965, 50.0343675919909], 
            [-101.390204993965, 50.079378660397], 
            [-101.345193925559, 50.079378660397], 
            [-101.345193925559, 50.124389728803], 
            [-101.300182857153, 50.124389728803], 
            [-101.300182857153, 50.1694007972091], 
            [-101.255171788747, 50.1694007972091], 
            [-101.255171788747, 50.2144118656152], 
            [-101.210160720341, 50.2144118656152], 
            [-101.210160720341, 50.2594229340212], 
            [-101.165149651935, 50.2594229340212], 
            [-101.165149651935, 50.3044340024273], 
            [-101.120129590308, 50.3044340024273], 
            [-101.120129590308, 50.3494450708334], 
            [-101.075118521902, 50.3494450708334], 
            [-101.075118521902, 50.39446513246], 
            [-101.030107453496, 50.39446513246], 
            [-101.030107453496, 50.4394762008661], 
            [-100.98509638509, 50.4394762008661], 
            [-100.98509638509, 50.4844872692722], 
            [-100.940085316684, 50.4844872692722], 
            [-100.940085316684, 50.5294983376782], 
            [-100.895074248278, 50.5294983376782], 
            [-100.895074248278, 50.5745094060843], 
            [-100.850063179872, 50.5745094060843], 
            [-100.850063179872, 50.6195204744904], 
            [-100.805052111466, 50.6195204744904], 
            [-100.805052111466, 50.6645315428965], 
            [-100.715020981433, 50.6645315428965], 
            [-100.715020981433, 50.7095426113025], 
            [-100.670009913027, 50.7095426113025], 
            [-100.670009913027, 50.7545626729291], 
            [-100.579987776215, 50.7545626729291], 
            [-100.579987776215, 50.7995737413352], 
            [-100.534976707809, 50.7995737413352], 
            [-100.534976707809, 50.8445848097413], 
            [-100.399943502591, 50.8445848097413], 
            [-100.399943502591, 50.8895958781474], 
            [-100.309912372558, 50.8895958781474], 
            [-100.309912372558, 50.9346069465534], 
            [-100.084857030527, 50.9346069465534], 
            [-100.084857030527, 50.9796180149595], 
            [-99.6347283600257, 50.9796180149595], 
            [-99.6347283600257, 50.9346069465534], 
            [-99.4096730179953, 50.9346069465534], 
            [-99.4096730179953, 50.8895958781474], 
            [-99.2296197511506, 50.8895958781474], 
            [-99.2296197511506, 50.8445848097413], 
            [-99.0945865459323, 50.8445848097413], 
            [-99.0945865459323, 50.7995737413352], 
            [-98.9145332790875, 50.7995737413352], 
            [-98.9145332790875, 50.7545626729291], 
            [-98.5544447318388, 50.7545626729291], 
            [-98.5544447318388, 50.7995737413352], 
            [-98.4194025334002, 50.7995737413352], 
            [-98.4194025334002, 50.8445848097413], 
            [-98.2843693281819, 50.8445848097413], 
            [-98.2843693281819, 50.8895958781474], 
            [-98.1493271297432, 50.8895958781474], 
            [-98.1493271297432, 50.9346069465534], 
            [-98.059304992931, 50.9346069465534], 
            [-98.059304992931, 50.9796180149595], 
            [-97.9242717877128, 50.9796180149595], 
            [-97.9242717877128, 51.0246290833656], 
            [-97.789229589274, 51.0246290833656], 
            [-97.789229589274, 51.0696401517717], 
            [-97.6091853156498, 51.0696401517717], 
            [-97.6091853156498, 51.1146602133982], 
            [-96.7989680978993, 51.1146602133982], 
            [-96.7989680978993, 51.0696401517717], 
            [-96.6189148310546, 51.0696401517717], 
            [-96.6189148310546, 51.0246290833656], 
            [-96.4838816258363, 51.0246290833656], 
            [-96.4838816258363, 50.9796180149595], 
            [-96.3938594890241, 50.9796180149595], 
            [-96.3938594890241, 50.9346069465534], 
            [-96.3038283589915, 50.9346069465534], 
            [-96.3038283589915, 50.8895958781474], 
            [-96.2138062221794, 50.8895958781474], 
            [-96.2138062221794, 50.8445848097413], 
            [-96.1237840853672, 50.8445848097413], 
            [-96.1237840853672, 50.7995737413352], 
            [-96.0787730169611, 50.7995737413352], 
            [-96.0787730169611, 50.7545626729291], 
            [-95.9887508801489, 50.7545626729291], 
            [-95.9887508801489, 50.7095426113025], 
            [-95.9437308185224, 50.7095426113025], 
            [-95.9437308185224, 50.6645315428965], 
            [-95.8987197501163, 50.6645315428965], 
            [-95.8987197501163, 50.6195204744904], 
            [-95.8537086817103, 50.6195204744904], 
            [-95.8537086817103, 50.5745094060843], 
            [-95.8086976133042, 50.5745094060843], 
            [-95.8086976133042, 50.5294983376782], 
            [-95.7636865448981, 50.5294983376782], 
            [-95.7636865448981, 50.4844872692722], 
            [-95.718675476492, 50.4844872692722], 
            [-95.718675476492, 50.4394762008661], 
            [-95.6736644080859, 50.4394762008661], 
            [-95.6736644080859, 50.39446513246], 
            [-95.6286533396798, 50.39446513246], 
            [-95.6286533396798, 50.3494450708334], 
            [-95.5836332780533, 50.3494450708334], 
            [-95.5836332780533, 50.3044340024273], 
            [-95.5386222096472, 50.3044340024273], 
            [-95.5386222096472, 50.2594229340212], 
            [-95.4936111412411, 50.2594229340212], 
            [-95.4936111412411, 50.2144118656152], 
            [-95.403589004429, 50.2144118656152], 
            [-95.403589004429, 50.1694007972091], 
            [-95.3585779360229, 50.1694007972091], 
            [-95.3585779360229, 50.124389728803], 
            [-95.133513600772, 50.124389728803], 
            [-95.133513600772, 50.1694007972091], 
            [-95.0434914639598, 50.1694007972091], 
            [-95.0434914639598, 50.2144118656152], 
            [-94.9984803955538, 50.2144118656152], 
            [-94.9984803955538, 50.2594229340212], 
            [-94.9084582587416, 50.2594229340212], 
            [-94.9084582587416, 50.3044340024273], 
            [-94.8634471903355, 50.3044340024273], 
            [-94.8634471903355, 50.3494450708334], 
            [-94.7734160603029, 50.3494450708334], 
            [-94.7734160603029, 50.39446513246], 
            [-94.7284049918968, 50.39446513246], 
            [-94.7284049918968, 50.4394762008661], 
            [-94.6833939234907, 50.4394762008661], 
            [-94.6833939234907, 50.4844872692722], 
            [-94.5933717866786, 50.4844872692722], 
            [-94.5933717866786, 50.5294983376782], 
            [-94.5033496498664, 50.5294983376782], 
            [-94.5033496498664, 50.5745094060843], 
            [-94.4583295882398, 50.5745094060843], 
            [-94.4583295882398, 50.6195204744904], 
            [-94.3232963830216, 50.6195204744904], 
            [-94.3232963830216, 50.6645315428965], 
            [-94.2332742462094, 50.6645315428965], 
            [-94.2332742462094, 50.7095426113025], 
            [-94.0982320477708, 50.7095426113025], 
            [-94.0982320477708, 50.7545626729291], 
            [-93.7831545689282, 50.7545626729291], 
            [-93.7831545689282, 50.7995737413352], 
            [-93.6031013020834, 50.7995737413352], 
            [-93.6031013020834, 50.7545626729291], 
            [-93.3330258984264, 50.7545626729291], 
            [-93.3330258984264, 50.7095426113025], 
            [-93.1979926932082, 50.7095426113025], 
            [-93.1979926932082, 50.6645315428965], 
            [-93.0629594879899, 50.6645315428965], 
            [-93.0629594879899, 50.6195204744904], 
            [-92.9729283579573, 50.6195204744904], 
            [-92.9729283579573, 50.5745094060843], 
            [-92.8829062211451, 50.5745094060843], 
            [-92.8829062211451, 50.5294983376782], 
            [-92.8378951527391, 50.5294983376782], 
            [-92.8378951527391, 50.4844872692722], 
            [-92.7478730159269, 50.4844872692722], 
            [-92.7478730159269, 50.4394762008661], 
            [-92.7028619475208, 50.4394762008661], 
            [-92.7028619475208, 50.39446513246], 
            [-92.6578508791147, 50.39446513246], 
            [-92.6578508791147, 50.3494450708334], 
            [-92.6128308174882, 50.3494450708334], 
            [-92.6128308174882, 50.3044340024273], 
            [-92.522808680676, 50.3044340024273], 
            [-92.522808680676, 50.2594229340212], 
            [-92.4777976122699, 50.2594229340212], 
            [-92.4777976122699, 50.2144118656152], 
            [-92.4327865438639, 50.2144118656152], 
            [-92.4327865438639, 50.1694007972091], 
            [-92.3877754754578, 50.1694007972091], 
            [-92.3877754754578, 50.124389728803], 
            [-92.3427644070517, 50.124389728803], 
            [-92.3427644070517, 50.079378660397], 
            [-92.2977533386456, 50.079378660397], 
            [-92.2977533386456, 50.0343675919909], 
            [-92.2527332770191, 50.0343675919909], 
            [-92.2527332770191, 49.9893475303643], 
            [-92.207722208613, 49.9893475303643], 
            [-92.207722208613, 49.9443364619582], 
            [-92.1627111402069, 49.9443364619582], 
            [-92.1627111402069, 49.8993253935521], 
            [-92.1177000718008, 49.8993253935521], 
            [-92.1177000718008, 49.854314325146], 
            [-92.0276779349887, 49.854314325146], 
            [-92.0276779349887, 49.80930325674], 
            [-91.9826668665826, 49.80930325674], 
            [-91.9826668665826, 49.7642921883339], 
            [-91.9376557981765, 49.7642921883339], 
            [-91.9376557981765, 49.7192811199278], 
            [-91.8476246681439, 49.7192811199278], 
            [-91.8476246681439, 49.6742700515217], 
            [-91.7576025313317, 49.6742700515217], 
            [-91.7576025313317, 49.6292589831157], 
            [-91.7125914629256, 49.6292589831157], 
            [-91.7125914629256, 49.5842389214891], 
            [-91.6225693261135, 49.5842389214891], 
            [-91.6225693261135, 49.539227853083], 
            [-91.5325381960808, 49.539227853083], 
            [-91.5325381960808, 49.494216784677], 
            [-91.4425160592687, 49.494216784677], 
            [-91.4425160592687, 49.4492057162708], 
            [-91.3524939224565, 49.4492057162708], 
            [-91.3524939224565, 49.4041946478648], 
            [-91.2624717856443, 49.4041946478648], 
            [-91.2624717856443, 49.3591835794587], 
            [-91.2174607172382, 49.3591835794587], 
            [-91.2174607172382, 49.3141725110526], 
            [-91.1274295872057, 49.3141725110526], 
            [-91.1274295872057, 49.2691614426465], 
            [-91.0374074503935, 49.2691614426465], 
            [-91.0374074503935, 49.22414138102], 
            [-90.9923963819874, 49.22414138102], 
            [-90.9923963819874, 49.1791303126139], 
            [-90.9023742451752, 49.1791303126139], 
            [-90.9023742451752, 49.1341192442078], 
            [-90.8573631767691, 49.1341192442078], 
            [-90.8573631767691, 49.0891081758017], 
            [-90.812352108363, 49.0891081758017], 
            [-90.812352108363, 49.0440971073957], 
            [-90.7673320467365, 49.0440971073957], 
            [-90.7673320467365, 48.9990860389896], 
            [-90.7223209783304, 48.9990860389896], 
            [-90.7223209783304, 48.9540749705835], 
            [-90.6773099099244, 48.9540749705835], 
            [-90.6773099099244, 48.9090639021774], 
            [-90.6322988415183, 48.9090639021774], 
            [-90.6322988415183, 48.8640438405509], 
            [-90.5872877731122, 48.8640438405509], 
            [-90.5872877731122, 48.8190327721448], 
            [-90.5422767047061, 48.8190327721448], 
            [-90.5422767047061, 48.7740217037387], 
            [-90.4972656363, 48.7740217037387], 
            [-90.4972656363, 48.6839995669266], 
            [-90.2271902326431, 48.6839995669266], 
            [-90.2271902326431, 48.7290106353326], 
            [-90.0471369657983, 48.7290106353326], 
            [-90.0471369657983, 48.7740217037387], 
            [-89.597017288517, 48.7740217037387], 
            [-89.597017288517, 48.7290106353326], 
            [-89.4169730148927, 48.7290106353326], 
            [-89.4169730148927, 48.6839995669266], 
            [-89.3269508780805, 48.6839995669266], 
            [-89.3269508780805, 48.6389884985205], 
            [-89.2369197480479, 48.6389884985205], 
            [-89.2369197480479, 48.5939774301144], 
            [-89.1919086796418, 48.5939774301144], 
            [-89.1919086796418, 48.5489663617083], 
            [-89.1468976112357, 48.5489663617083], 
            [-89.1468976112357, 48.5039463000818], 
            [-89.1018865428296, 48.5039463000818], 
            [-89.1018865428296, 48.4589352316757], 
            [-89.0568754744235, 48.4589352316757], 
            [-89.0568754744235, 48.4139241632696], 
            [-89.0118644060175, 48.4139241632696], 
            [-89.0118644060175, 48.3689130948635], 
            [-88.9668533376114, 48.3689130948635], 
            [-88.9668533376114, 48.2788909580513], 
            [-88.9218332759849, 48.2788909580513], 
            [-88.9218332759849, 48.1888688212392], 
            [-88.8768222075788, 48.1888688212392], 
            [-88.8768222075788, 48.0088155543944], 
            [-88.8318111391727, 48.0088155543944], 
            [-88.8318111391727, 47.6487180139253], 
            [-88.8768222075788, 47.6487180139253], 
            [-88.8768222075788, 47.4236626718949], 
            [-88.9218332759849, 47.4236626718949], 
            [-88.9218332759849, 47.3336315418622], 
            [-88.9668533376114, 47.3336315418622], 
            [-88.9668533376114, 47.198598336644], 
            [-88.9218332759849, 47.198598336644], 
            [-88.9218332759849, 47.1535872682379], 
            [-88.8768222075788, 47.1535872682379], 
            [-88.8768222075788, 47.1085761998318], 
            [-88.7868000707666, 47.1085761998318], 
            [-88.7868000707666, 47.0635651314258], 
            [-88.6967779339544, 47.0635651314258], 
            [-88.6967779339544, 47.0185450697992], 
            [-88.6067557971423, 47.0185450697992], 
            [-88.6067557971423, 46.9735340013931], 
            [-88.5167246671096, 46.9735340013931], 
            [-88.5167246671096, 46.9285229329871], 
            [-88.4267025302974, 46.9285229329871], 
            [-88.4267025302974, 46.8835118645809], 
            [-88.3366803934853, 46.8835118645809], 
            [-88.3366803934853, 46.8385007961749], 
            [-88.2466582566731, 46.8385007961749], 
            [-88.2466582566731, 46.7934897277688], 
            [-88.1566271266405, 46.7934897277688], 
            [-88.1566271266405, 46.7484786593627], 
            [-88.0666049898284, 46.7484786593627], 
            [-88.0666049898284, 46.7034675909566], 
            [-87.9765828530162, 46.7034675909566], 
            [-87.9765828530162, 46.6584475293301], 
            [-87.8415406545775, 46.6584475293301], 
            [-87.8415406545775, 46.613436460924], 
            [-87.6614963809532, 46.613436460924], 
            [-87.6614963809532, 46.568425392518], 
            [-87.3464099088901, 46.568425392518], 
            [-87.3464099088901, 46.5234143241119], 
            [-86.8512791632028, 46.5234143241119], 
            [-86.8623048514876, 46.4444178755846], 
            [-86.885264543324, 46.4223664990148], 
            [-86.9073159198937, 46.3093846703663], 
            [-86.9302756117301, 46.2873243005761], 
            [-86.9523269882998, 46.1293314035215], 
            [-86.9752866801361, 46.1072800269517], 
            [-86.9973380567059, 45.9042760614911], 
            [-87.0202977485422, 45.8822156917009], 
            [-87.0423581183325, 45.7692338630524], 
            [-87.0653088169483, 45.7471824864826], 
            [-87.0873691867385, 45.7242227946463], 
            [-87.1103198853544, 45.7021714180765], 
            [-87.1323802551446, 45.6792117262403], 
            [-87.1553309537604, 45.6571603496705], 
            [-87.1985793509562, 45.6121402880439], 
            [-87.3803952890113, 45.6342006578342], 
            [-87.4024556588016, 45.6571603496705], 
            [-87.4704174258235, 45.6792117262403], 
            [-87.4924777956137, 45.7021714180765], 
            [-87.5604395626356, 45.7242227946463], 
            [-87.5824999324259, 45.7471824864826], 
            [-87.6054596242622, 45.7692338630524], 
            [-87.627511000832, 45.7921935548887], 
            [-87.6954817610744, 45.8142449314585], 
            [-87.7175331376441, 45.8372046232948], 
            [-87.7404928294804, 45.859264993085], 
            [-87.7625442060502, 45.8822156917009], 
            [-87.7855038978866, 45.9042760614911], 
            [-87.8075642676768, 45.927226760107], 
            [-87.8305149662926, 45.9492871298972], 
            [-87.8525753360829, 45.9722378285131], 
            [-87.8755260346987, 45.9942981983033], 
            [-87.8975864044889, 46.0172578901396], 
            [-87.9205371031048, 46.0393092667094], 
            [-87.942597472895, 46.0622689585457], 
            [-87.9655571647313, 46.0843203351155], 
            [-87.9876085413011, 46.1072800269517], 
            [-88.0105682331374, 46.1293314035215], 
            [-88.0326196097072, 46.1522910953578], 
            [-88.0555793015434, 46.1743424719276], 
            [-88.0776306781132, 46.1973021637639], 
            [-88.1456014383556, 46.2193535403337], 
            [-88.1676618081459, 46.24231323217], 
            [-88.1906125067617, 46.2643736019602], 
            [-88.212672876552, 46.2873243005761], 
            [-88.2356235751678, 46.3093846703663], 
            [-88.257683944958, 46.3323353689822], 
            [-88.3256547052004, 46.3543957387724], 
            [-88.3477060817702, 46.3773464373883], 
            [-88.3706657736065, 46.3994068071785], 
            [-88.3927171501763, 46.4223664990148], 
            [-88.4606879104187, 46.4444178755846], 
            [-88.4827392869884, 46.4673775674209], 
            [-88.5507100472309, 46.4894289439907], 
            [-88.572770417021, 46.5123886358269], 
            [-88.640732184043, 46.5344400123967], 
            [-88.6627925538332, 46.557399704233], 
            [-88.7757743824817, 46.5794510808028], 
            [-88.7978257590515, 46.6024107726391], 
            [-88.8657965192939, 46.6244711424293], 
            [-88.8878568890841, 46.6474218410452], 
            [-88.9108075876999, 46.6694822108354], 
            [-88.9328679574902, 46.6924329094513], 
            [-89.0008297245121, 46.7144932792415], 
            [-89.0228900943024, 46.7824640394839], 
            [-89.0458497861387, 46.8045154160537], 
            [-89.0697807457847, 46.9515275909256], 
            [-89.4680275274484, 46.7202669267773], 
            [-89.6085016310454, 46.557399704233], 
            [-89.900646397713, 46.1311480340546], 
            [-90.0390790402654, 45.9870676490528], 
            [-90.2334135412019, 45.8396058131578], 
            [-90.5031112295995, 45.7472993983486], 
            [-90.8611133497013, 45.7399879101141], 
            [-91.2546476838435, 45.790286992151], 
            [-91.4796760462125, 45.7354373405609], 
            [-91.7197140935305, 45.5929397623602], 
            [-92.0450078708165, 45.2804073649081], 
            [-92.1696898792844, 45.0383728226477], 
            [-92.1966965203281, 44.959466306325], 
            [-92.2399269310829, 44.7821379852799], 
            [-92.2909634571977, 44.7042926689716], 
            [-92.3767497871729, 44.6218787966692], 
            [-92.4196564419912, 44.5772184638611], 
            [-92.5485113047529, 44.5146975952179], 
            [-92.8081185997935, 44.3222516705782], 
            [-93.0031185990441, 44.0652703959121], 
            [-93.0937882477294, 43.8892640782747], 
            [-93.1401482992046, 43.7083834351475], 
            [-93.1713637674239, 43.5484839753553], 
            [-93.2319780733293, 43.5190761444486], 
            [-93.2540294498991, 43.4961254458327], 
            [-93.2994991725487, 43.4740650760425], 
            [-93.3851236245555, 43.4299533296825], 
            [-93.6000436071267, 43.3859315155271], 
            [-93.9538908593756, 43.4435420857987], 
            [-94.1352121703054, 43.5150561749026], 
            [-94.7257969579632, 43.89834723094], 
            [-94.8787086854574, 43.9296616245844], 
            [-95.0291562705454, 43.8808464239234], 
            [-95.2049197712304, 43.750552645888], 
            [-95.4407579845932, 43.5239594631588], 
            [-95.5469859046757, 43.3672436034096], 
            [-95.6176186581745, 43.2039896723855], 
            [-95.7689385856472, 42.8083779043169], 
            [-95.862018417416, 42.6664019329029], 
            [-96.0717672982222, 42.4970865712883], 
            [-96.3977535534837, 42.2626423070969], 
            [-96.7867373180727, 42.0622553687903], 
            [-97.0655541320175, 41.9908042322296], 
            [-97.4181063605201, 41.9661628081672], 
            [-97.4401667303103, 41.6281166442678], 
            [-97.4631174289261, 41.606065267698], 
            [-97.4851777987164, 41.4480723706434], 
            [-97.5081284973322, 41.4260120008532], 
            [-97.5301888671225, 41.3130301722048], 
            [-97.5531485589588, 41.290978795635], 
            [-97.5751999355285, 41.1779969669865], 
            [-97.5981596273648, 41.1559365971963], 
            [-97.6202110039346, 40.9979437001417], 
            [-97.6431706957709, 40.9758923235719], 
            [-97.6652220723407, 40.8629104949235], 
            [-97.688181764177, 40.8408501251333], 
            [-97.7102331407468, 40.6378461596726], 
            [-97.7552532023734, 40.5946067556973], 
            [-97.7331928325831, 40.007682208767], 
            [-97.7102331407468, 39.9856218389768], 
            [-97.688181764177, 39.8951500411415], 
            [-97.6652220723407, 39.8730896713514], 
            [-97.6431706957709, 39.7601078427028], 
            [-97.6202110039346, 39.7380564661331], 
            [-97.5981596273648, 39.6700857058907], 
            [-97.5751999355285, 39.6480343293209], 
            [-97.5531485589588, 39.5800635690785], 
            [-97.5301888671225, 39.5580031992883], 
            [-97.5081284973322, 39.4900414322664], 
            [-97.4851777987164, 39.4679810624761], 
            [-97.4631174289261, 39.4450303638603], 
            [-97.4401667303103, 39.42296999407], 
            [-97.4181063605201, 39.3549992338276], 
            [-97.3951556619042, 39.3329478572578], 
            [-97.373095292114, 39.2649770970155], 
            [-97.3501356002777, 39.2429257204457], 
            [-97.3280842237079, 39.1299438917973], 
            [-97.2931815350997, 39.0964081726991], 
            [-97.3280842237079, 39.062872453601], 
            [-97.3501356002777, 38.9498906249524], 
            [-97.373095292114, 38.9278392483827], 
            [-97.3951556619042, 38.9048795565464], 
            [-97.4181063605201, 38.8828281799766], 
            [-97.4401667303103, 38.8598684881403], 
            [-97.4631174289261, 38.8378171115705], 
            [-97.4851777987164, 38.8148574197342], 
            [-97.5531485589588, 38.792797049944], 
            [-97.5751999355285, 38.7698463513281], 
            [-97.5981596273648, 38.7477859815379], 
            [-97.6202110039346, 38.7248352829221], 
            [-97.688181764177, 38.7027749131318], 
            [-97.7102331407468, 38.679824214516], 
            [-97.7782039009892, 38.6577638447257], 
            [-97.8002642707794, 38.6348041528894], 
            [-97.8232149693953, 38.6127527763197], 
            [-97.8452753391855, 38.5897930844834], 
            [-97.9132460994279, 38.5677417079136], 
            [-97.9352974759977, 38.5447820160772], 
            [-98.00326823624, 38.5227306395075], 
            [-98.0253196128098, 38.4997709476712], 
            [-98.0482793046461, 38.4777195711014], 
            [-98.0703306812159, 38.4547598792651], 
            [-98.1383014414583, 38.4326995094748], 
            [-98.1603618112485, 38.409748810859], 
            [-98.1833125098644, 38.3876884410688], 
            [-98.2053728796546, 38.3647377424529], 
            [-98.273343639897, 38.3426773726627], 
            [-98.2953950164668, 38.3197266740469], 
            [-98.3633657767091, 38.2976663042566], 
            [-98.4066141739049, 38.2526552358505], 
            [-98.5434100503335, 38.2747066124203], 
            [-98.5654704201237, 38.2976663042566], 
            [-98.5884211187396, 38.3197266740469], 
            [-98.6104814885299, 38.3876884410688], 
            [-98.6334411803661, 38.409748810859], 
            [-98.6554925569359, 38.5227306395075], 
            [-98.6784522487722, 38.5447820160772], 
            [-98.700503625342, 38.7027749131318], 
            [-98.7234633171783, 38.7248352829221], 
            [-98.7455146937481, 38.8378171115705], 
            [-98.7684743855844, 38.8598684881403], 
            [-98.7905257621541, 38.9278392483827], 
            [-98.8134854539904, 38.9498906249524], 
            [-98.8355458237807, 39.0178613851949], 
            [-98.8584965223965, 39.0399217549851], 
            [-98.8805568921867, 39.107883522007], 
            [-98.9035075908026, 39.1299438917973], 
            [-98.9255679605928, 39.1979146520396], 
            [-98.9485186592087, 39.2199660286094], 
            [-98.9705790289989, 39.2429257204457], 
            [-98.9935297276148, 39.2649770970155], 
            [-99.015590097405, 39.2879367888518], 
            [-99.0385497892413, 39.3099881654216], 
            [-99.0606011658111, 39.3329478572578], 
            [-99.0835608576474, 39.3549992338276], 
            [-99.1056122342172, 39.377958925664], 
            [-99.1285719260535, 39.4000192954542], 
            [-99.1506233026233, 39.42296999407], 
            [-99.1735829944596, 39.4450303638603], 
            [-99.1956343710294, 39.4679810624761], 
            [-99.2636051312717, 39.4900414322664], 
            [-99.2856655010619, 39.5129921308822], 
            [-99.3536272680839, 39.5350525006724], 
            [-99.3756876378742, 39.5580031992883], 
            [-99.4436583981165, 39.5800635690785], 
            [-99.4657097746863, 39.6030232609148], 
            [-99.5786916033348, 39.6250746374846], 
            [-99.600751973125, 39.6480343293209], 
            [-100.489965639403, 39.6590600176058], 
            [-100.479551490109, 39.6936569367184], 
            [-100.45536872029, 39.7144852353055], 
            [-100.434531428483, 39.7386680051244], 
            [-100.410357651884, 39.7594963037115], 
            [-100.389520360077, 39.7836790735305], 
            [-100.320326521851, 39.8045163653381], 
            [-100.299498223264, 39.8286901419366], 
            [-100.230304385039, 39.8495274337441], 
            [-100.209476086452, 39.8737012103427], 
            [-100.095271179821, 39.8945385021502], 
            [-100.074433888013, 39.9187212719692], 
            [-99.9152179129762, 39.9395495705563], 
            [-99.8764391463495, 39.9845606389624], 
            [-99.4650982356949, 39.9637323403753], 
            [-99.4442699371078, 39.9395495705563], 
            [-99.2400428936646, 39.9187212719692], 
            [-99.219205601857, 39.8945385021502], 
            [-99.1050006952259, 39.8737012103427], 
            [-99.0841723966387, 39.8495274337441], 
            [-98.9699674900076, 39.8286901419366], 
            [-98.9491301982, 39.8045163653381], 
            [-98.8799453531954, 39.7836790735305], 
            [-98.8591080613879, 39.7594963037115], 
            [-98.7899142231628, 39.7386680051244], 
            [-98.7690859245757, 39.7144852353055], 
            [-98.6998920863506, 39.6936569367184], 
            [-98.6790637877636, 39.6694741668994], 
            [-98.5648588811324, 39.6486458683123], 
            [-98.5440215893248, 39.6244630984933], 
            [-98.4748277510998, 39.6036347999062], 
            [-98.436048984473, 39.5586237315001], 
            [-98.0697191422246, 39.5794520300872], 
            [-98.0488908436375, 39.6036347999062], 
            [-97.9796970054124, 39.6244630984933], 
            [-97.9588687068253, 39.6486458683123], 
            [-97.9346859370063, 39.6694741668994], 
            [-97.9138576384193, 39.7386680051244], 
            [-97.8896748686003, 39.7594963037115], 
            [-97.8688375767926, 39.8286901419366], 
            [-97.8238265083866, 39.8674689085634], 
            [-97.8446638001942, 40.0312444463742], 
            [-97.8688375767926, 40.0520817381817], 
            [-97.8896748686003, 40.3463309184372], 
            [-97.9346859370063, 40.385109685064], 
            [-97.9138576384193, 41.1115370677815], 
            [-97.8896748686003, 41.1323743595891], 
            [-97.8688375767926, 41.2915903346263], 
            [-97.8446638001942, 41.3124186332134], 
            [-97.8238265083866, 41.4266235398446], 
            [-97.7996527317881, 41.4474608316522], 
            [-97.7788154399805, 41.5166456766567], 
            [-97.754641663382, 41.5374829684643], 
            [-97.7338043715744, 41.6066768066893], 
            [-97.7096216017555, 41.6275051052765], 
            [-97.6887933031683, 41.6966989435015], 
            [-97.6646105333494, 41.7175272420886], 
            [-97.6437822347623, 41.7867210803137], 
            [-97.6195994649433, 41.8075583721213], 
            [-97.5987711663562, 41.8317321487198], 
            [-97.5745883965372, 41.8525694405273], 
            [-97.5537600979501, 41.921754285532], 
            [-97.5295773281311, 41.9425915773395], 
            [-97.5087400363236, 41.9667743471585], 
            [-97.4845662597251, 41.9876026457456], 
            [-97.4637289679175, 42.0567964839706], 
            [-97.439555191319, 42.0776247825577], 
            [-97.4187178995114, 42.236840757595], 
            [-97.3945441229129, 42.2576780494025], 
            [-97.3737068311053, 42.5069161612519], 
            [-97.3495240612863, 42.527744459839], 
            [-97.3286957626992, 42.6869694280967], 
            [-97.3045129928802, 42.7077977266839], 
            [-97.2836846942931, 42.822002633315], 
            [-97.2386736258871, 42.8607813999417], 
            [-97.2595019244742, 42.9570358385332], 
            [-97.2836846942931, 42.9778731303407], 
            [-97.3045129928802, 43.0020469069393], 
            [-97.3286957626992, 43.0228841987469], 
            [-97.3495240612863, 43.0470579753454], 
            [-97.3737068311053, 43.0678952671529], 
            [-97.3945441229129, 43.0920780369719], 
            [-97.4187178995114, 43.112906335559], 
            [-97.439555191319, 43.137089105378], 
            [-97.4637289679175, 43.1579174039651], 
            [-97.4845662597251, 43.1821001737841], 
            [-97.5087400363236, 43.2029284723712], 
            [-97.5295773281311, 43.2271112421902], 
            [-97.5537600979501, 43.2479395407773], 
            [-97.5745883965372, 43.2721223105962], 
            [-97.5987711663562, 43.2929596024038], 
            [-97.6195994649433, 43.3171333790023], 
            [-97.6437822347623, 43.3379706708099], 
            [-97.6646105333494, 43.3621444474084], 
            [-97.6887933031683, 43.382981739216], 
            [-97.7096216017555, 43.4071555158145], 
            [-97.7338043715744, 43.427992807622], 
            [-97.754641663382, 43.452175577441], 
            [-97.7788154399805, 43.4730038760281], 
            [-97.7996527317881, 43.4971866458471], 
            [-97.8238265083866, 43.5180149444342], 
            [-97.8446638001942, 43.5872087826593], 
            [-97.8688375767926, 43.6080370812464], 
            [-97.8896748686003, 43.6322198510654], 
            [-97.9138576384193, 43.6530571428729], 
            [-97.9346859370063, 43.6772309194714], 
            [-97.9588687068253, 43.698068211279], 
            [-97.9796970054124, 43.7672530562836], 
            [-98.0038797752314, 43.7880903480912], 
            [-98.0247080738185, 43.8122731179101], 
            [-98.0488908436375, 43.8331014164972], 
            [-98.0697191422246, 43.9022952547223], 
            [-98.0939019120436, 43.9231235533094], 
            [-98.1147392038511, 43.9473063231284], 
            [-98.1389129804496, 43.9681346217155], 
            [-98.1597502722572, 44.0373284599405], 
            [-98.1839240488557, 44.0581657517481], 
            [-98.2047613406633, 44.1723706583792], 
            [-98.2289351172618, 44.1931989569664], 
            [-98.2497724090694, 44.2623927951914], 
            [-98.2739551788883, 44.2832210937785], 
            [-98.2947834774754, 44.3974260004097], 
            [-98.3189662472944, 44.4182632922173], 
            [-98.3397945458815, 44.5324681988484], 
            [-98.3639773157005, 44.5532964974355], 
            [-98.3848056142876, 44.8925567460971], 
            [-98.4298166826937, 44.9313445059442], 
            [-98.4089883841066, 45.1176210813479], 
            [-98.3848056142876, 45.1384583731555], 
            [-98.3639773157005, 45.477718621817], 
            [-98.3397945458815, 45.4985559136246], 
            [-98.3189662472944, 45.6577718886618], 
            [-98.2947834774754, 45.6786001872489], 
            [-98.2739551788883, 45.9278382990983], 
            [-98.2497724090694, 45.9486755909059], 
            [-98.2289351172618, 47.0981530573178], 
            [-98.2047613406633, 47.1189903491254], 
            [-98.1839240488557, 47.3232173925687], 
            [-98.1597502722572, 47.3440546843763], 
            [-98.1389129804496, 47.458250597787], 
            [-98.1147392038511, 47.4790878895945], 
            [-98.0939019120436, 47.5932927962256], 
            [-98.0697191422246, 47.6141210948127], 
            [-98.0488908436375, 47.6833149330378], 
            [-98.0247080738185, 47.7041432316249], 
            [-98.0038797752314, 47.8183481382561], 
            [-97.9796970054124, 47.8391854300637], 
            [-97.9588687068253, 47.9533903366948], 
            [-97.9138576384193, 47.9921691033215], 
            [-97.9346859370063, 48.3134878771639], 
            [-97.9588687068253, 48.334316175751], 
            [-97.9796970054124, 48.35849894557], 
            [-98.0038797752314, 48.3793272441571], 
            [-98.0247080738185, 48.4035100139761], 
            [-98.0488908436375, 48.4243383125632], 
            [-98.0697191422246, 48.4485210823821], 
            [-98.0939019120436, 48.4693583741897], 
            [-98.1147392038511, 48.4935321507882], 
            [-98.1389129804496, 48.5143694425958], 
            [-98.1597502722572, 48.5385432191943], 
            [-98.2289351172618, 48.5593805110019], 
            [-98.2497724090694, 48.5835542876003], 
            [-98.2739551788883, 48.6043915794079], 
            [-98.2947834774754, 48.6285743492269], 
            [-98.4089883841066, 48.649402647814], 
            [-98.4477671507334, 48.6944137162201], 
            [-98.8591080613879, 48.673585417633], 
            [-98.8799453531954, 48.649402647814], 
            [-98.9491301982, 48.6285743492269], 
            [-98.9699674900076, 48.6043915794079], 
            [-99.0391613282326, 48.5835542876003], 
            [-99.0599896268197, 48.5593805110019], 
            [-99.1291834650448, 48.5385432191943], 
            [-99.1500117636319, 48.5143694425958], 
            [-99.219205601857, 48.4935321507882], 
            [-99.2400428936646, 48.4693583741897], 
            [-99.2642166702631, 48.4485210823821], 
            [-99.2850539620707, 48.4243383125632], 
            [-99.3092277386692, 48.4035100139761], 
            [-99.3300650304767, 48.3793272441571], 
            [-99.3992588687018, 48.35849894557], 
            [-99.4200871672889, 48.334316175751], 
            [-99.4442699371078, 48.3134878771639], 
            [-99.4650982356949, 48.2893051073449], 
            [-99.4892810055139, 48.2684768087578], 
            [-99.510109304101, 48.1992829705327], 
            [-99.53429207392, 48.1784456787251], 
            [-99.5551203725071, 48.1092608337206], 
            [-99.6001404341337, 48.0704730738734], 
            [-99.5793031423261, 47.7491632932515], 
            [-99.5551203725071, 47.7283260014439], 
            [-99.53429207392, 47.5240989580006], 
            [-99.510109304101, 47.5032706594135], 
            [-99.4892810055139, 47.3440546843763], 
            [-99.4650982356949, 47.3232173925687], 
            [-99.4442699371078, 46.9839571439072], 
            [-99.3992588687018, 46.9451693840599], 
            [-99.4200871672889, 46.8489149454684], 
            [-99.4442699371078, 46.8280866468813], 
            [-99.4650982356949, 46.5788395418115], 
            [-99.4892810055139, 46.5580112432244], 
            [-99.510109304101, 46.3987952681871], 
            [-99.53429207392, 46.3779669696], 
            [-99.5551203725071, 46.308773131375], 
            [-99.5793031423261, 46.2879358395674], 
            [-99.6001404341337, 46.2187420013424], 
            [-99.6243142107322, 46.1979137027553], 
            [-99.6451515025398, 46.1737309329363], 
            [-99.6693252791383, 46.1529026343492], 
            [-99.6901625709459, 46.0837087961241], 
            [-99.7143363475444, 46.062880497537], 
            [-99.7351736393519, 46.038697727718], 
            [-99.7593564091709, 46.0178694291309], 
            [-99.780184707758, 45.9936866593119], 
            [-99.804367477577, 45.9728493675044], 
            [-99.8251957761641, 45.9486755909059], 
            [-99.849378545983, 45.9278382990983], 
            [-99.8702068445702, 45.9036645224998], 
            [-99.8943896143891, 45.8828272306922], 
            [-99.9152179129762, 45.8586444608733], 
            [-99.9394006827952, 45.8378161622861], 
            [-99.9602379746028, 45.8136333924672], 
            [-99.9844117512013, 45.7928050938801], 
            [-100.005249043009, 45.7686223240611], 
            [-100.074433888013, 45.747794025474], 
            [-100.095271179821, 45.723611255655], 
            [-100.11945394964, 45.7027829570679], 
            [-100.140282248227, 45.6786001872489], 
            [-100.164465018046, 45.6577718886618], 
            [-100.185293316633, 45.6335891188428], 
            [-100.254487154858, 45.6127518270352], 
            [-100.275315453445, 45.5885780504367], 
            [-100.365310610596, 45.5614814771885], 
            [-100.320326521851, 45.5227296902231], 
            [-100.299498223264, 45.4985559136246], 
            [-100.275315453445, 45.477718621817], 
            [-100.254487154858, 45.453535851998], 
            [-100.185293316633, 45.4327075534109], 
            [-100.164465018046, 45.408524783592], 
            [-100.095271179821, 45.3876964850049], 
            [-100.074433888013, 45.3635137151859], 
            [-100.050260111415, 45.3426854165988], 
            [-100.029422819607, 45.3185026467798], 
            [-99.9602379746028, 45.2976743481927], 
            [-99.9394006827952, 45.2734915783738], 
            [-99.9152179129762, 45.2526542865661], 
            [-99.8943896143891, 45.2284805099676], 
            [-99.8251957761641, 45.20764321816], 
            [-99.804367477577, 45.1834694415616], 
            [-99.780184707758, 45.162632149754], 
            [-99.7593564091709, 45.1384583731555], 
            [-99.7351736393519, 45.1176210813479], 
            [-99.7143363475444, 45.0934383115289], 
            [-99.6901625709459, 45.0726100129418], 
            [-99.6693252791383, 45.0484272431228], 
            [-99.6451515025398, 45.0275989445357], 
            [-99.6243142107322, 45.0034161747168], 
            [-99.6001404341337, 44.9825878761297], 
            [-99.5793031423261, 44.9584051063107], 
            [-99.5551203725071, 44.9375768077236], 
            [-99.53429207392, 44.8683829694985], 
            [-99.510109304101, 44.847545677691], 
            [-99.4892810055139, 44.7783608326864], 
            [-99.4650982356949, 44.7575235408788], 
            [-99.4442699371078, 44.6883297026537], 
            [-99.4200871672889, 44.6675014040666], 
            [-99.3992588687018, 44.4632743606233], 
            [-99.3542388070752, 44.4244955939965], 
            [-99.3750760988828, 44.3282321621846], 
            [-99.3992588687018, 44.3074038635975], 
            [-99.4200871672889, 44.1481878885603], 
            [-99.4442699371078, 44.1273505967527], 
            [-99.4650982356949, 44.0131456901216], 
            [-99.4892810055139, 43.9923173915345], 
            [-99.510109304101, 43.9231235533094], 
            [-99.53429207392, 43.9022952547223], 
            [-99.5551203725071, 43.8781124849033], 
            [-99.5793031423261, 43.8572841863162], 
            [-99.6001404341337, 43.8331014164972], 
            [-99.6243142107322, 43.8122731179101], 
            [-99.6451515025398, 43.7880903480912], 
            [-99.6693252791383, 43.7672530562836], 
            [-99.6901625709459, 43.7430792796851], 
            [-99.7143363475444, 43.7222419878775], 
            [-99.7351736393519, 43.698068211279], 
            [-99.7593564091709, 43.6772309194714], 
            [-99.780184707758, 43.6530571428729], 
            [-99.804367477577, 43.6322198510654], 
            [-99.8251957761641, 43.6080370812464], 
            [-99.8943896143891, 43.5872087826593], 
            [-99.9152179129762, 43.5630260128403], 
            [-99.9844117512013, 43.5421977142532], 
            [-100.005249043009, 43.5180149444342], 
            [-100.11945394964, 43.4971866458471], 
            [-100.140282248227, 43.4730038760281], 
            [-100.299498223264, 43.452175577441], 
            [-100.320326521851, 43.427992807622], 
            [-100.569573626921, 43.4071555158145], 
            [-100.590401925508, 43.382981739216], 
            [-100.794628968952, 43.3621444474084], 
            [-100.815466260759, 43.3379706708099], 
            [-100.839649030578, 43.3171333790023], 
            [-100.860477329165, 43.2479395407773], 
            [-100.884660098984, 43.2271112421902], 
            [-100.905488397571, 43.1579174039651], 
            [-100.92967116739, 43.137089105378], 
            [-100.950499465978, 43.112906335559], 
            [-100.974682235796, 43.0920780369719], 
            [-100.995510534384, 43.0228841987469], 
            [-101.019693304203, 43.0020469069393], 
            [-101.04052160279, 42.9778731303407], 
            [-101.064704372609, 42.9570358385332], 
            [-101.085541664416, 42.9328620619347], 
            [-101.109715441015, 42.9120247701271], 
            [-101.130552732822, 42.8878420003081], 
            [-101.154726509421, 42.867013701721], 
            [-101.175563801228, 42.8428309319021], 
            [-101.199737577827, 42.822002633315], 
            [-101.220574869634, 42.797819863496], 
            [-101.244757639453, 42.7769915649089], 
            [-101.265585938041, 42.7528087950899], 
            [-101.28976870786, 42.7319804965028], 
            [-101.310597006447, 42.7077977266839], 
            [-101.379790844672, 42.6869694280967], 
            [-101.400619143259, 42.6627866582777], 
            [-101.469812981484, 42.6419493664702], 
            [-101.490650273291, 42.6177755898716], 
            [-101.559835118296, 42.596938298064], 
            [-101.580672410104, 42.5727645214656], 
            [-101.649866248329, 42.551927229658], 
            [-101.670694546916, 42.527744459839], 
            [-101.784899453547, 42.5069161612519], 
            [-101.805736745354, 42.4827333914329], 
            [-101.964952720392, 42.4619050928458], 
            [-101.985781018979, 42.4377223230269], 
            [-102.144996994016, 42.4168940244398], 
            [-102.165825292603, 42.3927112546208], 
            [-102.325050260861, 42.3718829560337], 
            [-102.345878559448, 42.3477001862147], 
            [-102.505094534485, 42.3268718876276], 
            [-102.525922833072, 42.3026891178086], 
            [-102.640127739703, 42.2818518260011], 
            [-102.660965031511, 42.2576780494025], 
            [-102.775169938142, 42.236840757595], 
            [-102.795998236729, 42.2126669809965], 
            [-102.865192074954, 42.1918296891889], 
            [-102.886020373541, 42.1676469193699], 
            [-102.955214211766, 42.1468186207828], 
            [-102.976051503574, 42.1226358509638], 
            [-103.045236348579, 42.1018075523767], 
            [-103.066073640386, 42.0776247825577], 
            [-103.090256410205, 42.0567964839706], 
            [-103.111084708792, 42.0326137141517], 
            [-103.135267478611, 42.0117854155645], 
            [-103.156095777198, 41.9876026457456], 
            [-103.180278547017, 41.9667743471585], 
            [-103.201106845604, 41.9425915773395], 
            [-103.225289615423, 41.921754285532], 
            [-103.24611791401, 41.8975805089334], 
            [-103.270300683829, 41.8767432171259], 
            [-103.291137975637, 41.8075583721213], 
            [-103.315311752236, 41.7867210803137], 
            [-103.336149044043, 41.6725161736825], 
            [-103.381160112449, 41.6337374070558], 
            [-103.360322820642, 40.9073100243382], 
            [-103.336149044043, 40.8864817257511], 
            [-103.315311752236, 40.3221481486182], 
            [-103.270300683829, 40.2833693819915], 
            [-103.291137975637, 39.489429893275], 
            [-103.315311752236, 39.4685926014675], 
            [-103.336149044043, 39.2193544896181], 
            [-103.360322820642, 39.198526191031], 
            [-103.381160112449, 39.0393102159937], 
            [-103.405333889048, 39.0184729241862], 
            [-103.426171180855, 38.9042680175551], 
            [-103.450353950674, 38.883439718968], 
            [-103.471182249261, 38.7692348123368], 
            [-103.49536501908, 38.7483975205292], 
            [-103.516193317667, 38.6792126755246], 
            [-103.540376087486, 38.658375383717], 
            [-103.561204386073, 38.589181545492], 
            [-103.585387155892, 38.5683532469049], 
            [-103.60621545448, 38.4991594086799], 
            [-103.630398224299, 38.4783311100927], 
            [-103.651235516106, 38.4091372718677], 
            [-103.675409292705, 38.3882999800601], 
            [-103.696246584512, 38.3641262034616], 
            [-103.720420361111, 38.343288911654], 
            [-103.741257652918, 38.2740950734289], 
            [-103.765431429517, 38.2532667748418], 
            [-103.786268721324, 38.2290840050229], 
            [-103.810451491143, 38.2082557064358], 
            [-103.83127978973, 38.1840729366168], 
            [-103.855462559549, 38.1632446380297], 
            [-103.876290858137, 38.0940507998047], 
            [-103.900473627956, 38.0732225012175], 
            [-103.921301926543, 38.0490397313986], 
            [-103.945484696362, 38.028202439591], 
            [-103.966312994949, 38.0040286629925], 
            [-103.990495764768, 37.9831913711849], 
            [-104.011324063355, 37.9590175945864], 
            [-104.035506833174, 37.9381803027788], 
            [-104.056344124981, 37.9139975329599], 
            [-104.08051790158, 37.8931692343727], 
            [-104.101355193387, 37.8689864645537], 
            [-104.170549031612, 37.8481581659666], 
            [-104.1913773302, 37.8239753961477], 
            [-104.215560100019, 37.8031470975606], 
            [-104.236388398606, 37.7789643277416], 
            [-104.260571168425, 37.7581360291545], 
            [-104.281399467012, 37.7339532593355], 
            [-104.350593305237, 37.7131249607484], 
            [-104.371421603824, 37.6889421909294], 
            [-104.440615442049, 37.6681048991219], 
            [-104.461452733857, 37.6439311225234], 
            [-104.485626510455, 37.6230938307158], 
            [-104.506463802263, 37.5989200541173], 
            [-104.575657640488, 37.5780827623097], 
            [-104.596485939075, 37.5538999924908], 
            [-104.6656797773, 37.5330716939037], 
            [-104.686508075887, 37.5088889240847], 
            [-104.755701914112, 37.4880606254976], 
            [-104.77653920592, 37.4638778556786], 
            [-104.845724050924, 37.4430495570914], 
            [-104.866561342732, 37.4188667872725], 
            [-104.890744112551, 37.3980384886854], 
            [-104.901158261844, 37.3634415695728], 
            [-104.957195018535, 37.3816258613445], 
            [-104.935143641965, 37.6224822917244], 
            [-104.912183950129, 37.6445426615147], 
            [-104.890123580339, 37.6674933601305], 
            [-104.867172881723, 37.6895537299208], 
            [-104.845112511933, 37.7125044285366], 
            [-104.822161813317, 37.7345647983269], 
            [-104.800101443527, 37.7575244901632], 
            [-104.732130683284, 37.779575866733], 
            [-104.710079306715, 37.8025355585693], 
            [-104.642108546472, 37.824586935139], 
            [-104.620057169902, 37.8475466269753], 
            [-104.597097478066, 37.8695980035451], 
            [-104.575046101496, 37.8925576953814], 
            [-104.507075341254, 37.9146090719512], 
            [-104.485014971464, 37.9375687637875], 
            [-104.462064272848, 37.9596291335777], 
            [-104.440003903058, 37.9825798321936], 
            [-104.417053204442, 38.0046402019838], 
            [-104.394992834652, 38.0275909005997], 
            [-104.327022074409, 38.0496512703899], 
            [-104.304970697839, 38.0726019690057], 
            [-104.282011006003, 38.094662338796], 
            [-104.259959629433, 38.1176220306323], 
            [-104.236999937597, 38.1396734072021], 
            [-104.214948561027, 38.1626330990384], 
            [-104.191988869191, 38.1846844756082], 
            [-104.169937492621, 38.2076441674445], 
            [-104.146977800785, 38.2296955440142], 
            [-104.124917430995, 38.2976663042566], 
            [-104.101966732379, 38.3197266740469], 
            [-104.079906362589, 38.3426773726627], 
            [-104.056955663973, 38.3647377424529], 
            [-104.034895294182, 38.4326995094748], 
            [-104.011944595567, 38.4547598792651], 
            [-103.989884225776, 38.5227306395075], 
            [-103.96692453394, 38.5447820160772], 
            [-103.94487315737, 38.6127527763197], 
            [-103.921913465534, 38.6348041528894], 
            [-103.899862088964, 38.7477859815379], 
            [-103.876902397128, 38.7698463513281], 
            [-103.854851020558, 38.9278392483827], 
            [-103.831891328722, 38.9498906249524], 
            [-103.809839952152, 39.2879367888518], 
            [-103.786880260316, 39.3099881654216], 
            [-103.764819890525, 39.7380564661331], 
            [-103.74186919191, 39.7601078427028], 
            [-103.719808822119, 40.3007083110398], 
            [-103.684906133511, 40.3342440301379], 
            [-103.719808822119, 40.3677797492361], 
            [-103.74186919191, 40.9308812551659], 
            [-103.764819890525, 40.9529326317356], 
            [-103.786880260316, 41.2009476656024], 
            [-103.809839952152, 41.2230080353926], 
            [-103.831891328722, 41.3810009324471], 
            [-103.854851020558, 41.4030523090169], 
            [-103.876902397128, 41.5160341376654], 
            [-103.899862088964, 41.5380945074556], 
            [-103.921913465534, 41.606065267698], 
            [-103.94487315737, 41.6281166442678], 
            [-103.96692453394, 41.6960874045102], 
            [-103.989884225776, 41.71813878108], 
            [-104.011944595567, 41.7861095413223], 
            [-104.034895294182, 41.8081699111126], 
            [-104.056955663973, 41.8761316781345], 
            [-104.079906362589, 41.8981920479247], 
            [-104.101966732379, 41.9661628081672], 
            [-104.124917430995, 41.9882141847369], 
            [-104.146977800785, 42.0111738765732], 
            [-104.169937492621, 42.033225253143], 
            [-104.191988869191, 42.0561849449793], 
            [-104.214948561027, 42.0782363215491], 
            [-104.236999937597, 42.1462070817915], 
            [-104.259959629433, 42.1682674515817], 
            [-104.282011006003, 42.1912181501975], 
            [-104.304970697839, 42.2132785199878], 
            [-104.327022074409, 42.2362292186036], 
            [-104.349981766245, 42.2582895883939], 
            [-104.372042136036, 42.2812402870097], 
            [-104.394992834652, 42.3033006567999], 
            [-104.417053204442, 42.3262513554158], 
            [-104.485014971464, 42.348311725206], 
            [-104.507075341254, 42.3712714170424], 
            [-104.53002603987, 42.3933227936121], 
            [-104.55208640966, 42.4162824854485], 
            [-104.575046101496, 42.4383338620182], 
            [-104.597097478066, 42.4612935538545], 
            [-104.642108546472, 42.5045419510503], 
            [-104.620057169902, 42.5063046222606], 
            [-103.561815925065, 42.5283559988303], 
            [-103.539764548495, 42.5513156906667], 
            [-103.336760583034, 42.5733760604569], 
            [-103.314700213244, 42.5963267590728], 
            [-103.15670731619, 42.618387128863], 
            [-103.13465593962, 42.6413378274788], 
            [-103.021674110971, 42.6633981972691], 
            [-102.999613741181, 42.6863488958849], 
            [-102.886631912533, 42.7084092656751], 
            [-102.864580535963, 42.7313689575114], 
            [-102.706587638908, 42.7534203340812], 
            [-102.684527269118, 42.7763800259175], 
            [-102.120976102165, 42.7984493889282], 
            [-102.266963049905, 42.9387076552342], 
            [-102.41169994, 43.1522246954135], 
            [-102.502234690379, 43.4167332956052], 
            [-102.544107124844, 43.7032842791463], 
            [-102.489913978347, 44.0362133006034], 
            [-102.390296075304, 44.3042922093181], 
            [-102.167336153641, 44.7800695445739], 
            [-102.165978177351, 44.8468891725973], 
            [-102.369449790276, 44.8689945084898], 
            [-102.391501166845, 44.8919452071057], 
            [-102.504482995494, 44.9140055768959], 
            [-102.526543365284, 44.9369652687323], 
            [-102.639516200712, 44.959016645302], 
            [-102.661576570502, 44.9819763371384], 
            [-102.774558399151, 45.0040277137081], 
            [-102.796609775721, 45.0269874055444], 
            [-102.909591604369, 45.0490387821142], 
            [-102.931651974159, 45.0719984739505], 
            [-103.044624809587, 45.0940498505203], 
            [-103.066685179377, 45.1170095423566], 
            [-103.269689144838, 45.1390699121468], 
            [-103.291749514628, 45.1620206107627], 
            [-103.539764548495, 45.1840809805529], 
            [-103.561815925065, 45.2070316791687], 
            [-103.764819890525, 45.229092048959], 
            [-103.786880260316, 45.2520427475748], 
            [-103.854851020558, 45.274103117365], 
            [-103.876902397128, 45.2970628092013], 
            [-103.94487315737, 45.3191141857711], 
            [-103.96692453394, 45.3420738776074], 
            [-103.989884225776, 45.3641252541772], 
            [-104.011944595567, 45.3870849460135], 
            [-104.056955663973, 45.4303333432093], 
            [-104.034895294182, 45.7021714180765], 
            [-104.011944595567, 45.7242227946463], 
            [-103.989884225776, 45.7471824864826], 
            [-103.876902397128, 45.7692338630524], 
            [-103.854851020558, 45.7921935548887], 
            [-103.561815925065, 45.8142449314585], 
            [-103.539764548495, 45.8372046232948], 
            [-103.336760583034, 45.859264993085], 
            [-103.314700213244, 45.8822156917009], 
            [-103.25977861589, 45.9088626039261], 
            [-103.311552586083, 46.0093618425751], 
            [-103.351293627299, 46.1254733119439], 
            [-103.269689144838, 46.3998564682015], 
            [-103.18951458443, 46.611718755816], 
            [-103.009821046404, 47.2980183888376], 
            [-102.909591604369, 47.5251601580149], 
            [-102.729547330745, 47.9133705056444], 
            [-102.824425806606, 48.0964814674459], 
            [-103.104861400233, 48.3092700567678], 
            [-103.360619596917, 48.4199316345374], 
            [-103.674716814729, 48.4930105440015], 
            [-103.696858123504, 48.469969913181], 
            [-103.719808822119, 48.4479095433908], 
            [-103.74186919191, 48.4249498515545], 
            [-103.764819890525, 48.4028984749847], 
            [-103.786880260316, 48.3799387831484], 
            [-103.809839952152, 48.3578874065786], 
            [-103.831891328722, 48.3349277147423], 
            [-103.854851020558, 48.3128763381725], 
            [-103.876902397128, 48.2899166463362], 
            [-103.899862088964, 48.2678652697665], 
            [-103.921913465534, 48.2449055779302], 
            [-103.94487315737, 48.2228452081399], 
            [-103.96692453394, 48.1998945095241], 
            [-103.989884225776, 48.1778341397338], 
            [-104.011944595567, 48.154883441118], 
            [-104.034895294182, 48.1328230713278], 
            [-104.056955663973, 48.0648613043058], 
            [-104.079906362589, 48.0428009345156], 
            [-104.101966732379, 48.0198412426792], 
            [-104.124917430995, 47.9977898661095], 
            [-104.146977800785, 47.9748301742732], 
            [-104.169937492621, 47.9527787977034], 
            [-104.191988869191, 47.884808037461], 
            [-104.214948561027, 47.8627566608913], 
            [-104.236999937597, 47.7947859006489], 
            [-104.259959629433, 47.7727255308586], 
            [-104.282011006003, 47.7047637638367], 
            [-104.318235698019, 47.6699510074332], 
            [-104.173193038428, 47.3123625754725], 
            [-104.103765376471, 47.0414687887537], 
            [-104.057405324996, 46.6332934917014], 
            [-104.086561345729, 46.4133552921131], 
            [-104.211342279622, 46.2230227742817], 
            [-104.389722807462, 46.1311300476137], 
            [-104.568301186151, 46.0853725419094], 
            [-104.773877212663, 46.0811727079542], 
            [-104.990694764752, 46.1114438880251], 
            [-105.283190267017, 46.2063583367679], 
            [-105.430274387653, 46.2643736019602], 
            [-105.632379031067, 46.3548453997955], 
            [-105.666364411189, 46.3658710880803]
          ], 
          [
            [-108.952253343817, 48.4589352316757], 
            [-108.952253343817, 48.5489663617083], 
            [-108.907242275411, 48.5489663617083], 
            [-108.907242275411, 48.6389884985205], 
            [-108.862222213784, 48.6389884985205], 
            [-108.862222213784, 48.7290106353326], 
            [-108.817211145378, 48.7290106353326], 
            [-108.817211145378, 48.8190327721448], 
            [-108.772200076972, 48.8190327721448], 
            [-108.772200076972, 48.9090639021774], 
            [-108.727189008566, 48.9090639021774], 
            [-108.727189008566, 48.9990860389896], 
            [-108.772200076972, 48.9990860389896], 
            [-108.772200076972, 49.0440971073957], 
            [-109.177308685847, 49.0440971073957], 
            [-109.177308685847, 48.9990860389896], 
            [-109.222319754253, 48.9990860389896], 
            [-109.222319754253, 48.9540749705835], 
            [-109.26733981588, 48.9540749705835], 
            [-109.26733981588, 48.9090639021774], 
            [-109.312350884286, 48.9090639021774], 
            [-109.312350884286, 48.7290106353326], 
            [-109.26733981588, 48.7290106353326], 
            [-109.26733981588, 48.6389884985205], 
            [-109.222319754253, 48.6389884985205], 
            [-109.222319754253, 48.5939774301144], 
            [-109.132297617441, 48.5939774301144], 
            [-109.132297617441, 48.5489663617083], 
            [-109.087286549035, 48.5489663617083], 
            [-109.087286549035, 48.5039463000818], 
            [-108.997264412223, 48.5039463000818], 
            [-108.997264412223, 48.4589352316757], 
            [-108.952253343817, 48.4589352316757]
          ]
        ]
      }, 
      "properties" : {
        "OBJECTID" : 92, 
        "Id" : 92, 
        "gridcode" : 1, 
        "Unixtime" : 1785913200, 
        "Timestamp" : 1785913200000, 
        "Shape__Area" : 2454277985759.957, 
        "Shape__Length" : 19669801.422780007
      }
    }, 
    {
      "type" : "Feature", 
      "id" : 94, 
      "geometry" : 
      {
        "type" : "Polygon", 
        "coordinates" : 
        [
          [
            [-121.893245776671, 36.6432464886346], 
            [-121.915755807484, 36.6432464886346], 
            [-121.915755807484, 36.6657475262275], 
            [-121.893245776671, 36.6657475262275], 
            [-121.893245776671, 36.6432464886346]
          ]
        ]
      }, 
      "properties" : {
        "OBJECTID" : 94, 
        "Id" : 94, 
        "gridcode" : 1, 
        "Unixtime" : 1785913200, 
        "Timestamp" : 1785913200000, 
        "Shape__Area" : 7823684.5390625, 
        "Shape__Length" : 11256.05793964304
      }
    }, 
    {
      "type" : "Feature", 
      "id" : 96, 
      "geometry" : 
      {
        "type" : "Polygon", 
        "coordinates" : 
        [
          [
            [-121.893245776671, 36.6432464886346], 
            [-121.850743816774, 36.6760537568754], 
            [-121.825733670672, 36.823290762259], 
            [-121.79113675156, 36.9012260107718], 
            [-121.758383442642, 37.116145993343], 
            [-121.588888216618, 37.2563503003262], 
            [-121.455212987689, 37.2855063210599], 
            [-121.230094693116, 37.3113168637823], 
            [-121.20344778089, 37.6013122507599], 
            [-121.056255741609, 37.8089117518759], 
            [-121.005093310408, 37.9482257300335], 
            [-121.117625478033, 37.9381803027788], 
            [-121.331385335165, 37.8481581659666], 
            [-121.4409767197, 37.8771253290707], 
            [-121.543571378716, 38.0081205783021], 
            [-121.455212987689, 38.0957235388104], 
            [-121.185209529796, 38.2073833640511], 
            [-121.181693180596, 38.2512343070177], 
            [-121.341008081058, 38.4328883671046], 
            [-121.263612425773, 38.5656642739871], 
            [-121.195192004507, 38.5711591316887], 
            [-121.106779654158, 38.5317058735273], 
            [-121.053458850046, 38.4857685034138], 
            [-121.022845927597, 38.402428329404], 
            [-121.036983270162, 38.2265569100734], 
            [-120.935899472183, 38.1632446380297], 
            [-120.907390963322, 38.1301495867341], 
            [-120.731843299928, 38.0902736472111], 
            [-120.735134818617, 38.0493365076738], 
            [-120.690006838345, 37.9264621365185], 
            [-120.715205842076, 37.7208411439037], 
            [-120.939289916297, 37.5277836802727], 
            [-121.113587522046, 37.2819629921984], 
            [-120.96882365229, 37.0500278365155], 
            [-120.846129145544, 36.8372122675322], 
            [-120.760423754553, 36.8303234606592], 
            [-120.561403785756, 36.8847953969901], 
            [-120.524306751355, 36.7615792834573], 
            [-120.442441465501, 36.563638501116], 
            [-120.317615565506, 36.3514614507854], 
            [-120.604463325322, 36.1827036688393], 
            [-120.670563495709, 36.2166800557401], 
            [-120.867254220406, 36.5390960024786], 
            [-121.033359002316, 36.5524419416424], 
            [-121.229627045652, 36.4933564832152], 
            [-121.463702587804, 36.3627569356841], 
            [-121.500233049316, 36.3835852342712], 
            [-121.643809813972, 36.5502475958499], 
            [-121.77904087004, 36.5999081592342], 
            [-121.882831627378, 36.6311506071149], 
            [-121.893245776671, 36.6432464886346]
          ]
        ]
      }, 
      "properties" : {
        "OBJECTID" : 96, 
        "Id" : 96, 
        "gridcode" : 1, 
        "Unixtime" : 1785913200, 
        "Timestamp" : 1785913200000, 
        "Shape__Area" : 21199876087.578125, 
        "Shape__Length" : 1065112.2354841912
      }
    }, 
    {
      "type" : "Feature", 
      "id" : 99, 
      "geometry" : 
      {
        "type" : "Polygon", 
        "coordinates" : 
        [
          [
            [-91.6225693261135, 35.8330292708842], 
            [-92.06186116596, 35.8438481150985], 
            [-92.0835168408295, 35.8672125018555], 
            [-92.2869255012109, 35.8888591835046], 
            [-92.3085721828599, 35.9122235702616], 
            [-92.4219587064291, 35.9338702519107], 
            [-92.4436143812986, 35.9572346386677], 
            [-92.4669697748352, 35.9788903135372], 
            [-92.4886254497047, 36.0022547002943], 
            [-92.5119898364617, 36.0239013819433], 
            [-92.5336365181108, 36.0472657687004], 
            [-92.5786475865169, 36.0889673319769], 
            [-92.5570009048678, 36.3173321791368], 
            [-92.5336365181108, 36.3389878540063], 
            [-92.5119898364617, 36.4523743775756], 
            [-92.4886254497047, 36.4740210592246], 
            [-92.4669697748352, 36.5423965143877], 
            [-92.4436143812986, 36.5640431960367], 
            [-92.4219587064291, 36.6324186511999], 
            [-92.376947638023, 36.6741292076969], 
            [-92.4167246521209, 36.6801996315079], 
            [-92.5823617865672, 36.5925606981178], 
            [-92.7737914772948, 36.5423965143877], 
            [-93.1023408003876, 36.5679462537167], 
            [-93.289120996137, 36.6270856714667], 
            [-93.6017882918961, 36.7987392704011], 
            [-93.7723267314934, 36.9916618357252], 
            [-93.9039425129366, 37.1590256684999], 
            [-94.2185613375356, 37.3289615623263], 
            [-94.3688380514349, 37.4681946014998], 
            [-94.4916674564878, 37.7003186148123], 
            [-94.4638963917051, 37.9183052855606], 
            [-94.353225820715, 38.0377532397203], 
            [-94.1643771842596, 38.1533790751843], 
            [-93.961256306933, 38.206600953871], 
            [-93.7486295955793, 38.2150276014427], 
            [-93.3058843590758, 38.1795673331659], 
            [-92.8478506477891, 38.2070416216735], 
            [-92.8720873769308, 38.2294976931641], 
            [-92.8937340585799, 38.2528620799211], 
            [-92.9170984453369, 38.2745087615702], 
            [-92.938745126986, 38.2978731483272], 
            [-92.962109513743, 38.3195198299762], 
            [-92.9837561953921, 38.3878952851394], 
            [-93.0071205821491, 38.4095419667884], 
            [-93.0287672637981, 38.4329063535454], 
            [-93.0521316505552, 38.4545530351945], 
            [-93.0737783322042, 38.4779174219515], 
            [-93.0971427189613, 38.4995641036005], 
            [-93.1187894006103, 38.5229284903576], 
            [-93.1421537873674, 38.5445841652271], 
            [-93.1638004690164, 38.6129596203903], 
            [-93.1871648557734, 38.6346063020393], 
            [-93.2088205306429, 38.7029817572024], 
            [-93.2321849173999, 38.7246284388514], 
            [-93.253831599049, 38.8830260308267], 
            [-93.277195985806, 38.9046727124758], 
            [-93.298842667455, 39.603221111765], 
            [-93.3438537358612, 39.644931668262], 
            [-93.3222070542121, 39.7382633102037], 
            [-93.298842667455, 39.7599099918527], 
            [-93.2762876705395, 39.9718622116718], 
            [-93.1638004690164, 40.0074753646964], 
            [-93.1220989057398, 40.0524864331025], 
            [-93.0737783322042, 40.0308397514535], 
            [-93.0521316505552, 40.0074753646964], 
            [-92.8547034817802, 39.9697847777454], 
            [-92.8270673153043, 39.9399542654771], 
            [-92.7586918601412, 39.918307583828], 
            [-92.7370451784921, 39.894943197071], 
            [-92.668669723329, 39.8732965154219], 
            [-92.6269681600525, 39.8282854470158], 
            [-92.6232629532226, 39.8525221761576], 
            [-92.6812152658717, 39.9620326217082], 
            [-92.7136807917351, 40.0308397514535], 
            [-92.737081151374, 40.0750504232385], 
            [-92.7347968733769, 40.132678979951], 
            [-92.7619114330661, 40.3406741827674], 
            [-92.7281239037951, 40.623079291676], 
            [-92.6296661261907, 40.8759146917097], 
            [-92.5392303012374, 41.0159571207246], 
            [-92.3924969161997, 41.1284802951296], 
            [-92.2043047848379, 41.1777901229159], 
            [-91.9607593815402, 41.1459900953667], 
            [-91.7454077243869, 41.0621283145701], 
            [-91.3843479093285, 40.8410569692039], 
            [-91.3333203764342, 40.8664268441236], 
            [-91.3670989124848, 41.1579960446818], 
            [-91.3289496712902, 41.3577804372175], 
            [-91.26141058563, 41.50089854763], 
            [-91.1475923874787, 41.6560765666803], 
            [-91.0306895147093, 41.7179409302298], 
            [-90.9180404352178, 41.6842882992657], 
            [-90.8246188610715, 41.4177652176907], 
            [-90.8108952066484, 41.0714452909675], 
            [-90.9073205164286, 40.8671283153196], 
            [-91.0797385391023, 40.7758920937452], 
            [-91.1724496488322, 40.7722228597972], 
            [-91.2562214974241, 40.7755413581472], 
            [-91.2386757243052, 40.3328680674074], 
            [-91.2932285996201, 40.1038467151538], 
            [-91.3992406824115, 39.9894259712317], 
            [-91.5524581794014, 39.8904915529429], 
            [-91.6244848820716, 39.8127541552801], 
            [-91.9408124185582, 39.6267833493721], 
            [-91.7684303687665, 39.603221111765], 
            [-91.7467836871174, 39.5798567250079], 
            [-91.6783992387338, 39.5582100433589], 
            [-91.6567525570848, 39.5348456566019], 
            [-91.6333881703277, 39.5131989749528], 
            [-91.6117414886787, 39.4898345881958], 
            [-91.5883771019217, 39.4681879065467], 
            [-91.5667304202726, 39.4448235197897], 
            [-91.5433660335155, 39.4231768381406], 
            [-91.5217193518665, 39.3097903145715], 
            [-91.4983549651095, 39.2881346397019], 
            [-91.4767082834605, 38.6346063020393], 
            [-91.4533438967034, 38.6129596203903], 
            [-91.4316972150544, 38.2294976931641], 
            [-91.4083328282973, 38.2078510115151], 
            [-91.3866861466483, 37.9594222895071], 
            [-91.3416660850218, 37.9177117330101], 
            [-91.3633217598912, 37.3742604137872], 
            [-91.3866861466483, 37.3526137321381], 
            [-91.4083328282973, 37.1492050717567], 
            [-91.4316972150544, 37.1275583901077], 
            [-91.4533438967034, 36.8791296680998], 
            [-91.4983549651095, 36.8374281048232], 
            [-91.4767082834605, 36.5640431960367], 
            [-91.4316972150544, 36.5223416327602], 
            [-91.4533438967034, 36.0239013819433], 
            [-91.4767082834605, 36.0022547002943], 
            [-91.4983549651095, 35.9338702519107], 
            [-91.5217193518665, 35.9122235702616], 
            [-91.5433660335155, 35.8888591835046], 
            [-91.6117414886787, 35.8672125018555], 
            [-91.6225693261135, 35.8330292708842]
          ]
        ]
      }, 
      "properties" : {
        "OBJECTID" : 99, 
        "Id" : 99, 
        "gridcode" : 1, 
        "Unixtime" : 1785913200, 
        "Timestamp" : 1785913200000, 
        "Shape__Area" : 158511531936.66406, 
        "Shape__Length" : 2544942.8633780857
      }
    }, 
    {
      "type" : "Feature", 
      "id" : 100, 
      "geometry" : 
      {
        "type" : "Polygon", 
        "coordinates" : 
        [
          [
            [-102.470497615373, 35.7880182024782], 
            [-102.470497615373, 35.8330292708842], 
            [-102.425486546967, 35.8330292708842], 
            [-102.425486546967, 35.7880182024782], 
            [-102.470497615373, 35.7880182024782]
          ]
        ]
      }, 
      "properties" : {
        "OBJECTID" : 100, 
        "Id" : 100, 
        "gridcode" : 1, 
        "Unixtime" : 1785913200, 
        "Timestamp" : 1785913200000, 
        "Shape__Area" : 30958763.1875, 
        "Shape__Length" : 22378.503485588357
      }
    }, 
    {
      "type" : "Feature", 
      "id" : 101, 
      "geometry" : 
      {
        "type" : "Polygon", 
        "coordinates" : 
        [
          [
            [-102.515508683779, 35.7429981408516], 
            [-102.515508683779, 35.7880182024782], 
            [-102.470497615373, 35.7880182024782], 
            [-102.470497615373, 35.7429981408516], 
            [-102.515508683779, 35.7429981408516]
          ]
        ]
      }, 
      "properties" : {
        "OBJECTID" : 101, 
        "Id" : 101, 
        "gridcode" : 1, 
        "Unixtime" : 1785913200, 
        "Timestamp" : 1785913200000, 
        "Shape__Area" : 30947415.390625, 
        "Shape__Length" : 22373.973974028602
      }
    }, 
    {
      "type" : "Feature", 
      "id" : 102, 
      "geometry" : 
      {
        "type" : "Polygon", 
        "coordinates" : 
        [
          [
            [-102.560519752185, 35.6979870724455], 
            [-102.560519752185, 35.7429981408516], 
            [-102.515508683779, 35.7429981408516], 
            [-102.515508683779, 35.6979870724455], 
            [-102.560519752185, 35.6979870724455]
          ]
        ]
      }, 
      "properties" : {
        "OBJECTID" : 102, 
        "Id" : 102, 
        "gridcode" : 1, 
        "Unixtime" : 1785913200, 
        "Timestamp" : 1785913200000, 
        "Shape__Area" : 30923742.3671875, 
        "Shape__Length" : 22364.52481636405
      }
    }, 
    {
      "type" : "Feature", 
      "id" : 105, 
      "geometry" : 
      {
        "type" : "Polygon", 
        "coordinates" : 
        [
          [
            [-115.816607650323, 34.9552909539145], 
            [-115.845430921899, 34.9665414727109], 
            [-115.816607650323, 34.9777919915073], 
            [-115.816607650323, 34.9552909539145]
          ]
        ]
      }, 
      "properties" : {
        "OBJECTID" : 105, 
        "Id" : 105, 
        "gridcode" : 1, 
        "Unixtime" : 1785913200, 
        "Timestamp" : 1785913200000, 
        "Shape__Area" : 4903613.828125, 
        "Shape__Length" : 10164.488136344622
      }
    }, 
    {
      "type" : "Feature", 
      "id" : 107, 
      "geometry" : 
      {
        "type" : "Polygon", 
        "coordinates" : 
        [
          [
            [-115.951640855541, 34.9327809231012], 
            [-115.979259035576, 34.9409018011773], 
            [-115.959339052255, 34.9589691810829], 
            [-115.951640855541, 34.9327809231012]
          ]
        ]
      }, 
      "properties" : {
        "OBJECTID" : 107, 
        "Id" : 107, 
        "gridcode" : 1, 
        "Unixtime" : 1785913200, 
        "Timestamp" : 1785913200000, 
        "Shape__Area" : 4994666.75390625, 
        "Shape__Length" : 10231.850814138055
      }
    }, 
    {
      "type" : "Feature", 
      "id" : 111, 
      "geometry" : 
      {
        "type" : "Polygon", 
        "coordinates" : 
        [
          [
            [-117.459552116637, 34.3026079789751], 
            [-117.622365379858, 34.3964792141445], 
            [-117.735913781396, 34.5784030708451], 
            [-117.745329683218, 34.6956296995511], 
            [-117.656206868452, 34.6587215227801], 
            [-117.627509501962, 34.6072803017446], 
            [-117.55604037896, 34.4471110453385], 
            [-117.46996626593, 34.3372048980876], 
            [-117.459552116637, 34.3026079789751]
          ]
        ]
      }, 
      "properties" : {
        "OBJECTID" : 111, 
        "Id" : 111, 
        "gridcode" : 1, 
        "Unixtime" : 1785913200, 
        "Timestamp" : 1785913200000, 
        "Shape__Area" : 526681926.74609375, 
        "Shape__Length" : 129914.24804201473
      }
    }, 
    {
      "type" : "Feature", 
      "id" : 112, 
      "geometry" : 
      {
        "type" : "Polygon", 
        "coordinates" : 
        [
          [
            [-117.437042085824, 34.2801069413823], 
            [-117.459552116637, 34.2801069413823], 
            [-117.459552116637, 34.3026079789751], 
            [-117.437042085824, 34.3026079789751], 
            [-117.437042085824, 34.2801069413823]
          ]
        ]
      }, 
      "properties" : {
        "OBJECTID" : 112, 
        "Id" : 112, 
        "gridcode" : 1, 
        "Unixtime" : 1785913200, 
        "Timestamp" : 1785913200000, 
        "Shape__Area" : 7597044.265625, 
        "Shape__Length" : 11075.165760293603
      }
    }, 
    {
      "type" : "Feature", 
      "id" : 113, 
      "geometry" : 
      {
        "type" : "Polygon", 
        "coordinates" : 
        [
          [
            [-117.437042085824, 34.2801069413823], 
            [-117.414541048231, 34.2801069413823], 
            [-117.414541048231, 34.2350958729762], 
            [-117.437042085824, 34.2350958729762], 
            [-117.437042085824, 34.2801069413823]
          ]
        ]
      }, 
      "properties" : {
        "OBJECTID" : 113, 
        "Id" : 113, 
        "gridcode" : 1, 
        "Unixtime" : 1785913200, 
        "Timestamp" : 1785913200000, 
        "Shape__Area" : 15184955.7890625, 
        "Shape__Length" : 17134.27373305615
      }
    }, 
    {
      "type" : "Feature", 
      "id" : 114, 
      "geometry" : 
      {
        "type" : "Polygon", 
        "coordinates" : 
        [
          [
            [-117.414541048231, 34.2350958729762], 
            [-117.392031017417, 34.2350958729762], 
            [-117.392031017417, 34.1900848045702], 
            [-117.414541048231, 34.1900848045702], 
            [-117.414541048231, 34.2350958729762]
          ]
        ]
      }, 
      "properties" : {
        "OBJECTID" : 114, 
        "Id" : 114, 
        "gridcode" : 1, 
        "Unixtime" : 1785913200, 
        "Timestamp" : 1785913200000, 
        "Shape__Area" : 15182906.09375, 
        "Shape__Length" : 17129.795967240818
      }
    }, 
    {
      "type" : "Feature", 
      "id" : 115, 
      "geometry" : 
      {
        "type" : "Polygon", 
        "coordinates" : 
        [
          [
            [-112.980838394976, 34.1225637053508], 
            [-112.992727432425, 34.1331846987149], 
            [-113.078774565794, 34.4563560759722], 
            [-113.232270852618, 34.8841725665108], 
            [-113.26627421918, 35.0755213182543], 
            [-113.229213157661, 35.2741006192483], 
            [-113.134577498752, 35.3255238538429], 
            [-113.022989619275, 35.3321788369838], 
            [-112.970217401612, 35.3034994569344], 
            [-112.709575886218, 35.276339931143], 
            [-112.468323754138, 35.1414955835544], 
            [-112.287344185586, 34.9339950078634], 
            [-112.206243323471, 34.7390219882742], 
            [-112.198383248788, 34.607073457674], 
            [-112.700141997955, 34.6283154444023], 
            [-112.727949035619, 34.7183375812145], 
            [-112.836820962517, 34.6967808317701], 
            [-112.909378265195, 34.3849139326319], 
            [-112.970217401612, 34.179463811206], 
            [-112.980838394976, 34.1225637053508]
          ]
        ]
      }, 
      "properties" : {
        "OBJECTID" : 115, 
        "Id" : 115, 
        "gridcode" : 1, 
        "Unixtime" : 1785913200, 
        "Timestamp" : 1785913200000, 
        "Shape__Area" : 9764537694.140625, 
        "Shape__Length" : 495107.38200955052
      }
    }, 
    {
      "type" : "Feature", 
      "id" : 116, 
      "geometry" : 
      {
        "type" : "Polygon", 
        "coordinates" : 
        [
          [
            [-121.353103962578, 35.7204971032588], 
            [-121.27390066998, 35.7313159474731], 
            [-121.155262105662, 35.7624055106059], 
            [-120.901905098841, 35.8964674480144], 
            [-120.649420434405, 36.090082491314], 
            [-120.267154605501, 35.7789800159151], 
            [-119.906400559938, 35.4717626117552], 
            [-119.709197221674, 35.3949695022408], 
            [-119.423086905936, 35.6196651154528], 
            [-119.252557459559, 35.744742825621], 
            [-118.955772191134, 35.7763360090996], 
            [-118.821593341859, 35.7996914026362], 
            [-118.675156733097, 35.8230198165114], 
            [-118.491775974681, 35.8710795866537], 
            [-118.327316952116, 35.9580979878319], 
            [-118.22921890333, 36.0043950867639], 
            [-117.754475788427, 36.0800190776184], 
            [-117.374188468023, 36.1665068787895], 
            [-117.21953205576, 36.1029787694548], 
            [-116.979574947426, 35.8948576615519], 
            [-116.908582465109, 35.7255692795986], 
            [-116.95995174038, 35.5789887793088], 
            [-117.121029312053, 35.4608448421159], 
            [-117.311892429892, 35.3865248682281], 
            [-117.519851659826, 35.3947626581702], 
            [-117.677790597558, 35.5034457274385], 
            [-117.807104114563, 35.6430115157689], 
            [-117.853832888077, 35.686304879067], 
            [-117.875479569726, 35.7096692658241], 
            [-117.99793125952, 35.7313159474731], 
            [-118.174549116149, 35.6378673936654], 
            [-118.213076072603, 35.5962827422549], 
            [-118.273879236138, 35.5399402160682], 
            [-118.38615959359, 35.3868666106057], 
            [-118.492162683161, 35.0991914745071], 
            [-118.562354768857, 34.804501626449], 
            [-118.713153089543, 34.6192053120756], 
            [-118.704861340279, 34.4097981736469], 
            [-118.735006615263, 34.3528171288076], 
            [-118.781168815888, 34.3100453722962], 
            [-118.922443316106, 34.3156481486432], 
            [-118.99454196454, 34.3127883045367], 
            [-119.012465452918, 34.0325415685386], 
            [-119.090607545502, 34.0669316435806], 
            [-119.185584946788, 34.0962585355031], 
            [-119.264860185149, 34.167089139852], 
            [-119.32185921643, 34.2567155749639], 
            [-119.548344480513, 34.3797877969693], 
            [-119.620137359452, 34.3840685699087], 
            [-119.72141001506, 34.3780341189795], 
            [-119.800181633076, 34.38272858006], 
            [-119.872990745926, 34.3783848545775], 
            [-120.063925809528, 34.4468952080475], 
            [-120.484736581328, 34.4218131161824], 
            [-120.537805575267, 34.5052612088378], 
            [-120.687272899325, 34.5514144162424], 
            [-120.639267088505, 34.6852155502575], 
            [-120.667361909225, 34.7635375072502], 
            [-120.662334698987, 34.8478489490698], 
            [-120.696904638438, 34.9114490041683], 
            [-120.653098661574, 35.1164674510121], 
            [-120.833439711473, 35.158429817682], 
            [-120.917760146514, 35.2337660254818], 
            [-120.906914322638, 35.4157438415052], 
            [-121.028061995465, 35.4439285944292], 
            [-121.108065684684, 35.5154067106512], 
            [-121.190983177332, 35.6082077525858], 
            [-121.308938256895, 35.6446302954519], 
            [-121.353103962578, 35.7204971032588]
          ], 
          [
            [-118.989964415325, 35.2703774259775], 
            [-118.965008228547, 35.3285185962563], 
            [-118.985845520354, 35.4112112583929], 
            [-119.088979772598, 35.3732149019463], 
            [-119.066002094321, 35.2820506261356], 
            [-118.989964415325, 35.2703774259775]
          ]
        ]
      }, 
      "properties" : {
        "OBJECTID" : 116, 
        "Id" : 116, 
        "gridcode" : 1, 
        "Unixtime" : 1785913200, 
        "Timestamp" : 1785913200000, 
        "Shape__Area" : 60749827974.089844, 
        "Shape__Length" : 1533426.281059125
      }
    }, 
    {
      "type" : "Feature", 
      "id" : 117, 
      "geometry" : 
      {
        "type" : "Polygon", 
        "coordinates" : 
        [
          [
            [-117.392031017417, 34.1900848045702], 
            [-117.236987896674, 34.1569537803927], 
            [-117.107764311873, 34.2521290325289], 
            [-116.94003175706, 34.467183913407], 
            [-116.741848157766, 34.5382933075902], 
            [-116.640575502158, 34.5020776087947], 
            [-116.636735397021, 34.4376501774138], 
            [-116.645458820868, 34.2913574601787], 
            [-116.634702929197, 34.110935471295], 
            [-116.916730322846, 34.0844684234791], 
            [-117.134258339351, 34.0379914601378], 
            [-117.284454114266, 34.0843694980539], 
            [-117.349547043961, 34.1425376479941], 
            [-117.392031017417, 34.1900848045702]
          ]
        ]
      }, 
      "properties" : {
        "OBJECTID" : 117, 
        "Id" : 117, 
        "gridcode" : 1, 
        "Unixtime" : 1785913200, 
        "Timestamp" : 1785913200000, 
        "Shape__Area" : 3032499359.2578125, 
        "Shape__Length" : 253771.15106402093
      }
    }, 
    {
      "type" : "Feature", 
      "id" : 122, 
      "geometry" : 
      {
        "type" : "Polygon", 
        "coordinates" : 
        [
          [
            [-119.777680595483, 33.9200094009132], 
            [-119.888153315623, 33.9387782520148], 
            [-119.922516411004, 34.0227389582364], 
            [-119.96752747941, 34.0574797688763], 
            [-119.937589048496, 34.1075180475199], 
            [-119.655156959926, 34.0611220231629], 
            [-119.500626452749, 34.0839558099128], 
            [-119.489034191575, 34.0055169410541], 
            [-119.539917832942, 33.9748230796215], 
            [-119.764856263106, 33.9366108858837], 
            [-119.777680595483, 33.9200094009132]
          ]
        ]
      }, 
      "properties" : {
        "OBJECTID" : 122, 
        "Id" : 122, 
        "gridcode" : 1, 
        "Unixtime" : 1785913200, 
        "Timestamp" : 1785913200000, 
        "Shape__Area" : 837962710.890625, 
        "Shape__Length" : 134162.34887225911
      }
    }, 
    {
      "type" : "Feature", 
      "id" : 125, 
      "geometry" : 
      {
        "type" : "Polygon", 
        "coordinates" : 
        [
          [
            [-114.668793929696, 33.8749983325071], 
            [-114.691303960509, 33.8749983325071], 
            [-114.691303960509, 33.8974993700999], 
            [-114.668793929696, 33.8974993700999], 
            [-114.668793929696, 33.8749983325071]
          ]
        ]
      }, 
      "properties" : {
        "OBJECTID" : 125, 
        "Id" : 125, 
        "gridcode" : 1, 
        "Unixtime" : 1785913200, 
        "Timestamp" : 1785913200000, 
        "Shape__Area" : 7560778.5703125, 
        "Shape__Length" : 11046.220418557525
      }
    }, 
    {
      "type" : "Feature", 
      "id" : 127, 
      "geometry" : 
      {
        "type" : "Polygon", 
        "coordinates" : 
        [
          [
            [-120.04774700592, 33.8749983325071], 
            [-120.181368275525, 33.8886230615051], 
            [-120.238214422058, 33.9546063200257], 
            [-120.262397191877, 33.9754346186128], 
            [-120.28333340911, 33.9997432935182], 
            [-120.427467753434, 33.9881600255648], 
            [-120.485779794902, 34.0383961550586], 
            [-120.451803408001, 34.0852688201001], 
            [-120.352536240555, 34.0932458066487], 
            [-120.250849896805, 34.0365165719823], 
            [-120.022008408961, 34.0548987146041], 
            [-119.99232178822, 34.0204456870189], 
            [-119.947850313041, 33.9821345678561], 
            [-119.943758397732, 33.9312599197096], 
            [-120.033942412512, 33.8910152581477], 
            [-120.04774700592, 33.8749983325071]
          ]
        ]
      }, 
      "properties" : {
        "OBJECTID" : 127, 
        "Id" : 127, 
        "gridcode" : 1, 
        "Unixtime" : 1785913200, 
        "Timestamp" : 1785913200000, 
        "Shape__Area" : 898198303.94921875, 
        "Shape__Length" : 150640.42077548828
      }
    }, 
    {
      "type" : "Feature", 
      "id" : 129, 
      "geometry" : 
      {
        "type" : "Polygon", 
        "coordinates" : 
        [
          [
            [-114.668793929696, 33.8524883016938], 
            [-114.668793929696, 33.8749983325071], 
            [-114.639970658119, 33.8637478137107], 
            [-114.668793929696, 33.8524883016938]
          ]
        ]
      }, 
      "properties" : {
        "OBJECTID" : 129, 
        "Id" : 129, 
        "gridcode" : 1, 
        "Unixtime" : 1785913200, 
        "Timestamp" : 1785913200000, 
        "Shape__Area" : 4841308.1796875, 
        "Shape__Length" : 10109.037548715774
      }
    }, 
    {
      "type" : "Feature", 
      "id" : 131, 
      "geometry" : 
      {
        "type" : "Polygon", 
        "coordinates" : 
        [
          [
            [-117.842150694699, 33.6949450656624], 
            [-117.985178872907, 33.7053951878377], 
            [-118.031395032854, 33.8154272401751], 
            [-117.97118542187, 33.9066994346313], 
            [-117.855946294886, 33.8849268478958], 
            [-117.812050385817, 33.817513667322], 
            [-117.842150694699, 33.6949450656624]
          ]
        ]
      }, 
      "properties" : {
        "OBJECTID" : 131, 
        "Id" : 131, 
        "gridcode" : 1, 
        "Unixtime" : 1785913200, 
        "Timestamp" : 1785913200000, 
        "Shape__Area" : 512850669.41015625, 
        "Shape__Length" : 85718.731083605
      }
    }, 
    {
      "type" : "Feature", 
      "id" : 133, 
      "geometry" : 
      {
        "type" : "Polygon", 
        "coordinates" : 
        [
          [
            [-119.46259412342, 33.1773042891617], 
            [-119.493674693332, 33.1912347876554], 
            [-119.583049318271, 33.2122789235336], 
            [-119.619750650972, 33.2941981687106], 
            [-119.550206077149, 33.3158628368005], 
            [-119.41399476005, 33.2694398327822], 
            [-119.400001309013, 33.2245097033602], 
            [-119.4540145911, 33.1912347876554], 
            [-119.46259412342, 33.1773042891617]
          ]
        ]
      }, 
      "properties" : {
        "OBJECTID" : 133, 
        "Id" : 133, 
        "gridcode" : 1, 
        "Unixtime" : 1785913200, 
        "Timestamp" : 1785913200000, 
        "Shape__Area" : 276642329.42578125, 
        "Shape__Length" : 66273.7132582574
      }
    }, 
    {
      "type" : "Feature", 
      "id" : 140, 
      "geometry" : 
      {
        "type" : "Polygon", 
        "coordinates" : 
        [
          [
            [-92.0726890033947, 31.3768255800365], 
            [-92.6128308174882, 31.3768255800365], 
            [-92.6128308174882, 31.4218366484427], 
            [-92.7028619475208, 31.4218366484427], 
            [-92.7028619475208, 31.4668477168487], 
            [-92.792884084333, 31.4668477168487], 
            [-92.792884084333, 31.5118587852548], 
            [-92.8378951527391, 31.5118587852548], 
            [-92.8378951527391, 31.5568698536609], 
            [-92.8829062211451, 31.5568698536609], 
            [-92.8829062211451, 31.91696739413], 
            [-92.8378951527391, 31.91696739413], 
            [-92.8378951527391, 32.0970206609748], 
            [-92.792884084333, 32.0970206609748], 
            [-92.792884084333, 32.2770649345991], 
            [-92.7478730159269, 32.2770649345991], 
            [-92.7478730159269, 32.9972600155374], 
            [-92.7028619475208, 32.9972600155374], 
            [-92.7028619475208, 33.2673354191943], 
            [-92.6578508791147, 33.2673354191943], 
            [-92.6578508791147, 33.3573575560065], 
            [-92.6128308174882, 33.3573575560065], 
            [-92.6128308174882, 33.4023686244126], 
            [-92.5678197490821, 33.4023686244126], 
            [-92.5678197490821, 33.4473796928186], 
            [-92.4327865438639, 33.4473796928186], 
            [-92.4327865438639, 33.4923907612247], 
            [-92.1177000718008, 33.4923907612247], 
            [-92.1177000718008, 33.4473796928186], 
            [-91.9826668665826, 33.4473796928186], 
            [-91.9826668665826, 33.4023686244126], 
            [-91.8926357365499, 33.4023686244126], 
            [-91.8926357365499, 33.3573575560065], 
            [-91.8476246681439, 33.3573575560065], 
            [-91.8476246681439, 33.3123464876004], 
            [-91.8026135997378, 33.3123464876004], 
            [-91.8026135997378, 33.2673354191943], 
            [-91.7576025313317, 33.2673354191943], 
            [-91.7576025313317, 33.2223243507882], 
            [-91.7125914629256, 33.2223243507882], 
            [-91.7125914629256, 33.1773042891617], 
            [-91.6675803945195, 33.1773042891617], 
            [-91.6675803945195, 33.0872821523495], 
            [-91.6225693261135, 33.0872821523495], 
            [-91.6225693261135, 33.0422710839434], 
            [-91.5775582577074, 33.0422710839434], 
            [-91.5775582577074, 32.9972600155374], 
            [-91.5325381960808, 32.9972600155374], 
            [-91.5325381960808, 32.9072378787252], 
            [-91.4875271276748, 32.9072378787252], 
            [-91.4875271276748, 32.8172067486926], 
            [-91.4425160592687, 32.8172067486926], 
            [-91.4425160592687, 32.7271846118804], 
            [-91.3975049908626, 32.7271846118804], 
            [-91.3975049908626, 32.5921514066622], 
            [-91.3524939224565, 32.5921514066622], 
            [-91.3524939224565, 32.3220760030052], 
            [-91.3074828540504, 32.3220760030052], 
            [-91.3074828540504, 31.91696739413], 
            [-91.3524939224565, 31.91696739413], 
            [-91.3524939224565, 31.7819341889117], 
            [-91.3975049908626, 31.7819341889117], 
            [-91.3975049908626, 31.6919030588791], 
            [-91.4425160592687, 31.6919030588791], 
            [-91.4425160592687, 31.6468919904731], 
            [-91.4875271276748, 31.6468919904731], 
            [-91.4875271276748, 31.601880922067], 
            [-91.5775582577074, 31.601880922067], 
            [-91.5775582577074, 31.5568698536609], 
            [-91.6675803945195, 31.5568698536609], 
            [-91.6675803945195, 31.5118587852548], 
            [-91.7576025313317, 31.5118587852548], 
            [-91.7576025313317, 31.4668477168487], 
            [-91.8926357365499, 31.4668477168487], 
            [-91.8926357365499, 31.4218366484427], 
            [-92.0726890033947, 31.4218366484427], 
            [-92.0726890033947, 31.3768255800365]
          ]
        ]
      }, 
      "properties" : {
        "OBJECTID" : 140, 
        "Id" : 140, 
        "gridcode" : 1, 
        "Unixtime" : 1785913200, 
        "Timestamp" : 1785913200000, 
        "Shape__Area" : 38467022442.648438, 
        "Shape__Length" : 908870.74144085869
      }
    }, 
    {
      "type" : "Feature", 
      "id" : 145, 
      "geometry" : 
      {
        "type" : "Polygon", 
        "coordinates" : 
        [
          [
            [-88.9218332759849, 30.1840007910038], 
            [-88.9218332759849, 30.2065018285966], 
            [-88.899332238392, 30.2065018285966], 
            [-88.899332238392, 30.1840007910038], 
            [-88.9218332759849, 30.1840007910038]
          ]
        ]
      }, 
      "properties" : {
        "OBJECTID" : 145, 
        "Id" : 145, 
        "gridcode" : 1, 
        "Unixtime" : 1785913200, 
        "Timestamp" : 1785913200000, 
        "Shape__Area" : 7258965.2734375, 
        "Shape__Length" : 10805.642544215545
      }
    }, 
    {
      "type" : "Feature", 
      "id" : 146, 
      "geometry" : 
      {
        "type" : "Polygon", 
        "coordinates" : 
        [
          [
            [-88.899332238392, 30.2065018285966], 
            [-88.899332238392, 30.2515128970027], 
            [-88.8768222075788, 30.2515128970027], 
            [-88.8768222075788, 30.274022927816], 
            [-88.8244546848358, 30.2637886429316], 
            [-88.8500224106057, 30.2161425609305], 
            [-88.899332238392, 30.2065018285966]
          ]
        ]
      }, 
      "properties" : {
        "OBJECTID" : 146, 
        "Id" : 146, 
        "gridcode" : 1, 
        "Unixtime" : 1785913200, 
        "Timestamp" : 1785913200000, 
        "Shape__Area" : 45725708.888671875, 
        "Shape__Length" : 29577.952673796495
      }
    }, 
    {
      "type" : "Feature", 
      "id" : 148, 
      "geometry" : 
      {
        "type" : "Polygon", 
        "coordinates" : 
        [
          [
            [-88.8768222075788, 30.3640450646281], 
            [-88.8876500450135, 30.5107694564454], 
            [-88.9110144317705, 30.5774272065005], 
            [-88.9551711442328, 30.7092228523528], 
            [-88.8383851833295, 30.8527276712451], 
            [-88.6133658141809, 30.9850089510024], 
            [-88.5193596807047, 30.9812857577316], 
            [-88.3522656445438, 30.6844555232039], 
            [-88.1600805232974, 30.4570259709719], 
            [-88.0441039522356, 30.2065018285966], 
            [-88.1005813767291, 30.1941901097858], 
            [-88.1836247744637, 30.2246861203682], 
            [-88.3712773125978, 30.196087679303], 
            [-88.44744089668, 30.1681187636701], 
            [-88.5551347116975, 30.19758954712], 
            [-88.6006763801108, 30.1939293063925], 
            [-88.8197242508734, 30.2225907000009], 
            [-88.7900825962348, 30.2809477075707], 
            [-88.4095074927765, 30.2293536017873], 
            [-88.1629583538449, 30.2853723720374], 
            [-88.2812461825652, 30.3069471079228], 
            [-88.3195662949485, 30.3514185831012], 
            [-88.3485604377139, 30.3537478272005], 
            [-88.4560653951019, 30.2937720399478], 
            [-88.5976816376973, 30.2823866228445], 
            [-88.6412358043888, 30.3329465082748], 
            [-88.7457460193633, 30.3245468403645], 
            [-88.8664080582852, 30.3519581763289], 
            [-88.8768222075788, 30.3640450646281]
          ]
        ]
      }, 
      "properties" : {
        "OBJECTID" : 148, 
        "Id" : 148, 
        "gridcode" : 1, 
        "Unixtime" : 1785913200, 
        "Timestamp" : 1785913200000, 
        "Shape__Area" : 6012886437.8359375, 
        "Shape__Length" : 481487.54422218964
      }
    }, 
    {
      "type" : "Feature", 
      "id" : 149, 
      "geometry" : 
      {
        "type" : "Polygon", 
        "coordinates" : 
        [
          [
            [-90.4072345062674, 30.1164796917844], 
            [-90.3530323665504, 30.0806596946892], 
            [-90.2138802663612, 30.0622775520674], 
            [-90.2046802018298, 30.0489585925651], 
            [-90.2579920127212, 29.9508695369996], 
            [-90.3553706038702, 29.9290429909414], 
            [-90.4297175574193, 30.0249646803758], 
            [-90.4072345062674, 30.1164796917844]
          ]
        ]
      }, 
      "properties" : {
        "OBJECTID" : 149, 
        "Id" : 149, 
        "gridcode" : 1, 
        "Unixtime" : 1785913200, 
        "Timestamp" : 1785913200000, 
        "Shape__Area" : 357075995.52929688, 
        "Shape__Length" : 77272.91947124849
      }
    }, 
    {
      "type" : "Feature", 
      "id" : 151, 
      "geometry" : 
      {
        "type" : "Polygon", 
        "coordinates" : 
        [
          [
            [-99.9048037636827, 29.7113710829092], 
            [-99.8954058483012, 29.8370153659665], 
            [-99.8691906106581, 29.855802203509], 
            [-99.8503947798951, 29.9720485711847], 
            [-99.824179542252, 29.9908444019477], 
            [-99.805383711489, 30.1070817764029], 
            [-99.7791684738459, 30.1258776071659], 
            [-99.760372643083, 30.2421239748417], 
            [-99.7341574054399, 30.2609108123842], 
            [-99.7153615746769, 30.3321461116538], 
            [-99.6891373438133, 30.3509419424168], 
            [-99.6703505062708, 30.422168248466], 
            [-99.6441262754073, 30.4409640792289], 
            [-99.6253394378647, 30.5121903852781], 
            [-99.5991152070011, 30.5309862160411], 
            [-99.5803283694586, 30.6022215153108], 
            [-99.5541041385951, 30.6210083528533], 
            [-99.5353083078321, 30.6922436521229], 
            [-99.509093070189, 30.7110394828859], 
            [-99.490297239426, 30.8272768573412], 
            [-99.4640820017829, 30.8460726881041], 
            [-99.4452861710199, 30.9173079873738], 
            [-99.4190709333768, 30.9360948249163], 
            [-99.4002751026138, 31.0073301241859], 
            [-99.3740598649707, 31.0261169617285], 
            [-99.3552640342078, 31.1423633294042], 
            [-99.3290398033442, 31.1611591601672], 
            [-99.3102529658017, 31.2323854662164], 
            [-99.2840287349381, 31.2511812969793], 
            [-99.2652418973956, 31.4124387330612], 
            [-99.2202308289895, 31.4446974148539], 
            [-99.239017666532, 32.3126780876237], 
            [-99.2652418973956, 32.3314739183867], 
            [-99.2840287349381, 32.6277645596867], 
            [-99.3102529658017, 32.6465603904497], 
            [-99.3290398033442, 32.9428510317498], 
            [-99.3552640342078, 32.9616468625128], 
            [-99.3740598649707, 33.1679153670007], 
            [-99.4002751026138, 33.1867022045432], 
            [-99.4190709333768, 33.3029485722189], 
            [-99.4452861710199, 33.3217444029819], 
            [-99.4640820017829, 33.4379817774372], 
            [-99.490297239426, 33.4567776082001], 
            [-99.509093070189, 33.5280129074698], 
            [-99.5353083078321, 33.5467997450123], 
            [-99.5541041385951, 33.6180350442819], 
            [-99.5803283694586, 33.6368218818245], 
            [-99.5991152070011, 33.7080571810941], 
            [-99.6253394378647, 33.7268530118571], 
            [-99.6441262754073, 33.7530682495002], 
            [-99.6703505062708, 33.7718640802632], 
            [-99.6891373438133, 33.8430903863124], 
            [-99.7153615746769, 33.8618862170753], 
            [-99.7341574054399, 33.8881104479389], 
            [-99.760372643083, 33.9068972854814], 
            [-99.7791684738459, 33.933121516345], 
            [-99.805383711489, 33.9519083538875], 
            [-99.824179542252, 33.9781325847511], 
            [-99.8503947798951, 33.9969194222935], 
            [-99.8691906106581, 34.0231436531572], 
            [-99.8954058483012, 34.0419394839202], 
            [-99.9142016790642, 34.0681547215632], 
            [-99.9404169167073, 34.0869505523262], 
            [-99.9592127474702, 34.1131657899693], 
            [-99.9854369783338, 34.1319616207323], 
            [-100.004223815876, 34.1581768583754], 
            [-100.120470183552, 34.1769726891384], 
            [-100.152369136526, 34.2214801371986], 
            [-100.184277082721, 34.1769726891384], 
            [-100.300514457176, 34.1581768583754], 
            [-100.319310287939, 34.1319616207323], 
            [-100.390545587209, 34.1131657899693], 
            [-100.409332424752, 34.0869505523262], 
            [-100.480567724021, 34.0681547215632], 
            [-100.499363554784, 34.0419394839202], 
            [-100.525578792427, 34.0231436531572], 
            [-100.54437462319, 33.9969194222935], 
            [-100.615600929239, 33.9781325847511], 
            [-100.634396760002, 33.9519083538875], 
            [-100.660611997646, 33.933121516345], 
            [-100.679407828409, 33.9068972854814], 
            [-100.705632059272, 33.8881104479389], 
            [-100.724418896815, 33.8618862170753], 
            [-100.795654196084, 33.8430903863124], 
            [-100.814441033627, 33.8168751486693], 
            [-100.850063179872, 33.8074772332878], 
            [-100.850063179872, 33.8524883016938], 
            [-100.895074248278, 33.8524883016938], 
            [-100.895074248278, 34.3026079789751], 
            [-100.940085316684, 34.3026079789751], 
            [-100.940085316684, 34.3926391090077], 
            [-100.895074248278, 34.3926391090077], 
            [-100.895074248278, 34.7077255810708], 
            [-100.850063179872, 34.7077255810708], 
            [-100.850063179872, 34.9327809231012], 
            [-100.805052111466, 34.9327809231012], 
            [-100.805052111466, 35.427920662009], 
            [-100.850063179872, 35.427920662009], 
            [-100.850063179872, 35.6079649356333], 
            [-100.895074248278, 35.6079649356333], 
            [-100.895074248278, 35.6979870724455], 
            [-100.940085316684, 35.6979870724455], 
            [-100.940085316684, 35.7429981408516], 
            [-100.98509638509, 35.7429981408516], 
            [-100.98509638509, 35.8330292708842], 
            [-101.030107453496, 35.8330292708842], 
            [-101.030107453496, 35.8780403392903], 
            [-101.075118521902, 35.8780403392903], 
            [-101.075118521902, 35.9230514076964], 
            [-101.120129590308, 35.9230514076964], 
            [-101.120129590308, 35.9680624761025], 
            [-101.210160720341, 35.9680624761025], 
            [-101.210160720341, 36.0130735445085], 
            [-101.300182857153, 36.0130735445085], 
            [-101.300182857153, 36.0580846129146], 
            [-101.390204993965, 36.0580846129146], 
            [-101.390204993965, 36.1030956813207], 
            [-101.57025826081, 36.1030956813207], 
            [-101.57025826081, 36.1481067497268], 
            [-100.98509638509, 36.1481067497268], 
            [-100.98509638509, 36.1030956813207], 
            [-100.805052111466, 36.1030956813207], 
            [-100.805052111466, 36.1481067497268], 
            [-100.670009913027, 36.1481067497268], 
            [-100.670009913027, 36.1931268113534], 
            [-100.579987776215, 36.1931268113534], 
            [-100.579987776215, 36.2381378797594], 
            [-100.534976707809, 36.2381378797594], 
            [-100.534976707809, 36.2831489481655], 
            [-100.489965639403, 36.2831489481655], 
            [-100.489965639403, 36.3731710849777], 
            [-100.444954570997, 36.3731710849777], 
            [-100.444954570997, 36.4181821533837], 
            [-100.399943502591, 36.4181821533837], 
            [-100.399943502591, 36.5532243518225], 
            [-100.354923440964, 36.5532243518225], 
            [-100.354923440964, 36.6432464886346], 
            [-100.309912372558, 36.6432464886346], 
            [-100.309912372558, 36.6882575570407], 
            [-100.264901304152, 36.6882575570407], 
            [-100.264901304152, 36.6432464886346], 
            [-100.219890235746, 36.6432464886346], 
            [-100.219890235746, 36.5532243518225], 
            [-100.17487916734, 36.5532243518225], 
            [-100.17487916734, 36.5082042901959], 
            [-100.129868098934, 36.5082042901959], 
            [-100.129868098934, 36.4181821533837], 
            [-100.084857030527, 36.4181821533837], 
            [-100.084857030527, 36.3281600165716], 
            [-100.039845962121, 36.3281600165716], 
            [-100.039845962121, 36.1481067497268], 
            [-99.9948259004948, 36.1481067497268], 
            [-99.9948259004948, 35.9680624761025], 
            [-99.9498148320887, 35.9680624761025], 
            [-99.9498148320887, 35.8330292708842], 
            [-99.9048037636827, 35.8330292708842], 
            [-99.9048037636827, 35.7429981408516], 
            [-99.8597926952766, 35.7429981408516], 
            [-99.8597926952766, 35.6529760040394], 
            [-99.8147816268705, 35.6529760040394], 
            [-99.8147816268705, 35.5629538672273], 
            [-99.7697705584645, 35.5629538672273], 
            [-99.7697705584645, 35.4729317304151], 
            [-99.7247594900584, 35.4729317304151], 
            [-99.7247594900584, 35.3829006003825], 
            [-99.6797484216523, 35.3829006003825], 
            [-99.6797484216523, 35.3378895319764], 
            [-99.6347283600257, 35.3378895319764], 
            [-99.6347283600257, 35.2478673951642], 
            [-99.5897172916197, 35.2478673951642], 
            [-99.5897172916197, 35.1578452583521], 
            [-99.5447062232136, 35.1578452583521], 
            [-99.5447062232136, 35.0228030599134], 
            [-99.4996951548075, 35.0228030599134], 
            [-99.4996951548075, 34.842758786289], 
            [-99.4546840864014, 34.842758786289], 
            [-99.4546840864014, 34.6627055194443], 
            [-99.4096730179953, 34.6627055194443], 
            [-99.4096730179953, 34.4826612458199], 
            [-99.3646619495892, 34.4826612458199], 
            [-99.3646619495892, 34.3926391090077], 
            [-99.3196508811832, 34.3926391090077], 
            [-99.3196508811832, 34.257596910569], 
            [-99.2746308195566, 34.257596910569], 
            [-99.2746308195566, 34.212585842163], 
            [-99.2296197511506, 34.212585842163], 
            [-99.2296197511506, 34.1225637053508], 
            [-99.1846086827445, 34.1225637053508], 
            [-99.1846086827445, 34.0775526369447], 
            [-99.1395976143384, 34.0775526369447], 
            [-99.1395976143384, 33.9875305001325], 
            [-99.0945865459323, 33.9875305001325], 
            [-99.0945865459323, 33.9425194317265], 
            [-99.0495754775262, 33.9425194317265], 
            [-99.0495754775262, 33.8974993700999], 
            [-99.0045644091201, 33.8974993700999], 
            [-99.0045644091201, 33.8524883016938], 
            [-98.959553340714, 33.8524883016938], 
            [-98.959553340714, 33.8074772332878], 
            [-98.9145332790875, 33.8074772332878], 
            [-98.9145332790875, 33.7624661648817], 
            [-98.8695222106814, 33.7624661648817], 
            [-98.8695222106814, 33.7174550964756], 
            [-98.8245111422754, 33.7174550964756], 
            [-98.8245111422754, 33.6724440280695], 
            [-98.7344890054632, 33.6724440280695], 
            [-98.7344890054632, 33.6274329596634], 
            [-98.6894779370571, 33.6274329596634], 
            [-98.6894779370571, 33.5824218912574], 
            [-98.644466868651, 33.5824218912574], 
            [-98.644466868651, 33.4923907612247], 
            [-98.5994558002449, 33.4923907612247], 
            [-98.5994558002449, 33.4473796928186], 
            [-98.5544447318388, 33.4473796928186], 
            [-98.5544447318388, 33.4023686244126], 
            [-98.5094246702123, 33.4023686244126], 
            [-98.5094246702123, 33.3123464876004], 
            [-98.4644136018062, 33.3123464876004], 
            [-98.4644136018062, 33.1773042891617], 
            [-98.4194025334002, 33.1773042891617], 
            [-98.4194025334002, 32.9522489471313], 
            [-98.3743914649941, 32.9522489471313], 
            [-98.3743914649941, 32.5471403382561], 
            [-98.329380396588, 32.5471403382561], 
            [-98.329380396588, 31.8719563257239], 
            [-98.3743914649941, 31.8719563257239], 
            [-98.3743914649941, 31.7369231205057], 
            [-98.4194025334002, 31.7369231205057], 
            [-98.4194025334002, 31.601880922067], 
            [-98.4644136018062, 31.601880922067], 
            [-98.4644136018062, 31.5118587852548], 
            [-98.5094246702123, 31.5118587852548], 
            [-98.5094246702123, 31.4218366484427], 
            [-98.5544447318388, 31.4218366484427], 
            [-98.5544447318388, 31.3768255800365], 
            [-98.5994558002449, 31.3768255800365], 
            [-98.5994558002449, 31.2867944500039], 
            [-98.644466868651, 31.2867944500039], 
            [-98.644466868651, 31.1967723131918], 
            [-98.6894779370571, 31.1967723131918], 
            [-98.6894779370571, 31.1517612447857], 
            [-98.7344890054632, 31.1517612447857], 
            [-98.7344890054632, 31.0617391079736], 
            [-98.7795000738693, 31.0617391079736], 
            [-98.7795000738693, 31.0167280395674], 
            [-98.8245111422754, 31.0167280395674], 
            [-98.8245111422754, 30.9266969095348], 
            [-98.8695222106814, 30.9266969095348], 
            [-98.8695222106814, 30.8816858411287], 
            [-98.9145332790875, 30.8816858411287], 
            [-98.9145332790875, 30.7916637043166], 
            [-98.959553340714, 30.7916637043166], 
            [-98.959553340714, 30.7466526359105], 
            [-99.0045644091201, 30.7466526359105], 
            [-99.0045644091201, 30.6566304990984], 
            [-99.0495754775262, 30.6566304990984], 
            [-99.0495754775262, 30.6116104374718], 
            [-99.0945865459323, 30.6116104374718], 
            [-99.0945865459323, 30.5665993690657], 
            [-99.1395976143384, 30.5665993690657], 
            [-99.1395976143384, 30.4765772322535], 
            [-99.1846086827445, 30.4765772322535], 
            [-99.1846086827445, 30.4315661638475], 
            [-99.2296197511506, 30.4315661638475], 
            [-99.2296197511506, 30.3415440270353], 
            [-99.2746308195566, 30.3415440270353], 
            [-99.2746308195566, 30.2965329586292], 
            [-99.3196508811832, 30.2965329586292], 
            [-99.3196508811832, 30.2515128970027], 
            [-99.3646619495892, 30.2515128970027], 
            [-99.3646619495892, 30.2065018285966], 
            [-99.4096730179953, 30.2065018285966], 
            [-99.4096730179953, 30.1164796917844], 
            [-99.4546840864014, 30.1164796917844], 
            [-99.4546840864014, 30.0714686233783], 
            [-99.4996951548075, 30.0714686233783], 
            [-99.4996951548075, 30.0264575549722], 
            [-99.5447062232136, 30.0264575549722], 
            [-99.5447062232136, 29.9814464865662], 
            [-99.5897172916197, 29.9814464865662], 
            [-99.5897172916197, 29.891424349754], 
            [-99.6347283600257, 29.891424349754], 
            [-99.6347283600257, 29.8464042881275], 
            [-99.6797484216523, 29.8464042881275], 
            [-99.6797484216523, 29.8013932197214], 
            [-99.7697705584645, 29.8013932197214], 
            [-99.7697705584645, 29.7563821513153], 
            [-99.8147816268705, 29.7563821513153], 
            [-99.8147816268705, 29.7113710829092], 
            [-99.9048037636827, 29.7113710829092]
          ]
        ]
      }, 
      "properties" : {
        "OBJECTID" : 151, 
        "Id" : 151, 
        "gridcode" : 1, 
        "Unixtime" : 1785913200, 
        "Timestamp" : 1785913200000, 
        "Shape__Area" : 90098004015.554688, 
        "Shape__Length" : 2739418.3275113087
      }
    }, 
    {
      "type" : "Feature", 
      "id" : 152, 
      "geometry" : 
      {
        "type" : "Polygon", 
        "coordinates" : 
        [
          [
            [-88.8768222075788, 29.7113710829092], 
            [-88.936123503297, 29.7214434898253], 
            [-88.8834322246174, 29.8087946401606], 
            [-88.9246031878868, 29.8770441902373], 
            [-88.8634313023127, 29.9242585976563], 
            [-88.9091348486943, 30.0810014370667], 
            [-88.8085097049589, 30.05217816549], 
            [-88.7827081554569, 29.8776287495672], 
            [-88.8191127118821, 29.7886947924308], 
            [-88.8768222075788, 29.7113710829092]
          ]
        ]
      }, 
      "properties" : {
        "OBJECTID" : 152, 
        "Id" : 152, 
        "gridcode" : 1, 
        "Unixtime" : 1785913200, 
        "Timestamp" : 1785913200000, 
        "Shape__Area" : 443183903.47851563, 
        "Shape__Length" : 117490.46346089442
      }
    }, 
    {
      "type" : "Feature", 
      "id" : 153, 
      "geometry" : 
      {
        "type" : "Polygon", 
        "coordinates" : 
        [
          [
            [-91.5775582577074, 29.5988389152838], 
            [-91.5669372643432, 29.6782490519523], 
            [-91.5250558366575, 29.9139253873468], 
            [-91.5677106813029, 30.1539634346648], 
            [-91.6807284828332, 30.5759523183449], 
            [-91.7414147345023, 30.8367916845887], 
            [-91.6969072864421, 31.045119636562], 
            [-91.5520085183784, 31.1745860383151], 
            [-91.375066905813, 31.2426107578802], 
            [-91.1445796586243, 31.2288691170162], 
            [-90.9241288454698, 31.1497737430639], 
            [-90.8101937354525, 31.0614783045802], 
            [-90.7085073917027, 30.8868119767914], 
            [-90.6666889165602, 30.6718380348975], 
            [-90.7319257377825, 30.2429963172264], 
            [-90.5972702478236, 30.05022663665], 
            [-90.521916053583, 29.9317319638591], 
            [-90.4509685373681, 29.6741751230836], 
            [-90.4650519206096, 29.4377703368317], 
            [-90.5188493654059, 29.2369157510611], 
            [-90.6216778481541, 29.070577145419], 
            [-90.6322988415183, 29.0361870703771], 
            [-90.8325418882974, 29.0057270326765], 
            [-90.9493728153031, 29.1364884581759], 
            [-91.0717975254354, 29.1593402313667], 
            [-91.1380505805698, 29.1831093130444], 
            [-91.2982737962986, 29.2203862118542], 
            [-91.3856159534134, 29.3181515114832], 
            [-91.43063601504, 29.3583691933836], 
            [-91.4093940283117, 29.4081736482953], 
            [-91.364508864992, 29.4482744183298], 
            [-91.4769061343106, 29.4744267034297], 
            [-91.5206581518522, 29.4981957851075], 
            [-91.5669372643432, 29.5194377718358], 
            [-91.5775582577074, 29.5988389152838]
          ]
        ]
      }, 
      "properties" : {
        "OBJECTID" : 153, 
        "Id" : 153, 
        "gridcode" : 1, 
        "Unixtime" : 1785913200, 
        "Timestamp" : 1785913200000, 
        "Shape__Area" : 28584772788.498047, 
        "Shape__Length" : 735078.70656005817
      }
    }, 
    {
      "type" : "Feature", 
      "id" : 154, 
      "geometry" : 
      {
        "type" : "Polygon", 
        "coordinates" : 
        [
          [
            [-89.4394740524855, 29.1262092071892], 
            [-89.4169730148927, 29.1262092071892], 
            [-89.4169730148927, 29.1712292688158], 
            [-89.2819308164539, 29.1712292688158], 
            [-89.2819308164539, 29.2162403372218], 
            [-89.1468976112357, 29.2162403372218], 
            [-89.1468976112357, 29.2612514056279], 
            [-89.1018865428296, 29.2612514056279], 
            [-89.0691692067934, 29.2489576732581], 
            [-88.9810985988212, 29.2231111576539], 
            [-88.9756577004425, 29.1697903535421], 
            [-89.0322880096838, 29.1016217424495], 
            [-89.0901953562307, 29.0535259994254], 
            [-89.1246933499181, 28.9359486351215], 
            [-89.2184746528829, 28.9914817714667], 
            [-89.2534223075934, 29.0335520567821], 
            [-89.3167345796371, 28.980968696748], 
            [-89.3915132077682, 28.8909375667154], 
            [-89.4576043849344, 28.9266946112673], 
            [-89.3536157767467, 29.0917202067222], 
            [-89.4292667472625, 29.1139154748194], 
            [-89.4394740524855, 29.1262092071892]
          ]
        ]
      }, 
      "properties" : {
        "OBJECTID" : 154, 
        "Id" : 154, 
        "gridcode" : 1, 
        "Unixtime" : 1785913200, 
        "Timestamp" : 1785913200000, 
        "Shape__Area" : 1282118605.8183594, 
        "Shape__Length" : 197566.36556478124
      }
    }, 
    {
      "type" : "Feature", 
      "id" : 156, 
      "geometry" : 
      {
        "type" : "Polygon", 
        "coordinates" : 
        [
          [
            [-95.9662408493357, 28.5860673930958], 
            [-95.9796587342631, 28.5710487149263], 
            [-96.2175024357887, 28.4618890049737], 
            [-96.3938594890241, 28.3385020202521], 
            [-96.3938594890241, 28.4960452562837], 
            [-96.3488484206181, 28.4960452562837], 
            [-96.3488484206181, 28.5860673930958], 
            [-95.9662408493357, 28.5860673930958]
          ]
        ]
      }, 
      "properties" : {
        "OBJECTID" : 156, 
        "Id" : 156, 
        "gridcode" : 1, 
        "Unixtime" : 1785913200, 
        "Timestamp" : 1785913200000, 
        "Shape__Area" : 639895575.69921875, 
        "Shape__Length" : 136325.29057124624
      }
    }, 
    {
      "type" : "Feature", 
      "id" : 158, 
      "geometry" : 
      {
        "type" : "Polygon", 
        "coordinates" : 
        [
          [
            [-114.736315028915, 31.6468919904731], 
            [-114.813332968941, 31.5258432430713], 
            [-114.844476491397, 31.2767849956312], 
            [-115.469010686294, 31.2968039043768], 
            [-115.489020601819, 31.3218050572577], 
            [-115.874119295169, 31.3418149727829], 
            [-115.894129210694, 31.3668161256638], 
            [-116.526793276888, 31.3868260411889], 
            [-116.546812185634, 31.4118271940698], 
            [-116.674524909397, 31.4894027137643], 
            [-116.711720869223, 31.5526700197057], 
            [-116.699885791096, 31.6477823192987], 
            [-116.716847004885, 31.6919030588791], 
            [-116.43509840107, 31.7027308963139], 
            [-116.413442726201, 31.7260952830709], 
            [-115.689947133353, 31.74774196472], 
            [-115.648236576856, 31.7027308963139], 
            [-115.172225417869, 31.6810842146648], 
            [-115.06412690793, 32.022502836237], 
            [-115.040573663544, 32.5212128836677], 
            [-115.087302437058, 32.6995484454045], 
            [-115.163978634706, 32.7705948870445], 
            [-115.323365480932, 32.8085552706093], 
            [-115.428163478961, 32.8044093959769], 
            [-115.569042277479, 32.70746247941], 
            [-115.722313733792, 32.6351300072441], 
            [-115.872437562943, 32.5129481140643], 
            [-115.970733462579, 32.4462903640091], 
            [-116.088391765867, 32.5732836301355], 
            [-116.131721102047, 32.8001915755808], 
            [-116.28519040921, 33.0647811147567], 
            [-116.327467538596, 33.1543715769868], 
            [-116.321954694454, 33.2934517314123], 
            [-116.229540360999, 33.4277564857733], 
            [-116.162082214323, 33.4595924862044], 
            [-116.118788851025, 33.5063212597184], 
            [-115.990581500136, 33.5668276469784], 
            [-115.679371106092, 33.5966491660263], 
            [-115.540183033021, 33.6454283938054], 
            [-115.199250045353, 33.8611667594385], 
            [-115.140920017445, 33.9241193026638], 
            [-114.989051503524, 34.0355093312907], 
            [-114.883030427512, 33.9983493443468], 
            [-114.826337165728, 33.9875305001325], 
            [-114.849917389776, 34.0139166089644], 
            [-115.15331267524, 34.2682179039332], 
            [-115.194024984266, 34.3137955452283], 
            [-115.302150473865, 34.338949582857], 
            [-115.445610326655, 34.427640723041], 
            [-115.757890913935, 34.5575298061557], 
            [-115.896431475132, 34.5833853149804], 
            [-115.87217675955, 34.6510053396248], 
            [-115.875558210443, 34.7077255810708], 
            [-115.872167766329, 34.7644907886191], 
            [-115.935875740073, 34.881735403766], 
            [-115.951640855541, 34.9327809231012], 
            [-115.850997725365, 34.8755660545299], 
            [-115.827228643687, 34.8774726172675], 
            [-115.767189903891, 34.8439728710512], 
            [-115.816607650323, 34.9552909539145], 
            [-115.787784378746, 34.9665414727109], 
            [-115.816607650323, 34.9777919915073], 
            [-115.854891789824, 35.0357353109359], 
            [-115.79409761951, 35.0453130907266], 
            [-115.804925456944, 35.0569952841051], 
            [-115.898383003972, 35.1435910039217], 
            [-116.004026364725, 35.2576070529232], 
            [-116.165877353357, 35.3487173694111], 
            [-116.187524035006, 35.4170928245743], 
            [-116.223541882951, 35.4851445238008], 
            [-116.165877353357, 35.4828602458038], 
            [-116.188090607895, 35.6231814646529], 
            [-116.254829296934, 35.7493203748355], 
            [-116.25902913089, 35.8552695050837], 
            [-116.214395777743, 36.0256370734922], 
            [-116.255899490169, 36.3839989224124], 
            [-116.29105398895, 36.8969902039348], 
            [-116.322566233445, 37.1275583901077], 
            [-116.345957599863, 37.2844181413842], 
            [-116.344428752385, 37.3229540910585], 
            [-116.402542943002, 37.5669401621588], 
            [-116.453813292849, 37.5116048766638], 
            [-116.54848492464, 37.599324749038], 
            [-116.590186487916, 37.6443358174441], 
            [-116.785950910906, 37.6179856814941], 
            [-116.984269408506, 37.5013975714409], 
            [-117.253418510456, 37.2097204522371], 
            [-117.396059980184, 37.0152510529938], 
            [-117.663419431262, 36.9726591608916], 
            [-117.943387377426, 36.8694979289863], 
            [-118.169782709305, 36.7233041371763], 
            [-118.333675158981, 36.6105201593779], 
            [-118.389702922452, 36.6082988339241], 
            [-118.438994763797, 36.6315642952561], 
            [-118.614875176348, 36.766435622506], 
            [-118.727668147367, 36.770905253075], 
            [-119.004920140952, 36.5258220090785], 
            [-119.054904460273, 36.6836979942671], 
            [-119.169082387242, 36.8069231010204], 
            [-119.235164571188, 36.8381115895783], 
            [-119.11907108826, 37.1041220575869], 
            [-119.235812083061, 37.2301170762422], 
            [-119.317857233325, 37.3061367687969], 
            [-119.211170658999, 37.4452618893248], 
            [-119.116777817043, 37.7145728692426], 
            [-119.103899525343, 38.0394979244897], 
            [-119.144935590305, 38.1690992245496], 
            [-119.206647069107, 38.235703015282], 
            [-119.428401899228, 38.3403571217838], 
            [-119.220577567601, 38.4707138523624], 
            [-118.930600167064, 38.5775353249953], 
            [-118.619039037422, 38.6354606579831], 
            [-118.258941496952, 38.6928284113022], 
            [-118.280597171822, 38.7479928256085], 
            [-118.303952565359, 38.7696395072575], 
            [-118.325608240228, 38.7930038940146], 
            [-118.348972626985, 38.8146505756636], 
            [-118.370619308634, 38.8830260308267], 
            [-118.393983695391, 38.9046727124758], 
            [-118.41563037704, 38.9730571608593], 
            [-118.438994763797, 38.9947038425084], 
            [-118.460641445446, 39.0630792976715], 
            [-118.484005832203, 39.0847259793206], 
            [-118.505652513852, 39.1531014344837], 
            [-118.529016900609, 39.1747481161327], 
            [-118.550663582258, 39.2881346397019], 
            [-118.574027969015, 39.3097903145715], 
            [-118.595674650665, 39.5582100433589], 
            [-118.640685719071, 39.5999205998559], 
            [-118.619039037422, 39.8282854470158], 
            [-118.595674650665, 39.8499321286649], 
            [-118.574027969015, 40.0758508198595], 
            [-118.550663582258, 40.0974975015085], 
            [-118.529016900609, 40.3459262235165], 
            [-118.505652513852, 40.3675729051655], 
            [-118.494833669638, 40.6718315397938], 
            [-118.457376906419, 40.6642772346068], 
            [-118.442259302825, 40.6343837697953], 
            [-118.367354769607, 40.6192571729802], 
            [-118.352228172792, 40.5893727013891], 
            [-118.322343701201, 40.5742461045742], 
            [-118.307217104386, 40.5443616329831], 
            [-118.232321564389, 40.5292350361681], 
            [-118.217194967574, 40.4993415713565], 
            [-118.187301502762, 40.484223967762], 
            [-118.172183899168, 40.4543305029504], 
            [-118.142290434356, 40.4392128993559], 
            [-118.127172830761, 40.4093194345443], 
            [-118.052268297544, 40.3942018309498], 
            [-118.037150693949, 40.3643083661383], 
            [-118.007257229138, 40.3491907625437], 
            [-117.992139625543, 40.3192972977322], 
            [-117.962246160732, 40.3041796941376], 
            [-117.947119563917, 40.2742862293261], 
            [-117.917235092326, 40.2591596325111], 
            [-117.902108495511, 40.22927516092], 
            [-117.87222402392, 40.214148564105], 
            [-117.857097427105, 40.1392440308874], 
            [-117.827203962293, 40.1241264272929], 
            [-117.812086358698, 40.0942329624813], 
            [-117.782192893887, 40.0791153588868], 
            [-117.767075290292, 40.0042108256691], 
            [-117.692170757075, 39.9665831912614], 
            [-117.67705315348, 39.8916786580437], 
            [-117.647159688669, 39.8765610544492], 
            [-117.632042085074, 39.7566454528255], 
            [-117.602148620263, 39.7415278492309], 
            [-117.587022023448, 39.6666233160133], 
            [-117.557137551857, 39.6514967191983], 
            [-117.542010955041, 39.4865700491685], 
            [-117.51212648345, 39.4714524455739], 
            [-117.496999886635, 39.2615147071381], 
            [-117.467106421824, 39.2463881103231], 
            [-117.451988818229, 39.0364503718872], 
            [-117.422095353418, 39.0213327682927], 
            [-117.406977749823, 38.8564060982629], 
            [-117.377084285012, 38.8412795014479], 
            [-117.361966681417, 38.7213638998242], 
            [-117.332073216606, 38.7062462962297], 
            [-117.316955613011, 38.631341763012], 
            [-117.2870621482, 38.616215166197], 
            [-117.271944544605, 38.586330694606], 
            [-117.242051079793, 38.5712040977909], 
            [-117.226924482978, 38.4963085577938], 
            [-117.197040011387, 38.4811819609788], 
            [-117.181913414572, 38.4512884961673], 
            [-117.152028942981, 38.4361708925727], 
            [-117.136902346166, 38.4062774277611], 
            [-117.107008881355, 38.3911598241666], 
            [-117.09189127776, 38.361266359355], 
            [-117.061997812949, 38.3461487557606], 
            [-117.046880209354, 38.316255290949], 
            [-116.971975676136, 38.3011376873545], 
            [-116.956858072542, 38.2712442225429], 
            [-116.881953539324, 38.2561266189484], 
            [-116.866826942509, 38.2262331541368], 
            [-116.791931402512, 38.2111065573218], 
            [-116.776804805697, 38.1812220857308], 
            [-116.656889204073, 38.1660954889157], 
            [-116.641771600479, 38.1362110173247], 
            [-116.169411688998, 38.1210844205097], 
            [-116.146640854792, 38.1660954889157], 
            [-116.026725253168, 38.1812220857308], 
            [-116.011598656353, 38.2111065573218], 
            [-115.936694123135, 38.2262331541368], 
            [-115.921576519541, 38.2561266189484], 
            [-115.846671986323, 38.2712442225429], 
            [-115.831554382729, 38.3011376873545], 
            [-115.801660917917, 38.316255290949], 
            [-115.786543314322, 38.3461487557606], 
            [-115.756649849511, 38.361266359355], 
            [-115.741523252696, 38.3911598241666], 
            [-115.711638781105, 38.4062774277611], 
            [-115.69651218429, 38.4811819609788], 
            [-115.666627712699, 38.4963085577938], 
            [-115.651501115884, 38.616215166197], 
            [-115.621607651072, 38.631341763012], 
            [-115.606490047478, 38.7962684330419], 
            [-115.576596582666, 38.8113860366363], 
            [-115.561478979072, 38.9763127066661], 
            [-115.53158551426, 38.9914393034812], 
            [-115.516467910665, 39.1113549051049], 
            [-115.486574445854, 39.1264725086994], 
            [-115.471456842259, 39.2463881103231], 
            [-115.441563377448, 39.2615147071381], 
            [-115.426445773853, 39.3814303087618], 
            [-115.396552309042, 39.3965479123564], 
            [-115.381425712227, 39.4714524455739], 
            [-115.351541240636, 39.4865700491685], 
            [-115.336414643821, 39.5614745823861], 
            [-115.30653017223, 39.5765921859807], 
            [-115.291403575415, 39.6064856507922], 
            [-115.261510110603, 39.6216122476072], 
            [-115.246392507009, 39.6965077876044], 
            [-115.216499042197, 39.7116343844194], 
            [-115.201381438602, 39.7415278492309], 
            [-115.171487973791, 39.7566454528255], 
            [-115.156370370196, 39.786538917637], 
            [-115.126476905385, 39.8016565212316], 
            [-115.11135930179, 39.8315499860431], 
            [-115.081465836979, 39.8466675896377], 
            [-115.066348233384, 39.8765610544492], 
            [-115.036454768573, 39.8916786580437], 
            [-115.021328171758, 39.9215721228552], 
            [-114.991443700167, 39.9366897264498], 
            [-114.976317103352, 39.9665831912614], 
            [-114.901421563354, 40.0042108256691], 
            [-114.886294966539, 40.0341042904807], 
            [-114.811390433322, 40.0492218940752], 
            [-114.796272829727, 40.0791153588868], 
            [-114.766379364916, 40.0942329624813], 
            [-114.751261761321, 40.1241264272929], 
            [-114.676357228104, 40.1392440308874], 
            [-114.661230631289, 40.169137495699], 
            [-114.631346159697, 40.184264092514], 
            [-114.616219562882, 40.214148564105], 
            [-114.541324022885, 40.22927516092], 
            [-114.52619742607, 40.2591596325111], 
            [-114.451292892853, 40.2742862293261], 
            [-114.436175289258, 40.3041796941376], 
            [-114.36127075604, 40.3192972977322], 
            [-114.346153152446, 40.3491907625437], 
            [-114.271248619228, 40.3643083661383], 
            [-114.256122022413, 40.3942018309498], 
            [-114.226237550822, 40.4093194345443], 
            [-114.211110954007, 40.4392128993559], 
            [-114.13620642079, 40.4543305029504], 
            [-114.121088817195, 40.484223967762], 
            [-114.091195352384, 40.4993415713565], 
            [-114.076077748789, 40.5292350361681], 
            [-114.046184283977, 40.5443616329831], 
            [-114.031066680383, 40.5742461045742], 
            [-114.001173215571, 40.5893727013891], 
            [-113.986055611977, 40.6192571729802], 
            [-113.956162147165, 40.6343837697953], 
            [-113.941044543571, 40.6642772346068], 
            [-113.911151078759, 40.6793948382013], 
            [-113.896024481944, 40.7542993714189], 
            [-113.866140010353, 40.7694169750135], 
            [-113.851013413538, 40.8443215082311], 
            [-113.821128941947, 40.8594391118256], 
            [-113.806002345132, 40.9793547134494], 
            [-113.776108880321, 40.9944813102643], 
            [-113.760991276726, 41.114396911888], 
            [-113.731097811914, 41.1295145154826], 
            [-113.71598020832, 41.3394522539185], 
            [-113.686086743508, 41.3545788507334], 
            [-113.678532438321, 41.662102024389], 
            [-113.509307008911, 41.6512741869543], 
            [-113.487651334042, 41.6279098001972], 
            [-113.464286947285, 41.6062631185481], 
            [-113.442640265636, 41.5828987317911], 
            [-113.419275878879, 41.5612520501421], 
            [-113.39762919723, 41.537887663385], 
            [-113.374264810473, 41.516240981736], 
            [-113.352618128824, 41.4478655265728], 
            [-113.329253742066, 41.4262188449238], 
            [-113.307607060417, 41.1327790545098], 
            [-113.271634178574, 41.0994501794823], 
            [-113.307607060417, 41.0661213044547], 
            [-113.329253742066, 40.8377564572947], 
            [-113.28424267366, 40.7960459007978], 
            [-113.262595992011, 40.4125839735716], 
            [-113.239231605254, 40.3909372919226], 
            [-113.217584923605, 40.2775507683534], 
            [-113.194220536848, 40.2559040867043], 
            [-113.172573855199, 40.1425085699146], 
            [-113.149209468442, 40.1208618882656], 
            [-113.127553793573, 40.0524864331025], 
            [-113.104189406816, 40.0308397514535], 
            [-113.082542725167, 39.9849653338831], 
            [-113.05917833841, 39.9633186522341], 
            [-113.037531656761, 39.9399542654771], 
            [-113.014167270003, 39.918307583828], 
            [-112.992520588354, 39.8499321286649], 
            [-112.969156201597, 39.8282854470158], 
            [-112.947509519948, 39.8049210602588], 
            [-112.924145133191, 39.7832743786097], 
            [-112.902498451542, 39.7599099918527], 
            [-112.879134064785, 39.7382633102037], 
            [-112.857487383136, 39.7148989234466], 
            [-112.834122996379, 39.6932522417976], 
            [-112.81247631473, 39.624867793414], 
            [-112.789111927973, 39.603221111765], 
            [-112.767456253104, 39.5798567250079], 
            [-112.744100859567, 39.5582100433589], 
            [-112.722445184697, 39.5348456566019], 
            [-112.69908079794, 39.5131989749528], 
            [-112.677434116291, 39.4898345881958], 
            [-112.654069729534, 39.4681879065467], 
            [-112.632423047885, 39.4448235197897], 
            [-112.609058661128, 39.4231768381406], 
            [-112.587411979479, 39.3998124513836], 
            [-112.564047592722, 39.3781657697346], 
            [-112.542400911073, 39.3548013829775], 
            [-112.519036524316, 39.3331547013285], 
            [-112.497389842667, 39.3097903145715], 
            [-112.47402545591, 39.2881346397019], 
            [-112.452378774261, 39.2647702529449], 
            [-112.429014387504, 39.2431235712959], 
            [-112.407367705855, 39.2197591845388], 
            [-112.338983257471, 39.1981125028898], 
            [-112.317336575822, 39.1747481161327], 
            [-112.293972189065, 39.1531014344837], 
            [-112.272325507416, 39.1297370477267], 
            [-112.203950052253, 39.1080903660776], 
            [-112.182303370604, 39.0847259793206], 
            [-112.113927915441, 39.0630792976715], 
            [-112.092281233792, 39.0397149109145], 
            [-112.023905778629, 39.0180682292654], 
            [-112.002250103759, 38.9947038425084], 
            [-111.933874648596, 38.9730571608593], 
            [-111.912227966947, 38.9496927741023], 
            [-111.798841443378, 38.9280370992328], 
            [-111.777194761729, 38.9046727124758], 
            [-111.66380823816, 38.8830260308267], 
            [-111.64215256329, 38.8596616440697], 
            [-111.528766039721, 38.8380149624207], 
            [-111.507119358072, 38.8146505756636], 
            [-111.393732834503, 38.7930038940146], 
            [-111.372086152854, 38.7696395072575], 
            [-111.258690636064, 38.7479928256085], 
            [-111.237043954415, 38.7246284388514], 
            [-111.033635294034, 38.7029817572024], 
            [-111.011988612385, 38.6796173704454], 
            [-110.558559429974, 38.6579706887964], 
            [-110.516848873477, 38.7029817572024], 
            [-110.313440213095, 38.7246284388514], 
            [-110.291793531446, 38.7479928256085], 
            [-110.088375877844, 38.7696395072575], 
            [-110.066729196195, 38.7930038940146], 
            [-109.883375417442, 38.8146505756636], 
            [-109.841673854165, 38.7696395072575], 
            [-109.728278337375, 38.7479928256085], 
            [-109.706631655726, 38.7246284388514], 
            [-109.638256200563, 38.7029817572024], 
            [-109.616609518914, 38.6796173704454], 
            [-109.593245132157, 38.6579706887964], 
            [-109.571598450508, 38.6346063020393], 
            [-109.548234063751, 38.6129596203903], 
            [-109.526587382102, 38.5895952336332], 
            [-109.503222995345, 38.5679395587637], 
            [-109.481576313696, 38.5445841652271], 
            [-109.458211926939, 38.5229284903576], 
            [-109.436556252069, 38.4995641036005], 
            [-109.413191865312, 38.4779174219515], 
            [-109.391545183663, 38.4545530351945], 
            [-109.368180796906, 38.4329063535454], 
            [-109.346534115257, 38.4095419667884], 
            [-109.3231697285, 38.3878952851394], 
            [-109.301523046851, 38.3645308983823], 
            [-109.278158660094, 38.3428842167333], 
            [-109.256511978445, 38.3195198299762], 
            [-109.233147591688, 38.2978731483272], 
            [-109.211500910039, 38.2745087615702], 
            [-109.188136523282, 38.2528620799211], 
            [-109.166489841633, 38.184486624758], 
            [-109.143125454876, 38.1628309498885], 
            [-109.121478773227, 38.1394665631315], 
            [-109.09811438647, 38.1178198814824], 
            [-109.0764587116, 38.0944554947254], 
            [-109.053103318064, 38.0728088130763], 
            [-109.031447643194, 38.0494444263193], 
            [-109.008083256437, 38.0277977446702], 
            [-108.986436574788, 37.9594222895071], 
            [-108.963072188031, 37.9377756078581], 
            [-108.941425506382, 37.869400152695], 
            [-108.918061119625, 37.8477534710459], 
            [-108.896414437976, 37.7793690226624], 
            [-108.873050051219, 37.7577223410133], 
            [-108.849775596666, 37.5390072194077], 
            [-108.725147547521, 37.7089251267932], 
            [-108.595339403391, 37.9297176823252], 
            [-108.506675242868, 38.058572545087], 
            [-108.418613628116, 38.1401590411069], 
            [-108.145345631196, 38.2551643443591], 
            [-107.49116078844, 38.4622782115703], 
            [-107.327430216731, 38.5295295141758], 
            [-107.298481040068, 38.6785022111082], 
            [-107.456725747295, 39.1864482959522], 
            [-107.500180988562, 39.4322330111446], 
            [-107.402721458429, 39.6164051729605], 
            [-107.168025384064, 39.7078032725031], 
            [-106.815940803026, 39.7373999610394], 
            [-106.584824030405, 39.6890524078424], 
            [-106.438576279272, 39.5995069117147], 
            [-106.343841694938, 39.4528005063384], 
            [-106.293047985776, 39.3451606506436], 
            [-106.263199487067, 39.0554980128231], 
            [-106.360569084995, 38.7229107337434], 
            [-106.420742723098, 38.6354606579831], 
            [-106.46489943556, 38.5670852028199], 
            [-106.533274890724, 38.4779174219515], 
            [-106.618287803739, 38.2977922093431], 
            [-106.509910503967, 37.7352213034205], 
            [-106.406884170368, 37.1555632786225], 
            [-106.341062789816, 36.9043646447126], 
            [-106.249322947896, 36.7710311581615], 
            [-106.066220979315, 36.7449508188253], 
            [-105.835589840599, 36.8124719180446], 
            [-105.600713901825, 36.877942562999], 
            [-105.193204103087, 36.9016396989131], 
            [-104.910529197564, 36.7782796938529], 
            [-104.664582604404, 36.5704373757844], 
            [-104.564425108132, 36.462338865846], 
            [-104.541060721375, 36.440692184197], 
            [-104.541060721375, 36.0580846129146], 
            [-104.586071789781, 36.0580846129146], 
            [-104.586071789781, 35.8780403392903], 
            [-104.631082858187, 35.8780403392903], 
            [-104.631082858187, 35.7880182024782], 
            [-104.676093926593, 35.7880182024782], 
            [-104.676093926593, 35.6979870724455], 
            [-104.721104994999, 35.6979870724455], 
            [-104.721104994999, 35.5629538672273], 
            [-104.766116063406, 35.5629538672273], 
            [-104.766116063406, 35.4729317304151], 
            [-104.811127131812, 35.4729317304151], 
            [-104.811127131812, 35.2028563267581], 
            [-104.856147193438, 35.2028563267581], 
            [-104.856147193438, 34.9777919915073], 
            [-104.901158261844, 34.9777919915073], 
            [-104.901158261844, 34.7977477178829], 
            [-104.94616933025, 34.7977477178829], 
            [-104.94616933025, 34.6176944510382], 
            [-104.991180398656, 34.6176944510382], 
            [-104.991180398656, 34.4826612458199], 
            [-105.036191467063, 34.4826612458199], 
            [-105.036191467063, 34.0325415685386], 
            [-104.991180398656, 34.0325415685386], 
            [-104.991180398656, 33.9875305001325], 
            [-104.94616933025, 33.9875305001325], 
            [-104.94616933025, 33.9425194317265], 
            [-104.811127131812, 33.9425194317265], 
            [-104.811127131812, 33.8974993700999], 
            [-104.496049652969, 33.8974993700999], 
            [-104.496049652969, 33.9425194317265], 
            [-104.225974249312, 33.9425194317265], 
            [-104.225974249312, 33.9875305001325], 
            [-104.045920982467, 33.9875305001325], 
            [-104.045920982467, 34.0325415685386], 
            [-103.865876708843, 34.0325415685386], 
            [-103.865876708843, 34.0775526369447], 
            [-103.730843503625, 34.0775526369447], 
            [-103.730843503625, 34.1225637053508], 
            [-103.640812373592, 34.1225637053508], 
            [-103.640812373592, 34.1675747737569], 
            [-103.55079023678, 34.1675747737569], 
            [-103.55079023678, 34.212585842163], 
            [-103.460768099968, 34.212585842163], 
            [-103.460768099968, 34.257596910569], 
            [-103.370745963156, 34.257596910569], 
            [-103.370745963156, 34.3026079789751], 
            [-103.325725901529, 34.3026079789751], 
            [-103.325725901529, 34.3476280406016], 
            [-103.280714833123, 34.3476280406016], 
            [-103.280714833123, 34.3926391090077], 
            [-103.235703764717, 34.3926391090077], 
            [-103.235703764717, 34.4376501774138], 
            [-103.190692696311, 34.4376501774138], 
            [-103.190692696311, 34.527672314226], 
            [-103.145681627905, 34.527672314226], 
            [-103.145681627905, 34.6176944510382], 
            [-103.100670559499, 34.6176944510382], 
            [-103.100670559499, 34.7527366494769], 
            [-103.055659491093, 34.7527366494769], 
            [-103.055659491093, 34.8877698546951], 
            [-103.010648422687, 34.8877698546951], 
            [-103.010648422687, 35.0228030599134], 
            [-102.96562836106, 35.0228030599134], 
            [-102.96562836106, 35.112834189946], 
            [-102.920617292654, 35.112834189946], 
            [-102.920617292654, 35.2478673951642], 
            [-102.875606224248, 35.2478673951642], 
            [-102.875606224248, 35.3378895319764], 
            [-102.830595155842, 35.3378895319764], 
            [-102.830595155842, 35.3829006003825], 
            [-102.785584087436, 35.3829006003825], 
            [-102.785584087436, 35.4729317304151], 
            [-102.74057301903, 35.4729317304151], 
            [-102.74057301903, 35.5179427988212], 
            [-102.695561950623, 35.5179427988212], 
            [-102.695561950623, 35.6079649356333], 
            [-102.650550882217, 35.6079649356333], 
            [-102.650550882217, 35.6529760040394], 
            [-102.605530820591, 35.6529760040394], 
            [-102.605530820591, 35.6979870724455], 
            [-102.560519752185, 35.6979870724455], 
            [-102.560519752185, 35.6079649356333], 
            [-102.605530820591, 35.6079649356333], 
            [-102.605530820591, 35.5179427988212], 
            [-102.650550882217, 35.5179427988212], 
            [-102.650550882217, 35.3829006003825], 
            [-102.695561950623, 35.3829006003825], 
            [-102.695561950623, 34.3476280406016], 
            [-102.74057301903, 34.3476280406016], 
            [-102.74057301903, 34.212585842163], 
            [-102.785584087436, 34.212585842163], 
            [-102.785584087436, 34.1225637053508], 
            [-102.830595155842, 34.1225637053508], 
            [-102.830595155842, 34.0775526369447], 
            [-102.875606224248, 34.0775526369447], 
            [-102.875606224248, 33.9875305001325], 
            [-102.920617292654, 33.9875305001325], 
            [-102.920617292654, 33.9425194317265], 
            [-102.96562836106, 33.9425194317265], 
            [-102.96562836106, 33.8974993700999], 
            [-103.055659491093, 33.8974993700999], 
            [-103.055659491093, 33.8524883016938], 
            [-103.100670559499, 33.8524883016938], 
            [-103.100670559499, 33.8074772332878], 
            [-103.145681627905, 33.8074772332878], 
            [-103.145681627905, 33.7624661648817], 
            [-103.235703764717, 33.7624661648817], 
            [-103.235703764717, 33.7174550964756], 
            [-103.325725901529, 33.7174550964756], 
            [-103.325725901529, 33.6724440280695], 
            [-103.415757031562, 33.6724440280695], 
            [-103.415757031562, 33.6274329596634], 
            [-103.460768099968, 33.6274329596634], 
            [-103.460768099968, 33.5824218912574], 
            [-103.55079023678, 33.5824218912574], 
            [-103.55079023678, 33.5374018296308], 
            [-103.595801305186, 33.5374018296308], 
            [-103.595801305186, 33.4923907612247], 
            [-103.640812373592, 33.4923907612247], 
            [-103.640812373592, 33.4473796928186], 
            [-103.685823441998, 33.4473796928186], 
            [-103.685823441998, 33.4023686244126], 
            [-103.730843503625, 33.4023686244126], 
            [-103.730843503625, 33.3573575560065], 
            [-103.775854572031, 33.3573575560065], 
            [-103.775854572031, 33.3123464876004], 
            [-103.820865640437, 33.3123464876004], 
            [-103.820865640437, 33.2673354191943], 
            [-103.865876708843, 33.2673354191943], 
            [-103.865876708843, 33.1773042891617], 
            [-103.910887777249, 33.1773042891617], 
            [-103.910887777249, 33.1322932207556], 
            [-103.955898845655, 33.1322932207556], 
            [-103.955898845655, 32.9972600155374], 
            [-104.000909914061, 32.9972600155374], 
            [-104.000909914061, 32.8172067486926], 
            [-104.045920982467, 32.8172067486926], 
            [-104.045920982467, 32.5921514066622], 
            [-104.000909914061, 32.5921514066622], 
            [-104.000909914061, 32.3670870714113], 
            [-103.955898845655, 32.3670870714113], 
            [-103.955898845655, 32.2770649345991], 
            [-103.910887777249, 32.2770649345991], 
            [-103.910887777249, 32.1870427977869], 
            [-103.865876708843, 32.1870427977869], 
            [-103.865876708843, 32.0970206609748], 
            [-103.820865640437, 32.0970206609748], 
            [-103.820865640437, 32.0520005993483], 
            [-103.775854572031, 32.0520005993483], 
            [-103.775854572031, 32.0069895309422], 
            [-103.730843503625, 32.0069895309422], 
            [-103.730843503625, 31.91696739413], 
            [-103.685823441998, 31.91696739413], 
            [-103.685823441998, 31.8719563257239], 
            [-103.640812373592, 31.8719563257239], 
            [-103.640812373592, 31.8269452573179], 
            [-103.595801305186, 31.8269452573179], 
            [-103.595801305186, 31.7819341889117], 
            [-103.55079023678, 31.7819341889117], 
            [-103.55079023678, 31.7369231205057], 
            [-103.505779168374, 31.7369231205057], 
            [-103.505779168374, 31.6468919904731], 
            [-103.460768099968, 31.6468919904731], 
            [-103.460768099968, 31.601880922067], 
            [-103.415757031562, 31.601880922067], 
            [-103.415757031562, 31.5568698536609], 
            [-103.370745963156, 31.5568698536609], 
            [-103.370745963156, 31.5118587852548], 
            [-103.325725901529, 31.5118587852548], 
            [-103.325725901529, 31.4668477168487], 
            [-103.280714833123, 31.4668477168487], 
            [-103.280714833123, 31.3768255800365], 
            [-103.235703764717, 31.3768255800365], 
            [-103.235703764717, 31.33180551841], 
            [-103.190692696311, 31.33180551841], 
            [-103.190692696311, 31.2867944500039], 
            [-103.145681627905, 31.2867944500039], 
            [-103.145681627905, 31.2417833815979], 
            [-103.100670559499, 31.2417833815979], 
            [-103.100670559499, 31.1967723131918], 
            [-103.055659491093, 31.1967723131918], 
            [-103.055659491093, 31.1517612447857], 
            [-103.010648422687, 31.1517612447857], 
            [-103.010648422687, 31.1067501763796], 
            [-102.96562836106, 31.1067501763796], 
            [-102.96562836106, 31.0617391079736], 
            [-102.920617292654, 31.0617391079736], 
            [-102.920617292654, 31.0167280395674], 
            [-102.975439964583, 31.0014575512251], 
            [-102.955825750758, 30.891488451431], 
            [-102.930428896177, 30.8718832308265], 
            [-102.910814682352, 30.8014663146188], 
            [-102.88540883455, 30.7818610940143], 
            [-102.865803613946, 30.7564552462127], 
            [-102.840397766144, 30.7368500256082], 
            [-102.820792545539, 30.7114441778066], 
            [-102.795386697738, 30.6918389572022], 
            [-102.775781477133, 30.6664331094005], 
            [-102.750375629332, 30.6468188955757], 
            [-102.730770408727, 30.6214220409945], 
            [-102.705364560926, 30.6018078271696], 
            [-102.685759340321, 30.5764109725884], 
            [-102.615342424114, 30.5567967587635], 
            [-102.595728210289, 30.5313909109619], 
            [-102.570331355707, 30.5117856903574], 
            [-102.550717141883, 30.4863798425558], 
            [-102.525311294081, 30.4667746219513], 
            [-102.505706073476, 30.4413687741497], 
            [-102.480300225675, 30.4217635535453], 
            [-102.46069500507, 30.3963577057436], 
            [-102.435289157269, 30.3767524851392], 
            [-102.415683936664, 30.3513466373375], 
            [-102.390278088863, 30.331741416733], 
            [-102.370672868258, 30.3063355689314], 
            [-102.345267020457, 30.2867213551065], 
            [-102.325661799852, 30.2163134321192], 
            [-102.30025595205, 30.1966992182944], 
            [-102.280641738226, 30.1712933704927], 
            [-102.255244883644, 30.1516881498883], 
            [-102.235630669819, 30.1262823020867], 
            [-102.210233815238, 30.1066770814822], 
            [-102.190619601413, 30.0362601652745], 
            [-102.165213753612, 30.01665494467], 
            [-102.145608533007, 29.9912490968684], 
            [-102.120202685206, 29.9716438762639], 
            [-102.100597464601, 29.9012269600562], 
            [-102.0751916168, 29.8816127462313], 
            [-102.055586396195, 29.7661847616175], 
            [-102.030180548394, 29.7465795410131], 
            [-102.010575327789, 29.6311515563993], 
            [-101.965564259383, 29.5964107457594], 
            [-101.985169479987, 29.0009786122732], 
            [-102.010575327789, 28.9813733916688], 
            [-102.030180548394, 28.865945407055], 
            [-102.055586396195, 28.8463401864505], 
            [-102.0751916168, 28.7759232702428], 
            [-102.100597464601, 28.7563090564179], 
            [-102.120202685206, 28.7309122018367], 
            [-102.145608533007, 28.7112979880118], 
            [-102.165213753612, 28.6408810718041], 
            [-102.190619601413, 28.6212758511996], 
            [-102.210233815238, 28.595870003398], 
            [-102.235630669819, 28.5762647827935], 
            [-102.255244883644, 28.5508589349919], 
            [-102.280641738226, 28.5312537143875], 
            [-102.30025595205, 28.5058478665858], 
            [-102.325661799852, 28.4862426459814], 
            [-102.345267020457, 28.4608367981798], 
            [-102.370672868258, 28.4412225843549], 
            [-102.390278088863, 28.4158257297737], 
            [-102.46069500507, 28.3962115159488], 
            [-102.480300225675, 28.3708146613676], 
            [-102.550717141883, 28.3512004475427], 
            [-102.570331355707, 28.3257945997411], 
            [-102.640739278695, 28.3061893791366], 
            [-102.66035349252, 28.280783531335], 
            [-102.730770408727, 28.2611783107305], 
            [-102.750375629332, 28.2357724629289], 
            [-102.955825750758, 28.2161672423244], 
            [-102.990575554618, 28.1711561739183], 
            [-103.270912222821, 28.1907613945228], 
            [-103.290526436646, 28.2161672423244], 
            [-103.450965489666, 28.2357724629289], 
            [-103.47057071027, 28.2611783107305], 
            [-103.585998694884, 28.280783531335], 
            [-103.605603915488, 28.3061893791366], 
            [-103.676020831696, 28.3257945997411], 
            [-103.695635045521, 28.3512004475427], 
            [-103.766042968508, 28.3708146613676], 
            [-103.785657182333, 28.3962115159488], 
            [-103.811063030135, 28.4158257297737], 
            [-103.830668250739, 28.4412225843549], 
            [-103.856074098541, 28.4608367981798], 
            [-103.875679319145, 28.4862426459814], 
            [-103.946096235353, 28.5058478665858], 
            [-103.965701455957, 28.5312537143875], 
            [-103.991107303759, 28.5508589349919], 
            [-104.010712524363, 28.5762647827935], 
            [-104.036118372165, 28.595870003398], 
            [-104.05573258599, 28.6662869196057], 
            [-104.081129440571, 28.6858921402102], 
            [-104.100743654396, 28.7112979880118], 
            [-104.126140508977, 28.7309122018367], 
            [-104.145754722802, 28.7563090564179], 
            [-104.171160570604, 28.7759232702428], 
            [-104.190765791208, 28.8463401864505], 
            [-104.21617163901, 28.865945407055], 
            [-104.235776859614, 28.9363623232627], 
            [-104.261182707416, 28.9559675438671], 
            [-104.28078792802, 29.0713955284809], 
            [-104.306193775822, 29.0910097423059], 
            [-104.325798996426, 29.2514487953257], 
            [-104.370810064833, 29.2861896059656], 
            [-104.351204844228, 29.8366016778252], 
            [-104.325798996426, 29.8562158916502], 
            [-104.306193775822, 30.01665494467], 
            [-104.28078792802, 30.0362601652745], 
            [-104.261182707416, 30.1516881498883], 
            [-104.235776859614, 30.1712933704927], 
            [-104.21617163901, 30.331741416733], 
            [-104.171160570604, 30.366482227373], 
            [-104.190765791208, 30.6468188955757], 
            [-104.21617163901, 30.6664331094005], 
            [-104.235776859614, 30.6918389572022], 
            [-104.261182707416, 30.7114441778066], 
            [-104.28078792802, 30.7368500256082], 
            [-104.396215912634, 30.7564552462127], 
            [-104.415830126459, 30.7818610940143], 
            [-104.621280247885, 30.8014663146188], 
            [-104.656021058525, 30.8464773830249], 
            [-104.846335589915, 30.8268721624204], 
            [-104.86594980374, 30.8014663146188], 
            [-105.071399925166, 30.7818610940143], 
            [-105.091005145771, 30.7564552462127], 
            [-105.206433130385, 30.7368500256082], 
            [-105.22604734421, 30.7114441778066], 
            [-105.341475328823, 30.6918389572022], 
            [-105.361080549428, 30.6664331094005], 
            [-105.476508534042, 30.6468188955757], 
            [-105.496113754646, 30.6214220409945], 
            [-105.61154173926, 30.6018078271696], 
            [-105.631155953085, 30.5764109725884], 
            [-105.746583937699, 30.5567967587635], 
            [-105.766189158303, 30.5313909109619], 
            [-105.926628211323, 30.5117856903574], 
            [-105.961378015183, 30.4667746219513], 
            [-106.646823292261, 30.4863798425558], 
            [-106.666437506086, 30.5117856903574], 
            [-106.871887627512, 30.5313909109619], 
            [-106.891492848116, 30.5567967587635], 
            [-107.00692083273, 30.5764109725884], 
            [-107.026535046555, 30.6018078271696], 
            [-107.141963031169, 30.6214220409945], 
            [-107.161568251773, 30.6468188955757], 
            [-107.231985167981, 30.6664331094005], 
            [-107.251590388585, 30.6918389572022], 
            [-107.322007304793, 30.7114441778066], 
            [-107.341612525398, 30.7368500256082], 
            [-107.412029441605, 30.7564552462127], 
            [-107.43164365543, 30.7818610940143], 
            [-107.502060571638, 30.8014663146188], 
            [-107.521665792242, 30.8268721624204], 
            [-107.59208270845, 30.8464773830249], 
            [-107.611687929055, 30.8718832308265], 
            [-107.637093776856, 30.891488451431], 
            [-107.656698997461, 30.9168942992326], 
            [-107.727115913668, 30.9365085130575], 
            [-107.746730127493, 30.9619053676387], 
            [-107.817138050481, 30.9815195814636], 
            [-107.836752264306, 31.0069164360448], 
            [-107.952180248919, 31.0265306498697], 
            [-107.986921059559, 31.0715417182757], 
            [-108.402299926201, 31.0519364976713], 
            [-108.421905146805, 31.0265306498697], 
            [-108.537333131419, 31.0069164360448], 
            [-108.556947345244, 30.9815195814636], 
            [-108.627364261451, 30.9619053676387], 
            [-108.646969482056, 30.9365085130575], 
            [-108.76239746667, 30.9168942992326], 
            [-108.782002687274, 30.891488451431], 
            [-108.852419603482, 30.8718832308265], 
            [-108.872033817307, 30.8464773830249], 
            [-108.987461801921, 30.8268721624204], 
            [-109.007067022525, 30.8014663146188], 
            [-109.122495007139, 30.7818610940143], 
            [-109.142100227743, 30.7564552462127], 
            [-109.257528212357, 30.7368500256082], 
            [-109.277142426182, 30.7114441778066], 
            [-109.370060379982, 30.6918389572022], 
            [-109.389674593807, 30.6664331094005], 
            [-109.527603616014, 30.6468188955757], 
            [-109.547208836618, 30.6214220409945], 
            [-109.662636821232, 30.6018078271696], 
            [-109.682251035057, 30.5764109725884], 
            [-109.752667951265, 30.5567967587635], 
            [-109.772273171869, 30.5313909109619], 
            [-109.842690088077, 30.5117856903574], 
            [-109.862295308682, 30.4863798425558], 
            [-109.977723293295, 30.4667746219513], 
            [-109.99733750712, 30.4413687741497], 
            [-110.067754423328, 30.4217635535453], 
            [-110.087359643932, 30.3963577057436], 
            [-110.15777656014, 30.3767524851392], 
            [-110.177381780745, 30.3513466373375], 
            [-110.247798696952, 30.331741416733], 
            [-110.267403917557, 30.3063355689314], 
            [-110.382831902171, 30.2867213551065], 
            [-110.402446115995, 30.2613245005253], 
            [-110.562885169015, 30.2417102867004], 
            [-110.597625979655, 30.1966992182944], 
            [-111.238069181547, 30.2163134321192], 
            [-111.257674402152, 30.2417102867004], 
            [-111.373102386766, 30.2613245005253], 
            [-111.39270760737, 30.2867213551065], 
            [-111.508135591984, 30.3063355689314], 
            [-111.527749805809, 30.331741416733], 
            [-111.55315565361, 30.3513466373375], 
            [-111.572760874215, 30.3767524851392], 
            [-111.643177790423, 30.3963577057436], 
            [-111.662783011027, 30.4217635535453], 
            [-111.733199927235, 30.4413687741497], 
            [-111.752805147839, 30.4667746219513], 
            [-111.778210995641, 30.4863798425558], 
            [-111.797825209466, 30.5117856903574], 
            [-111.823222064047, 30.5313909109619], 
            [-111.842836277872, 30.5567967587635], 
            [-111.868233132453, 30.5764109725884], 
            [-111.887847346278, 30.6018078271696], 
            [-111.91325319408, 30.6214220409945], 
            [-111.932858414684, 30.6468188955757], 
            [-111.958264262486, 30.6664331094005], 
            [-111.97786948309, 30.6918389572022], 
            [-112.003275330892, 30.7114441778066], 
            [-112.022880551496, 30.7368500256082], 
            [-112.048286399298, 30.7564552462127], 
            [-112.067891619902, 30.7818610940143], 
            [-112.093297467704, 30.8014663146188], 
            [-112.112902688308, 30.8268721624204], 
            [-112.13830853611, 30.8464773830249], 
            [-112.157922749935, 30.8718832308265], 
            [-112.183319604516, 30.891488451431], 
            [-112.202933818341, 30.9619053676387], 
            [-112.228330672922, 30.9815195814636], 
            [-112.247944886747, 31.0069164360448], 
            [-112.273350734549, 31.0265306498697], 
            [-112.292955955153, 31.0519364976713], 
            [-112.318361802955, 31.0715417182757], 
            [-112.337967023559, 31.1419586344835], 
            [-112.363372871361, 31.1615638550879], 
            [-112.382978091965, 31.1869697028895], 
            [-112.408383939767, 31.206574923494], 
            [-112.427989160371, 31.2319807712956], 
            [-112.453395008173, 31.2515859919001], 
            [-112.473000228777, 31.2769918397017], 
            [-112.498406076579, 31.2965970603062], 
            [-112.518020290404, 31.3670139765139], 
            [-112.543417144985, 31.3866281903388], 
            [-112.56303135881, 31.41202504492], 
            [-112.588428213391, 31.4316392587449], 
            [-112.608042427216, 31.4570451065465], 
            [-112.678459343424, 31.4766503271509], 
            [-112.698064564028, 31.5020561749526], 
            [-112.72347041183, 31.521661395557], 
            [-112.743075632434, 31.5470672433587], 
            [-112.768481480236, 31.5666724639631], 
            [-112.78808670084, 31.5920783117647], 
            [-112.858503617048, 31.6116835323692], 
            [-112.878108837653, 31.6370893801708], 
            [-113.061057921486, 31.6566946007753], 
            [-113.080672135311, 31.6821004485769], 
            [-113.128579020705, 31.7017146624019], 
            [-113.163319831345, 31.7467257308079], 
            [-113.353634362736, 31.727111516983], 
            [-113.37324857656, 31.7017146624019], 
            [-113.53368762958, 31.6821004485769], 
            [-113.553292850185, 31.6566946007753], 
            [-113.668720834799, 31.6370893801708], 
            [-113.688335048624, 31.6116835323692], 
            [-113.758751964831, 31.5920783117647], 
            [-113.778357185436, 31.5666724639631], 
            [-113.927572699321, 31.5454664501166], 
            [-113.983807306862, 31.5020561749526], 
            [-114.018548117502, 31.4570451065465], 
            [-114.204599862394, 31.4787817204001], 
            [-114.321403809738, 31.5441714263703], 
            [-114.386020098749, 31.5920783117647], 
            [-114.433926984143, 31.6116835323692], 
            [-114.519866198866, 31.6635294483254], 
            [-114.578771792884, 31.6548240109195], 
            [-114.613404684878, 31.6599411533616], 
            [-114.656716034617, 31.6338158479231], 
            [-114.736315028915, 31.6468919904731]
          ], 
          [
            [-108.457113604909, 37.0033440291037], 
            [-108.447104150536, 37.0158446055442], 
            [-108.289300111111, 37.0499828704132], 
            [-108.230286598448, 37.1236823120891], 
            [-108.24906444277, 37.2746964700661], 
            [-108.417543434882, 37.3059299247263], 
            [-108.57444815226, 37.2456213883165], 
            [-108.65388526859, 37.1148239899352], 
            [-108.642913539628, 37.0265825107743], 
            [-108.457113604909, 37.0033440291037]
          ], 
          [
            [-115.006390432572, 35.9680624761025], 
            [-114.973852960945, 36.0546402094782], 
            [-115.072040941936, 36.0908019489508], 
            [-115.106619874607, 35.9859230119375], 
            [-115.006390432572, 35.9680624761025]
          ], 
          [
            [-115.231445774603, 35.8780403392903], 
            [-115.206381669179, 36.0396125380882], 
            [-115.345533769368, 36.0712237080078], 
            [-115.309381023116, 36.1360198614275], 
            [-115.288552724529, 36.1934955333922], 
            [-115.421823258537, 36.3083209722351], 
            [-115.444414228334, 36.4077680040902], 
            [-115.476403113513, 36.465090791307], 
            [-115.710064967524, 36.4011489938311], 
            [-115.902708743014, 36.241798120487], 
            [-115.939553967242, 36.1058386135613], 
            [-115.891620102186, 36.0199263784996], 
            [-115.740893727264, 35.9745465880547], 
            [-115.659064414291, 35.9811206322115], 
            [-115.521450154801, 35.9700679642652], 
            [-115.311053762121, 35.8884544885839], 
            [-115.231445774603, 35.8780403392903]
          ], 
          [
            [-115.786399422795, 35.0191248327449], 
            [-115.766479439474, 35.0371922126506], 
            [-115.79409761951, 35.0453130907266], 
            [-115.786399422795, 35.0191248327449]
          ], 
          [
            [-106.274027324501, 34.9327809231012], 
            [-106.264017870129, 34.9452814995416], 
            [-106.155694529679, 34.9762541508085], 
            [-106.12898466491, 35.11213271875], 
            [-106.233162130728, 35.2547562020372], 
            [-106.362673498583, 35.2803778871299], 
            [-106.599123250937, 35.212865781131], 
            [-106.722033594974, 35.1862728282285], 
            [-106.705962710011, 35.0571121959712], 
            [-106.52305859228, 35.034233443119], 
            [-106.411119977205, 34.9684300490076], 
            [-106.274027324501, 34.9327809231012]
          ], 
          [
            [-114.826337165728, 33.9650204693192], 
            [-114.803836128135, 33.9650204693192], 
            [-114.803836128135, 33.9875305001325], 
            [-114.826337165728, 33.9875305001325], 
            [-114.826337165728, 33.9650204693192]
          ], 
          [
            [-114.79613793142, 33.9388322113376], 
            [-114.776208954879, 33.9568995912432], 
            [-114.803836128135, 33.9650204693192], 
            [-114.79613793142, 33.9388322113376]
          ], 
          [
            [-114.74401322563, 33.9461976588949], 
            [-114.76393320895, 33.9281302789893], 
            [-114.736315028915, 33.9200094009132], 
            [-114.74401322563, 33.9461976588949]
          ], 
          [
            [-114.713804998102, 33.9200094009132], 
            [-114.736315028915, 33.9200094009132], 
            [-114.736315028915, 33.8974993700999], 
            [-114.713804998102, 33.8974993700999], 
            [-114.713804998102, 33.9200094009132]
          ], 
          [
            [-110.640208878537, 32.1195216985676], 
            [-110.58522432864, 32.2076102929807], 
            [-110.634543149647, 32.2960046568895], 
            [-110.772723982026, 32.2849070228409], 
            [-110.808166263862, 32.1314107360167], 
            [-110.640208878537, 32.1195216985676]
          ], 
          [
            [-110.07755703363, 33.3573575560065], 
            [-110.100058071223, 33.3573575560065], 
            [-110.100058071223, 33.6274329596634], 
            [-110.190089201256, 33.6274329596634], 
            [-110.190089201256, 33.8074772332878], 
            [-110.280111338068, 33.8074772332878], 
            [-110.280111338068, 33.8974993700999], 
            [-110.37013347488, 33.8974993700999], 
            [-110.37013347488, 34.0775526369447], 
            [-110.460155611692, 34.0775526369447], 
            [-110.460155611692, 34.1675747737569], 
            [-110.550186741725, 34.1675747737569], 
            [-110.550186741725, 34.3476280406016], 
            [-110.539565748361, 34.4945502832691], 
            [-110.506920358088, 34.6473181192359], 
            [-110.387778173424, 34.910019082115], 
            [-110.167273400947, 35.1582499532728], 
            [-109.998146896962, 35.2809894261212], 
            [-109.987534896818, 35.2928784635703], 
            [-109.953549516697, 35.2818527752854], 
            [-109.931489146907, 35.2588930834491], 
            [-109.458409777789, 35.2368417068794], 
            [-109.415161380593, 35.1918306384733], 
            [-109.166642726381, 35.2159954218513], 
            [-109.211294065968, 35.2588930834491], 
            [-109.233354435759, 35.2818527752854], 
            [-109.256305134374, 35.3039041518552], 
            [-109.278365504165, 35.3268638436915], 
            [-109.30131620278, 35.3489242134817], 
            [-109.323376572571, 35.3718749120976], 
            [-109.346336264407, 35.3939352818878], 
            [-109.368387640977, 35.4168859805036], 
            [-109.391347332813, 35.4389463502939], 
            [-109.413398709383, 35.5069171105363], 
            [-109.436358401219, 35.5289684871061], 
            [-109.458409777789, 35.5519281789424], 
            [-109.481369469625, 35.5739795555121], 
            [-109.503420846195, 35.5969392473485], 
            [-109.526380538031, 35.6189906239183], 
            [-109.548440907822, 35.6419503157546], 
            [-109.571391606437, 35.6640016923243], 
            [-109.593451976228, 35.7319724525667], 
            [-109.616402674844, 35.7540328223569], 
            [-109.638463044634, 35.7769835209728], 
            [-109.66141374325, 35.799043890763], 
            [-109.68347411304, 35.8219945893789], 
            [-109.706433804876, 35.8440549591691], 
            [-109.728485181446, 35.8670056577849], 
            [-109.751444873282, 35.8890660275752], 
            [-109.773496249852, 35.9570367878176], 
            [-109.796455941688, 35.9790881643873], 
            [-109.818507318258, 36.0020478562237], 
            [-109.841467010094, 36.0240992327934], 
            [-109.863518386664, 36.0470589246298], 
            [-109.8864780785, 36.0691103011995], 
            [-109.908538448291, 36.0920699930358], 
            [-109.931489146907, 36.1141303628261], 
            [-109.953549516697, 36.182092129848], 
            [-109.976500215313, 36.2041524996382], 
            [-109.998560585103, 36.2271031982541], 
            [-110.021511283719, 36.2491635680443], 
            [-110.043571653509, 36.2721232598806], 
            [-110.066522352125, 36.2941746364504], 
            [-110.088582721915, 36.3171343282867], 
            [-110.111542413751, 36.3391857048564], 
            [-110.133593790321, 36.3621453966928], 
            [-110.156553482157, 36.3841967732625], 
            [-110.178604858727, 36.4071564650989], 
            [-110.201564550563, 36.4292078416686], 
            [-110.223615927133, 36.452167533505], 
            [-110.291586687376, 36.4742279032952], 
            [-110.334835084571, 36.5192389717013], 
            [-110.426619892594, 36.497178601911], 
            [-110.448680262384, 36.4742279032952], 
            [-110.47163995422, 36.452167533505], 
            [-110.49369133079, 36.4292078416686], 
            [-110.516651022627, 36.4071564650989], 
            [-110.538702399196, 36.3391857048564], 
            [-110.561662091033, 36.3171343282867], 
            [-110.572687779318, 35.4729317304151], 
            [-110.607077854359, 35.4835527237793], 
            [-110.628319841088, 35.507321805457], 
            [-110.652088922766, 35.5285637921854], 
            [-110.673330909494, 35.5523328738631], 
            [-110.697108984392, 35.5735748605914], 
            [-110.7183419779, 35.5973439422692], 
            [-110.742120052798, 35.6185859289975], 
            [-110.763353046306, 35.6423550106752], 
            [-110.787131121204, 35.6635969974036], 
            [-110.808373107933, 35.6873660790814], 
            [-110.83214218961, 35.7086080658097], 
            [-110.853384176339, 35.7323771474874], 
            [-110.877153258016, 35.7536191342157], 
            [-110.898395244745, 35.777397209114], 
            [-110.922164326422, 35.7986302026218], 
            [-110.943406313151, 35.8224082775201], 
            [-111.012186463235, 35.8436502642484], 
            [-111.033428449963, 35.8674193459262], 
            [-111.057206524861, 35.8886613326545], 
            [-111.078439518369, 35.9124304143322], 
            [-111.102217593267, 35.9336724010606], 
            [-111.123450586775, 35.9574414827383], 
            [-111.192239730079, 35.9786834694666], 
            [-111.213481716808, 36.0024525511444], 
            [-111.282261866892, 36.0236945378727], 
            [-111.30350385362, 36.0474636195504], 
            [-111.372284003704, 36.0687056062788], 
            [-111.393525990432, 36.0924746879565], 
            [-111.507326202142, 36.1137166746849], 
            [-111.528568188871, 36.1374947495831], 
            [-111.687370475767, 36.1587277430909], 
            [-111.708612462495, 36.1825058179892], 
            [-112.092479084642, 36.203738811497], 
            [-112.11372107137, 36.2275168863953], 
            [-112.272532351487, 36.2487588731236], 
            [-112.293774338215, 36.2725279548014], 
            [-112.362554488299, 36.2937699415297], 
            [-112.390352532743, 36.3543392813328], 
            [-112.640220170025, 36.1730089771826], 
            [-112.811415114716, 36.0236945378727], 
            [-112.97564930677, 35.8955861124093], 
            [-113.131187054639, 35.7566228698496], 
            [-113.218421293108, 35.6317340173111], 
            [-113.351817732203, 35.4219851365049], 
            [-113.46535714052, 35.3497785694255], 
            [-113.509100164841, 35.2809894261212], 
            [-113.532869246518, 35.2597564326134], 
            [-113.628179396962, 35.1098934068553], 
            [-113.760011015696, 35.0792175318637], 
            [-114.037703677083, 34.9240215263724], 
            [-114.207585611587, 34.7722249582153], 
            [-114.343086464269, 34.607073457674], 
            [-114.409339519403, 34.5157832767769], 
            [-114.433117594302, 34.4945502832691], 
            [-114.515108785242, 34.402774468467], 
            [-114.545595802604, 34.4045910990001], 
            [-114.597477691442, 34.323022589421], 
            [-114.656913885467, 34.2907279347465], 
            [-114.718400533758, 34.2624982157201], 
            [-114.769437059872, 34.1202704341333], 
            [-114.733617062777, 33.9902194730503], 
            [-114.701924953873, 33.9318984383623], 
            [-114.691303960509, 33.8974993700999], 
            [-114.713804998102, 33.8974993700999], 
            [-114.713804998102, 33.8749983325071], 
            [-114.691303960509, 33.8749983325071], 
            [-114.691303960509, 33.8524883016938], 
            [-114.668793929696, 33.8524883016938], 
            [-114.630374891888, 33.7871345686056], 
            [-114.24864865621, 33.4395376045768], 
            [-114.139470959817, 33.369039749385], 
            [-113.835401182818, 33.1598034821451], 
            [-113.780236768512, 33.1889864825402], 
            [-113.679036058667, 33.2130973065955], 
            [-113.547887924688, 33.2590616563704], 
            [-113.361467457757, 33.4020178888146], 
            [-113.286814734712, 33.3214566199272], 
            [-113.205848770904, 33.2464351748435], 
            [-113.013744588642, 33.2006686759187], 
            [-112.947509519948, 33.1656220957832], 
            [-112.762312131, 33.097381538927], 
            [-112.717984547349, 33.0991442101373], 
            [-112.548894016246, 33.2154984964585], 
            [-112.33212143026, 33.3817291834551], 
            [-112.139216851377, 33.3413676100272], 
            [-112.091130101573, 33.4158224822219], 
            [-112.014121154767, 33.4127737804857], 
            [-111.979749066166, 33.4747190830193], 
            [-112.11625715954, 33.5179315073333], 
            [-112.113891942559, 33.4582165234739], 
            [-112.212223815077, 33.4270819942387], 
            [-112.271471151472, 33.4406617571345], 
            [-112.159559516059, 33.544353589047], 
            [-112.13615915642, 33.6912218723916], 
            [-112.03368140927, 33.884890875014], 
            [-112.002250103759, 33.8183050707225], 
            [-111.935007794374, 33.6912218723916], 
            [-111.911607434735, 33.544353589047], 
            [-111.843852511784, 33.4815719170105], 
            [-111.822205830135, 33.4356974994402], 
            [-111.769307707385, 33.4107323194411], 
            [-111.800613107809, 33.3214206470453], 
            [-111.929764746846, 33.3265377894875], 
            [-111.978885717002, 33.2415698425743], 
            [-111.821351474191, 33.2114965133535], 
            [-111.775477056621, 33.1872238113299], 
            [-111.777365632918, 33.1395147767856], 
            [-111.867216898541, 33.0089422089159], 
            [-111.88886358019, 32.9630677913456], 
            [-111.972311672845, 32.9366547028523], 
            [-112.001395747815, 32.8672899934385], 
            [-111.953947516665, 32.7319240390632], 
            [-111.957688696376, 32.6374592513434], 
            [-112.105537240751, 32.4446535978853], 
            [-112.136428953034, 32.2996828840579], 
            [-112.083332979433, 31.9947407646747], 
            [-112.035587972007, 31.9966293409714], 
            [-111.968066872788, 31.9939583544946], 
            [-111.900842549844, 31.9966203477509], 
            [-111.73779546289, 32.1216530918168], 
            [-111.432349723161, 32.2555441580366], 
            [-111.321328416573, 32.3142878740862], 
            [-111.112919525616, 32.6447347666962], 
            [-111.044598029775, 32.6704913500958], 
            [-110.74234488331, 32.5912880574979], 
            [-110.5313639313, 32.5410339415632], 
            [-110.021439337955, 32.5138114632285], 
            [-109.999208096976, 33.3424018303802], 
            [-110.07755703363, 33.3573575560065]
          ], 
          [
            [-114.74401322563, 31.6730802484548], 
            [-114.76393320895, 31.6550128685491], 
            [-114.736315028915, 31.6468919904731], 
            [-114.74401322563, 31.6730802484548]
          ], 
          [
            [-106.296528362094, 30.7916637043166], 
            [-106.285916361951, 30.8260537793585], 
            [-106.082094013428, 30.8472957660868], 
            [-106.0608520267, 30.8710648477646], 
            [-105.947051814989, 30.8923068344929], 
            [-105.925818821481, 30.9160759161707], 
            [-105.857029678177, 30.937317902899], 
            [-105.835787691449, 30.9610959777972], 
            [-105.812018609771, 30.982328971305], 
            [-105.790776623043, 31.0061070462033], 
            [-105.721996472959, 31.0273400397111], 
            [-105.70075448623, 31.0511181146094], 
            [-105.676985404553, 31.0723601013377], 
            [-105.655743417824, 31.0961291830155], 
            [-105.631974336147, 31.1173711697437], 
            [-105.610732349418, 31.1411402514215], 
            [-105.58695427452, 31.1623822381499], 
            [-105.565721281012, 31.2311623882337], 
            [-105.541943206114, 31.252404374962], 
            [-105.520710212606, 31.2761734566398], 
            [-105.496932137708, 31.2974154433681], 
            [-105.47569015098, 31.3662045866724], 
            [-105.451921069302, 31.3874375801803], 
            [-105.430679082574, 31.5012377918907], 
            [-105.406910000896, 31.522479778619], 
            [-105.385668014167, 31.9773928424058], 
            [-105.430679082574, 32.0176105243063], 
            [-105.451921069302, 32.1314107360167], 
            [-105.47569015098, 32.152652722745], 
            [-105.496932137708, 32.266443941235], 
            [-105.520710212606, 32.2876859279633], 
            [-105.541943206114, 32.3564660780472], 
            [-105.565721281012, 32.3777080647754], 
            [-105.58695427452, 32.4014771464532], 
            [-105.610732349418, 32.4227191331815], 
            [-105.631974336147, 32.4915082764858], 
            [-105.655743417824, 32.5127412699937], 
            [-105.676985404553, 32.581530413298], 
            [-105.70075448623, 32.6027724000263], 
            [-105.721996472959, 32.6265414817041], 
            [-105.745765554637, 32.6477834684324], 
            [-105.767007541365, 32.7165636185163], 
            [-105.790776623043, 32.7378056052445], 
            [-105.812018609771, 32.7615746869224], 
            [-105.835787691449, 32.7828166736506], 
            [-105.857029678177, 32.851605816955], 
            [-105.880807753075, 32.8728388104628], 
            [-105.902040746583, 32.896616885361], 
            [-105.925818821481, 32.9178588720894], 
            [-105.947051814989, 32.9866390221732], 
            [-105.983411405312, 33.0078810089015], 
            [-106.140900682021, 32.5768629318789], 
            [-106.290134182347, 32.3632199866132], 
            [-106.419699509525, 32.2474592528423], 
            [-106.743788195269, 32.0987113864214], 
            [-107.005472924236, 32.1143056307004], 
            [-107.127501932668, 32.1070301153476], 
            [-107.226184540784, 31.9965843748691], 
            [-107.520011039678, 32.0752840471211], 
            [-107.766946887089, 32.2094718896161], 
            [-108.001445110603, 32.3911978954666], 
            [-108.12415760379, 32.469241062625], 
            [-108.267788327769, 32.5127412699937], 
            [-108.265108348072, 32.4677931541308], 
            [-108.369654535928, 32.3743895664254], 
            [-108.471268933914, 32.2146160117197], 
            [-108.514013710764, 32.1764218044228], 
            [-108.535255697492, 32.0626215927124], 
            [-108.55902477917, 31.996368537578], 
            [-108.585240016813, 31.8837194580866], 
            [-108.512745666679, 31.8613353323598], 
            [-108.491512673171, 31.837566250682], 
            [-108.377712461461, 31.8163242639537], 
            [-108.356470474733, 31.7925551822759], 
            [-108.242679256243, 31.7713131955476], 
            [-108.221437269514, 31.7475351206494], 
            [-108.107637057804, 31.7263021271415], 
            [-108.086395071076, 31.7025240522433], 
            [-107.972603852586, 31.6812910587354], 
            [-107.951361865857, 31.6575129838372], 
            [-107.882581715773, 31.6362709971089], 
            [-107.861339729045, 31.6125019154311], 
            [-107.837570647367, 31.5912599287028], 
            [-107.816328660639, 31.5674908470251], 
            [-107.747539517335, 31.5462488602968], 
            [-107.726306523827, 31.522479778619], 
            [-107.702528448929, 31.5012377918907], 
            [-107.6812864622, 31.4774687102129], 
            [-107.657517380523, 31.4562267234846], 
            [-107.636275393794, 31.4324576418068], 
            [-107.612506312117, 31.4112156550785], 
            [-107.591264325388, 31.3874375801803], 
            [-107.56749524371, 31.3662045866724], 
            [-107.546253256982, 31.3424265117742], 
            [-107.477473106898, 31.3211935182663], 
            [-107.45623112017, 31.2974154433681], 
            [-107.432453045272, 31.2761734566398], 
            [-107.411220051764, 31.252404374962], 
            [-107.387441976866, 31.2311623882337], 
            [-107.366208983358, 31.2073933065559], 
            [-107.34243090846, 31.1861513198276], 
            [-107.321188921731, 31.1623822381499], 
            [-107.297419840054, 31.1411402514215], 
            [-107.276177853325, 31.1173711697437], 
            [-107.207397703241, 31.0961291830155], 
            [-107.186155716513, 31.0723601013377], 
            [-107.162386634835, 31.0511181146094], 
            [-107.141144648107, 31.0273400397111], 
            [-107.072355504803, 31.0061070462033], 
            [-107.051122511295, 30.982328971305], 
            [-106.98233336799, 30.9610959777972], 
            [-106.961091381262, 30.937317902899], 
            [-106.892311231178, 30.9160759161707], 
            [-106.87106924445, 30.8923068344929], 
            [-106.75727802596, 30.8710648477646], 
            [-106.736036039232, 30.8472957660868], 
            [-106.442191553897, 30.8260537793585], 
            [-106.420949567169, 30.8022846976808], 
            [-106.296528362094, 30.7916637043166]
          ], 
          [
            [-102.875606224248, 28.4960452562837], 
            [-102.875606224248, 28.5410563246897], 
            [-102.74057301903, 28.5410563246897], 
            [-102.74057301903, 28.5860673930958], 
            [-102.650550882217, 28.5860673930958], 
            [-102.650550882217, 28.6310784615019], 
            [-102.560519752185, 28.6310784615019], 
            [-102.560519752185, 28.676089529908], 
            [-102.515508683779, 28.676089529908], 
            [-102.515508683779, 28.721100598314], 
            [-102.470497615373, 28.721100598314], 
            [-102.470497615373, 28.7661116667201], 
            [-102.425486546967, 28.7661116667201], 
            [-102.425486546967, 28.8111317283467], 
            [-102.38047547856, 28.8111317283467], 
            [-102.38047547856, 28.8561427967527], 
            [-102.335464410154, 28.8561427967527], 
            [-102.335464410154, 28.9461649335649], 
            [-102.290453341748, 28.9461649335649], 
            [-102.290453341748, 29.0361870703771], 
            [-102.245442273342, 29.0361870703771], 
            [-102.245442273342, 29.1712292688158], 
            [-102.200422211716, 29.1712292688158], 
            [-102.200422211716, 29.4412956792523], 
            [-102.245442273342, 29.4412956792523], 
            [-102.245442273342, 29.621348946097], 
            [-102.290453341748, 29.621348946097], 
            [-102.290453341748, 29.7113710829092], 
            [-102.335464410154, 29.7113710829092], 
            [-102.335464410154, 29.8013932197214], 
            [-102.38047547856, 29.8013932197214], 
            [-102.38047547856, 29.891424349754], 
            [-102.425486546967, 29.891424349754], 
            [-102.425486546967, 29.9364354181601], 
            [-102.470497615373, 29.9364354181601], 
            [-102.470497615373, 29.9814464865662], 
            [-102.515508683779, 29.9814464865662], 
            [-102.515508683779, 30.0264575549722], 
            [-102.560519752185, 30.0264575549722], 
            [-102.560519752185, 30.0714686233783], 
            [-102.605530820591, 30.0714686233783], 
            [-102.605530820591, 30.1164796917844], 
            [-102.650550882217, 30.1164796917844], 
            [-102.650550882217, 30.1614907601905], 
            [-102.695561950623, 30.1614907601905], 
            [-102.695561950623, 30.2065018285966], 
            [-102.785584087436, 30.2065018285966], 
            [-102.785584087436, 30.2515128970027], 
            [-102.920617292654, 30.2515128970027], 
            [-102.920617292654, 30.2965329586292], 
            [-103.190692696311, 30.2965329586292], 
            [-103.190692696311, 30.2515128970027], 
            [-103.370745963156, 30.2515128970027], 
            [-103.370745963156, 30.2065018285966], 
            [-103.460768099968, 30.2065018285966], 
            [-103.460768099968, 30.1614907601905], 
            [-103.55079023678, 30.1614907601905], 
            [-103.55079023678, 30.1164796917844], 
            [-103.595801305186, 30.1164796917844], 
            [-103.595801305186, 30.0714686233783], 
            [-103.685823441998, 30.0714686233783], 
            [-103.685823441998, 30.0264575549722], 
            [-103.730843503625, 30.0264575549722], 
            [-103.730843503625, 29.9814464865662], 
            [-103.775854572031, 29.9814464865662], 
            [-103.775854572031, 29.9364354181601], 
            [-103.820865640437, 29.9364354181601], 
            [-103.820865640437, 29.8464042881275], 
            [-103.865876708843, 29.8464042881275], 
            [-103.865876708843, 29.8013932197214], 
            [-103.910887777249, 29.8013932197214], 
            [-103.910887777249, 29.7113710829092], 
            [-103.955898845655, 29.7113710829092], 
            [-103.955898845655, 29.576337877691], 
            [-104.000909914061, 29.576337877691], 
            [-104.000909914061, 29.1262092071892], 
            [-103.955898845655, 29.1262092071892], 
            [-103.955898845655, 28.991176001971], 
            [-103.910887777249, 28.991176001971], 
            [-103.910887777249, 28.9011538651589], 
            [-103.865876708843, 28.9011538651589], 
            [-103.865876708843, 28.8561427967527], 
            [-103.820865640437, 28.8561427967527], 
            [-103.820865640437, 28.7661116667201], 
            [-103.775854572031, 28.7661116667201], 
            [-103.775854572031, 28.721100598314], 
            [-103.730843503625, 28.721100598314], 
            [-103.730843503625, 28.676089529908], 
            [-103.640812373592, 28.676089529908], 
            [-103.640812373592, 28.6310784615019], 
            [-103.595801305186, 28.6310784615019], 
            [-103.595801305186, 28.5860673930958], 
            [-103.505779168374, 28.5860673930958], 
            [-103.505779168374, 28.5410563246897], 
            [-103.370745963156, 28.5410563246897], 
            [-103.370745963156, 28.4960452562837], 
            [-102.875606224248, 28.4960452562837]
          ]
        ]
      }, 
      "properties" : {
        "OBJECTID" : 158, 
        "Id" : 158, 
        "gridcode" : 1, 
        "Unixtime" : 1785913200, 
        "Timestamp" : 1785913200000, 
        "Shape__Area" : 1290219555575.0469, 
        "Shape__Length" : 15711629.932468025
      }
    }, 
    {
      "type" : "Feature", 
      "id" : 159, 
      "geometry" : 
      {
        "type" : "Polygon", 
        "coordinates" : 
        [
          [
            [-79.2217187073524, 25.4577216964991], 
            [-79.2830614641152, 25.4748088153746], 
            [-79.3440534852801, 25.6299328751022], 
            [-79.3174515391571, 25.7798858330648], 
            [-79.2170242462719, 25.7947336400455], 
            [-79.2073385478357, 25.7291640696662], 
            [-79.2315213176547, 25.670078611239], 
            [-79.2990334236535, 25.6424514379835], 
            [-79.2794282030491, 25.6025665052401], 
            [-79.2315213176547, 25.5379412230091], 
            [-79.2217187073524, 25.4577216964991]
          ]
        ]
      }, 
      "properties" : {
        "OBJECTID" : 159, 
        "Id" : 159, 
        "gridcode" : 1, 
        "Unixtime" : 1785913200, 
        "Timestamp" : 1785913200000, 
        "Shape__Area" : 358584500.02734375, 
        "Shape__Length" : 106689.16478940351
      }
    }, 
    {
      "type" : "Feature", 
      "id" : 161, 
      "geometry" : 
      {
        "type" : "Polygon", 
        "coordinates" : 
        [
          [
            [-100.715020981433, 27.6408079769067], 
            [-100.670009913027, 27.6408079769067], 
            [-100.670009913027, 27.5957969085006], 
            [-100.624998844621, 27.5957969085006], 
            [-100.624998844621, 27.5507858400945], 
            [-100.579987776215, 27.5507858400945], 
            [-100.579987776215, 27.5057747716884], 
            [-100.534976707809, 27.5057747716884], 
            [-100.534976707809, 27.4157526348763], 
            [-100.489965639403, 27.4157526348763], 
            [-100.489965639403, 27.3707415664702], 
            [-100.444954570997, 27.3707415664702], 
            [-100.444954570997, 27.2807104364376], 
            [-100.399943502591, 27.2807104364376], 
            [-100.399943502591, 27.2356993680315], 
            [-100.354923440964, 27.2356993680315], 
            [-100.354923440964, 27.1906882996254], 
            [-100.309912372558, 27.1906882996254], 
            [-100.309912372558, 27.1006661628132], 
            [-100.264901304152, 27.1006661628132], 
            [-100.264901304152, 27.0556550944071], 
            [-100.219890235746, 27.0556550944071], 
            [-100.219890235746, 27.0106440260011], 
            [-100.17487916734, 27.0106440260011], 
            [-100.17487916734, 26.965632957595], 
            [-100.129868098934, 26.965632957595], 
            [-100.129868098934, 26.9206128959685], 
            [-100.084857030527, 26.9206128959685], 
            [-100.084857030527, 26.8756018275624], 
            [-99.9948259004948, 26.8756018275624], 
            [-99.9948259004948, 26.8305907591563], 
            [-99.9498148320887, 26.8305907591563], 
            [-99.9498148320887, 26.7855796907502], 
            [-99.9048037636827, 26.7855796907502], 
            [-99.9048037636827, 26.7405686223441], 
            [-99.8147816268705, 26.7405686223441], 
            [-99.8147816268705, 26.695557553938], 
            [-99.7247594900584, 26.695557553938], 
            [-99.7247594900584, 26.6505464855319], 
            [-99.6797484216523, 26.6505464855319], 
            [-99.6797484216523, 26.6055354171259], 
            [-99.5897172916197, 26.6055354171259], 
            [-99.5897172916197, 26.5605153554993], 
            [-99.5447062232136, 26.5605153554993], 
            [-99.5447062232136, 26.5155042870933], 
            [-99.4996951548075, 26.5155042870933], 
            [-99.4996951548075, 26.4704932186872], 
            [-99.4546840864014, 26.4704932186872], 
            [-99.4546840864014, 26.4254821502811], 
            [-99.4096730179953, 26.4254821502811], 
            [-99.4096730179953, 26.380471081875], 
            [-99.3646619495892, 26.380471081875], 
            [-99.3646619495892, 26.3354600134689], 
            [-99.3196508811832, 26.3354600134689], 
            [-99.3196508811832, 26.2454378766567], 
            [-99.2746308195566, 26.2454378766567], 
            [-99.2746308195566, 26.1554067466241], 
            [-99.2296197511506, 26.1554067466241], 
            [-99.2296197511506, 26.065384609812], 
            [-99.1846086827445, 26.065384609812], 
            [-99.1846086827445, 25.9753624729998], 
            [-99.1395976143384, 25.9753624729998], 
            [-99.1395976143384, 25.9303514045937], 
            [-99.0945865459323, 25.9303514045937], 
            [-99.0945865459323, 25.8403292677815], 
            [-99.0495754775262, 25.8403292677815], 
            [-99.0495754775262, 25.795309206155], 
            [-99.0045644091201, 25.795309206155], 
            [-99.0045644091201, 25.7502981377489], 
            [-98.959553340714, 25.7502981377489], 
            [-98.959553340714, 25.6602760009368], 
            [-98.9145332790875, 25.6602760009368], 
            [-98.9145332790875, 25.6152649325307], 
            [-98.8245111422754, 25.6152649325307], 
            [-98.8245111422754, 25.5702538641246], 
            [-98.7795000738693, 25.5702538641246], 
            [-98.7795000738693, 25.5252427957186], 
            [-98.7344890054632, 25.5252427957186], 
            [-98.7344890054632, 25.4802317273124], 
            [-98.644466868651, 25.4802317273124], 
            [-98.644466868651, 25.4352116656859], 
            [-98.5544447318388, 25.4352116656859], 
            [-98.5544447318388, 25.3902005972798], 
            [-98.4194025334002, 25.3902005972798], 
            [-98.4194025334002, 25.3451895288737], 
            [-98.1943471913697, 25.3451895288737], 
            [-98.1943471913697, 25.3001784604676], 
            [-97.9242717877128, 25.3001784604676], 
            [-97.9242717877128, 25.2551673920616], 
            [-97.5191631788376, 25.2551673920616], 
            [-97.5191631788376, 25.2101563236555], 
            [-97.4066310112121, 25.2101563236555], 
            [-97.4460842693735, 25.1314746378443], 
            [-97.5115998804301, 25.1125708884358], 
            [-97.5267174840246, 25.0826774236243], 
            [-97.6916441540544, 25.0675598200298], 
            [-97.7144149882611, 25.0225487516237], 
            [-98.3218170981805, 25.0376663552182], 
            [-98.3369436949955, 25.0675598200298], 
            [-98.5018703650253, 25.0826774236243], 
            [-98.5169879686198, 25.1125708884358], 
            [-98.6369035702435, 25.1276884920304], 
            [-98.652021173838, 25.1575819568419], 
            [-98.7719367754618, 25.1726995604365], 
            [-98.7870633722767, 25.202593025248], 
            [-98.8619679054944, 25.217719622063], 
            [-98.8770855090889, 25.2476040936541], 
            [-98.9069789739005, 25.2627306904691], 
            [-98.922096577495, 25.2926151620601], 
            [-98.9970011107126, 25.3077417588751], 
            [-99.0121187143072, 25.3376262304662], 
            [-99.0420121791187, 25.3527528272812], 
            [-99.0571387759337, 25.3826462920928], 
            [-99.0870232475248, 25.3977638956873], 
            [-99.1021498443398, 25.4276573604989], 
            [-99.1770543775574, 25.4427749640934], 
            [-99.192171981152, 25.472668428905], 
            [-99.2220654459635, 25.4877860324995], 
            [-99.237183049558, 25.517679497311], 
            [-99.2670765143696, 25.5327971009056], 
            [-99.2821941179641, 25.5626905657171], 
            [-99.3120875827757, 25.5778171625321], 
            [-99.3272051863702, 25.6077016341232], 
            [-99.3570986511817, 25.6228282309382], 
            [-99.3722162547763, 25.6527127025293], 
            [-99.4021097195878, 25.6678392993443], 
            [-99.4172363164028, 25.6977237709353], 
            [-99.4471207879939, 25.7128503677504], 
            [-99.4622473848089, 25.787754900968], 
            [-99.4921318564, 25.8028725045625], 
            [-99.507258453215, 25.8327659693741], 
            [-99.5371429248061, 25.8478835729686], 
            [-99.552269521621, 25.8777770377802], 
            [-99.5821629864326, 25.8928946413746], 
            [-99.5972805900271, 25.9227881061862], 
            [-99.6271740548387, 25.9379057097808], 
            [-99.6422916584332, 25.9677991745923], 
            [-99.6721851232448, 25.9829257714073], 
            [-99.6873027268393, 26.0128102429984], 
            [-99.7171961916509, 26.0279368398134], 
            [-99.7323137952454, 26.0578213114045], 
            [-99.7622072600569, 26.0729479082195], 
            [-99.777333856872, 26.102841373031], 
            [-99.807218328463, 26.1179589766256], 
            [-99.822344925278, 26.1478524414371], 
            [-99.8522293968691, 26.1629700450316], 
            [-99.8673559936841, 26.1928635098432], 
            [-99.8972404652752, 26.2079811134377], 
            [-99.9123670620902, 26.2378745782493], 
            [-99.9422605269017, 26.2529921818438], 
            [-99.9573781304963, 26.2828856466554], 
            [-99.9872715953078, 26.2980032502499], 
            [-100.002389198902, 26.3278967150615], 
            [-100.032282663714, 26.3430233118764], 
            [-100.047400267308, 26.3729077834675], 
            [-100.07729373212, 26.3880343802825], 
            [-100.092411335715, 26.4179188518736], 
            [-100.122304800526, 26.4330454486886], 
            [-100.137422404121, 26.4629389135001], 
            [-100.167315868932, 26.4780565170947], 
            [-100.182442465747, 26.5079499819062], 
            [-100.212326937338, 26.5230675855008], 
            [-100.227453534153, 26.5529610503123], 
            [-100.257338005744, 26.5680786539068], 
            [-100.272464602559, 26.5979721187184], 
            [-100.302358067371, 26.6130897223129], 
            [-100.317475670965, 26.6429831871244], 
            [-100.347369135777, 26.658100790719], 
            [-100.362486739371, 26.7330053239366], 
            [-100.392380204183, 26.7481319207516], 
            [-100.407497807778, 26.7780163923427], 
            [-100.437391272589, 26.7931429891577], 
            [-100.452508876184, 26.8230364539693], 
            [-100.482402340995, 26.8381540575638], 
            [-100.49751994459, 26.9130585907814], 
            [-100.527413409401, 26.928176194376], 
            [-100.542540006216, 27.0030807275936], 
            [-100.572424477807, 27.0181983311881], 
            [-100.587551074622, 27.0931028644058], 
            [-100.617435546213, 27.1082294612207], 
            [-100.632562143028, 27.2281450628445], 
            [-100.66245560784, 27.243262666439], 
            [-100.677573211434, 27.4532004048748], 
            [-100.707466676246, 27.4683270016898], 
            [-100.715020981433, 27.6408079769067]
          ]
        ]
      }, 
      "properties" : {
        "OBJECTID" : 161, 
        "Id" : 161, 
        "gridcode" : 1, 
        "Unixtime" : 1785913200, 
        "Timestamp" : 1785913200000, 
        "Shape__Area" : 18939172985.53125, 
        "Shape__Length" : 1254211.6912598996
      }
    }, 
    {
      "type" : "Feature", 
      "id" : 162, 
      "geometry" : 
      {
        "type" : "Polygon", 
        "coordinates" : 
        [
          [
            [-80.7521310060411, 24.8950698515924], 
            [-80.8554451226942, 24.905834736484], 
            [-80.851596024337, 24.9704690119354], 
            [-80.8752751738102, 24.9969810258538], 
            [-80.9215542863012, 25.018223012582], 
            [-80.9653063038428, 25.0870031626659], 
            [-81.1641014421278, 25.1179848071532], 
            [-81.2021787375587, 25.2601586294173], 
            [-81.1638856048367, 25.3668901698455], 
            [-81.1966838798571, 25.4383682860676], 
            [-81.3176157153929, 25.6460846990497], 
            [-81.3716829568029, 25.6708969943009], 
            [-81.4263617372043, 25.7568811751262], 
            [-81.4842061312079, 25.7834291619263], 
            [-81.6316319942211, 25.8635407697907], 
            [-81.6819670491399, 25.8071982436041], 
            [-81.7681400875949, 25.9129675094431], 
            [-81.798024559186, 26.0097525480417], 
            [-81.8336826783129, 26.1091366273536], 
            [-81.8810319840388, 26.3627994036696], 
            [-81.9592100495041, 26.4174062383073], 
            [-82.1518808046554, 26.4059218957789], 
            [-82.2139340258346, 26.4947569274903], 
            [-82.2731903554505, 26.6598994348112], 
            [-82.3227519934097, 26.8203924471538], 
            [-82.4222799642489, 26.9628900253545], 
            [-82.5749488747907, 27.2468689478437], 
            [-82.7868111624052, 27.5378266094106], 
            [-82.7902735522825, 27.5957969085006], 
            [-82.7825843487886, 27.724822642451], 
            [-82.8847653196637, 27.8711153596862], 
            [-82.8556992311346, 28.0346660669855], 
            [-82.8904130621131, 28.230016801834], 
            [-82.8344482511858, 28.2604318734323], 
            [-82.7859388200205, 28.2575360564439], 
            [-82.700224435809, 28.4964319647634], 
            [-82.6936683780931, 28.6064010645576], 
            [-82.7207739445618, 28.6654685365438], 
            [-82.7653083722835, 28.7474147613822], 
            [-82.7693103553885, 28.8145941182241], 
            [-82.742969212659, 28.9129439771829], 
            [-82.812064125459, 28.9342758961158], 
            [-82.8492870649461, 29.1336825733922], 
            [-82.9642024359936, 29.1405354073832], 
            [-82.9921173923037, 29.1155972070455], 
            [-83.0524439151545, 29.0480761078262], 
            [-83.1072755803037, 29.0940224711602], 
            [-83.1023383022708, 29.1768140587219], 
            [-83.1329692111601, 29.2435527477612], 
            [-83.2100950698315, 29.2789500634947], 
            [-83.2421469075537, 29.3487824203725], 
            [-83.3190839085955, 29.4175265975745], 
            [-83.3509468886879, 29.4531847167014], 
            [-83.4176855777272, 29.4838156255908], 
            [-83.4409690255001, 29.6332289903257], 
            [-83.5931253224756, 29.7300050357039], 
            [-83.6372010959537, 29.826016657343], 
            [-83.7207031479319, 29.9194831975916], 
            [-83.8012464303784, 29.9483874081524], 
            [-83.846149580139, 29.9457074284551], 
            [-83.8796493263553, 29.983200164556], 
            [-84.0415902471921, 30.0711988267645], 
            [-84.294488599769, 30.0317905347055], 
            [-84.3241122679667, 29.8730781800141], 
            [-84.5433759760204, 29.8861453293435], 
            [-84.5450756946875, 29.8576638001443], 
            [-84.5415773319283, 29.7990010230789], 
            [-84.6575628962106, 29.7457611579512], 
            [-84.7624148535626, 29.6645164043087], 
            [-84.9969850228405, 29.5669489555299], 
            [-85.0603242745456, 29.5631718029364], 
            [-85.1064235226274, 29.5882179219196], 
            [-85.1527026351184, 29.6094599086479], 
            [-85.2318789480549, 29.6524834753322], 
            [-85.2871063149044, 29.6557749940208], 
            [-85.3966707197778, 29.6492459159663], 
            [-85.4433275475282, 29.7792788906084], 
            [-85.4464931611304, 29.8324018438701], 
            [-85.4205477201011, 29.904716329595], 
            [-85.5128001755876, 29.9470564115243], 
            [-85.6015542683148, 30.0158365616081], 
            [-85.7153544800252, 30.0820896167425], 
            [-85.9246177269265, 30.2114570930705], 
            [-86.2363946938599, 30.3233237623818], 
            [-86.5739102577521, 30.3746660579923], 
            [-86.8406581698386, 30.3534240712639], 
            [-87.1319665670034, 30.3071539519934], 
            [-87.335788915526, 30.2859119652651], 
            [-87.7171284427234, 30.2171228219607], 
            [-87.7290174801725, 30.2065018285966], 
            [-87.7181896427378, 30.2406940527884], 
            [-87.6948252559807, 30.2848507652507], 
            [-87.6373585772365, 30.4066099770688], 
            [-87.6056574751123, 30.8033458976951], 
            [-87.5822930883553, 30.9150147161563], 
            [-87.5606464067063, 31.133244203857], 
            [-87.6307395669774, 31.3038905620999], 
            [-87.8395171799738, 31.4024202854679], 
            [-88.3095478473552, 31.4346250079378], 
            [-88.3944798213866, 31.4795641305802], 
            [-88.9839494497073, 32.0472251992836], 
            [-89.1240818109268, 32.2855815143754], 
            [-89.1802264862633, 32.7177956897194], 
            [-89.1222202142914, 33.497939578249], 
            [-89.1810898354275, 33.5257196362523], 
            [-89.2139420697707, 33.6978139029893], 
            [-89.271138951901, 33.7508109511646], 
            [-89.2675776365986, 33.8408420811972], 
            [-89.3225531932752, 33.8917796818869], 
            [-89.4928757955814, 33.8850257733209], 
            [-89.7112491748095, 33.7513145715104], 
            [-90.012953734827, 33.4807085678462], 
            [-90.1400729060397, 33.3807489224249], 
            [-90.3729163769892, 33.2438541205713], 
            [-90.6685505131956, 33.1349282343506], 
            [-90.9439678898062, 33.0989643457281], 
            [-91.1321510279475, 33.1482741735144], 
            [-91.2847120198438, 33.2652669784883], 
            [-91.3613702310512, 33.3479956135068], 
            [-91.4798199377399, 33.5094958665411], 
            [-91.5412796063687, 33.7036145301865], 
            [-91.468794249455, 33.9802549847798], 
            [-91.3200823559159, 34.2366427068955], 
            [-91.1120511802177, 34.4293944010309], 
            [-90.9475381983291, 34.4814831339395], 
            [-90.5854351696973, 34.4471919843227], 
            [-90.4859521649604, 34.4511310148845], 
            [-90.3288945628337, 34.7419088120421], 
            [-90.2736132366615, 34.8222542436385], 
            [-90.1548847401386, 34.9322593163145], 
            [-90.0039605143662, 35.0034856223636], 
            [-89.6897014185855, 34.8618783729886], 
            [-89.3356743019274, 34.5376907618193], 
            [-89.290186592837, 34.5394894059114], 
            [-89.2276207580915, 34.6070105051308], 
            [-89.1810898354275, 34.7734750158594], 
            [-89.2382057785738, 35.0465001958274], 
            [-89.3217617898746, 35.2499178494293], 
            [-89.4571007645886, 35.4709532219138], 
            [-89.7695252433952, 35.6912061842181], 
            [-90.0495921149841, 35.9476748453179], 
            [-90.3277164509534, 36.2759993378992], 
            [-90.4547366967411, 36.449181784312], 
            [-90.5527088404406, 36.6567812854281], 
            [-90.4630734121082, 36.6990853944754], 
            [-90.3964156620531, 36.7449508188253], 
            [-90.32804020689, 36.7891075312876], 
            [-90.2377212938026, 36.8583643220559], 
            [-90.1930609609945, 36.8565926576251], 
            [-90.1488502892094, 36.8799840240435], 
            [-90.1000440817689, 36.903024654864], 
            [-90.0588191591768, 36.9475051232629], 
            [-89.8890271568777, 37.0720432402035], 
            [-89.7115999104075, 37.2259352287279], 
            [-89.5861984443027, 37.4201348313575], 
            [-89.5107992839597, 37.4440028384603], 
            [-89.2885138538312, 37.6839059874714], 
            [-89.1003397089104, 37.7343579542563], 
            [-88.7984822641451, 37.6893468858502], 
            [-88.6214776990365, 37.6677002042011], 
            [-88.2149931274308, 37.7432792289533], 
            [-87.9234419133136, 37.616052139095], 
            [-87.7239363106122, 37.5685319621804], 
            [-87.4862634802753, 37.5779478640028], 
            [-87.3953869875194, 37.6760369195683], 
            [-87.2579795720995, 37.9671834387648], 
            [-87.2230588970504, 38.1244029188597], 
            [-87.3123795626666, 38.2932146601286], 
            [-87.481982707336, 38.5143759376995], 
            [-87.9563571002, 38.7676789851971], 
            [-88.0830266103897, 38.8648147593937], 
            [-88.1744696760347, 39.0064220087688], 
            [-88.1449179536006, 39.0622789010505], 
            [-88.1471572654954, 39.1189182035124], 
            [-88.1444862790185, 39.1864303095112], 
            [-88.1466266654882, 39.2403716458348], 
            [-88.4259291133379, 39.5482275686475], 
            [-88.5175250637306, 39.6900686417545], 
            [-88.6290769703259, 39.9445408079121], 
            [-88.6850957405759, 40.1938418723046], 
            [-88.5465641725984, 40.3951641055391], 
            [-88.3838858076838, 40.5002139137412], 
            [-88.2983333014407, 40.4549420419418], 
            [-88.331131576461, 40.2981902093108], 
            [-88.3247823628157, 40.1380119596843], 
            [-88.2748340163767, 40.0436191177281], 
            [-88.1835438354796, 39.9590288860743], 
            [-88.0475033895697, 39.9159603532877], 
            [-87.9490905780677, 39.9198634109677], 
            [-87.8433303054492, 39.9926365509361], 
            [-87.7857107419571, 40.1524280920829], 
            [-87.8627106955421, 40.5204846326598], 
            [-87.7848473927929, 40.5926372404164], 
            [-87.7415540294948, 40.6393660139305], 
            [-87.6687988759673, 40.7067702012839], 
            [-87.6060711632535, 40.7042880724367], 
            [-87.3255636238621, 40.8973095631859], 
            [-87.0196412434486, 41.0652579552905], 
            [-86.9189261675086, 41.1345687053815], 
            [-86.8629613565813, 41.2327207134902], 
            [-86.9819686429385, 41.4576321639932], 
            [-87.0733487560402, 41.7462425950198], 
            [-87.0640497660838, 41.9807947778568], 
            [-86.9418498864631, 42.1583749090749], 
            [-86.8845091128052, 42.211506855557], 
            [-86.8865505738498, 42.2628941172697], 
            [-86.7945859014181, 42.3481048811354], 
            [-86.7727683485804, 42.9614155368976], 
            [-86.7270378225374, 43.1359289799386], 
            [-86.7284137852679, 43.170777709224], 
            [-86.5522905557645, 43.4267247635371], 
            [-86.6153959837376, 43.5184286325754], 
            [-86.6370426653866, 43.5642940569253], 
            [-86.7966273624627, 43.7531426933806], 
            [-86.8942937366666, 44.0181998800205], 
            [-86.9296191066364, 44.296854815997], 
            [-86.8767479635476, 44.6514485055442], 
            [-86.7636312365922, 44.9106421124436], 
            [-86.6041094920594, 45.1066583456063], 
            [-86.4261606388024, 45.2112764792262], 
            [-86.2436432295514, 45.2690579206866], 
            [-85.7253459479571, 45.2983218600659], 
            [-85.5413266708891, 45.3465435081765], 
            [-85.3085461524829, 45.4421594281152], 
            [-85.0941747563598, 45.5100312629325], 
            [-84.803684742257, 45.4985109475223], 
            [-84.2838406267435, 45.3802860713452], 
            [-84.001381558512, 45.3422717284576], 
            [-83.9596710020151, 45.3872827968636], 
            [-83.936306615258, 45.4089384717332], 
            [-83.914659933609, 45.4773139268963], 
            [-83.8912955468519, 45.4989606085453], 
            [-83.8696488652029, 45.5223249953024], 
            [-83.8462844784459, 45.5439716769514], 
            [-83.8246377967968, 45.5673360637085], 
            [-83.8012734100398, 45.5889827453575], 
            [-83.7796267283907, 45.6123471321146], 
            [-83.7562623416337, 45.6339938137636], 
            [-83.7346156599847, 45.6573582005206], 
            [-83.7112512732276, 45.6790048821696], 
            [-83.6896045915786, 45.7473803373328], 
            [-83.6662402048215, 45.7690360122023], 
            [-83.6445935231725, 45.7924003989593], 
            [-83.6212291364155, 45.8140470806084], 
            [-83.599573461546, 45.8374114673654], 
            [-83.5762090747889, 45.8590581490145], 
            [-83.5545623931399, 45.9274336041776], 
            [-83.5311980063828, 45.9490802858266], 
            [-83.5095513247338, 46.0174557409898], 
            [-83.4861869379768, 46.0391024226388], 
            [-83.4645402563277, 46.1074778778019], 
            [-83.4411758695707, 46.1291335526714], 
            [-83.4195291879216, 46.2875311446467], 
            [-83.3961648011646, 46.3091778262958], 
            [-83.3745181195155, 46.6275738034883], 
            [-83.4195291879216, 46.6692753667648], 
            [-83.4411758695707, 46.782661890334], 
            [-83.4645402563277, 46.8043085719831], 
            [-83.4861869379768, 46.8726840271462], 
            [-83.5095513247338, 46.8943397020157], 
            [-83.5311980063828, 46.9627151571788], 
            [-83.5545623931399, 46.9843618388279], 
            [-83.5762090747889, 47.0077262255849], 
            [-83.599573461546, 47.0293729072339], 
            [-83.6212291364155, 47.052737293991], 
            [-83.6445935231725, 47.07438397564], 
            [-83.6662402048215, 47.0977483623971], 
            [-83.6896045915786, 47.1193950440461], 
            [-83.7112512732276, 47.1427594308032], 
            [-83.7346156599847, 47.1644061124522], 
            [-83.7562623416337, 47.1877704992093], 
            [-83.7796267283907, 47.2094261740788], 
            [-83.8012734100398, 47.2327815676154], 
            [-83.8696488652029, 47.2544372424848], 
            [-83.8912955468519, 47.2778016292419], 
            [-83.9596710020151, 47.2994483108909], 
            [-83.9813266768846, 47.322812697648], 
            [-84.1397242688599, 47.344459379297], 
            [-84.1613709505089, 47.367823766054], 
            [-84.5247779961076, 47.3894704477031], 
            [-84.5664795593841, 47.344459379297], 
            [-84.7248771513594, 47.322812697648], 
            [-84.7465328262289, 47.2994483108909], 
            [-84.8599193497981, 47.2778016292419], 
            [-84.8815660314471, 47.2544372424848], 
            [-84.9949525550164, 47.2327815676154], 
            [-85.0165992366654, 47.2094261740788], 
            [-85.1750058218611, 47.1877704992093], 
            [-85.1966525035102, 47.1644061124522], 
            [-85.3208668645141, 47.1535872682379], 
            [-85.3104437220001, 47.1881841873504], 
            [-85.2862699454016, 47.2090124859375], 
            [-85.265432653594, 47.2331952557565], 
            [-85.2412588769955, 47.2540235543436], 
            [-85.2204215851879, 47.2782063241626], 
            [-85.1962478085894, 47.2990346227497], 
            [-85.1754105167819, 47.3232173925687], 
            [-85.1512277469629, 47.3440546843763], 
            [-85.1303994483758, 47.3682284609748], 
            [-85.1062166785568, 47.3890657527824], 
            [-85.0853883799697, 47.4132395293809], 
            [-85.0612056101508, 47.4340768211884], 
            [-85.0403773115637, 47.458250597787], 
            [-84.9711834733386, 47.4790878895945], 
            [-84.950346181531, 47.5032706594135], 
            [-84.8811613365264, 47.5240989580006], 
            [-84.8603240447188, 47.5482817278196], 
            [-84.7911302064938, 47.5691100264067], 
            [-84.7703019079067, 47.5932927962256], 
            [-84.7011080696816, 47.6141210948127], 
            [-84.6802797710945, 47.6383038646317], 
            [-84.5660748644634, 47.6591321632188], 
            [-84.5452375726558, 47.6833149330378], 
            [-84.3860215976186, 47.7041432316249], 
            [-84.3651932990315, 47.7283260014439], 
            [-83.8638302515648, 47.7491632932515], 
            [-83.8250424917176, 47.7041432316249], 
            [-83.6208154482742, 47.6833149330378], 
            [-83.5999871496871, 47.6591321632188], 
            [-83.5307933114621, 47.6383038646317], 
            [-83.509965012875, 47.6141210948127], 
            [-83.3957601062439, 47.5932927962256], 
            [-83.3749228144363, 47.5691100264067], 
            [-83.3507490378378, 47.5482817278196], 
            [-83.3299117460302, 47.5240989580006], 
            [-83.2607179078051, 47.5032706594135], 
            [-83.239889609218, 47.4790878895945], 
            [-83.215706839399, 47.458250597787], 
            [-83.1948785408119, 47.4340768211884], 
            [-83.1256847025869, 47.4132395293809], 
            [-83.1048474107793, 47.3890657527824], 
            [-83.0806736341808, 47.3682284609748], 
            [-83.0598363423732, 47.3440546843763], 
            [-83.0356625657747, 47.3232173925687], 
            [-83.0148252739672, 47.2990346227497], 
            [-82.9906514973687, 47.2782063241626], 
            [-82.9698142055611, 47.2540235543436], 
            [-82.9456314357421, 47.2331952557565], 
            [-82.924803137155, 47.2090124859375], 
            [-82.9006203673361, 47.1881841873504], 
            [-82.8797920687489, 47.1640014175315], 
            [-82.8105982305239, 47.1431731189444], 
            [-82.7897699319367, 47.1189903491254], 
            [-82.6034843633126, 47.0981530573178], 
            [-82.5647055966859, 47.1431731189444], 
            [-82.5405228268669, 47.1640014175315], 
            [-82.5196945282798, 47.1881841873504], 
            [-82.4955117584609, 47.2090124859375], 
            [-82.4746834598737, 47.2331952557565], 
            [-82.4505006900548, 47.2540235543436], 
            [-82.4296723914676, 47.3232173925687], 
            [-82.4054896216487, 47.3440546843763], 
            [-82.3846613230616, 47.4132395293809], 
            [-82.3604785532426, 47.4340768211884], 
            [-82.339641261435, 47.6653644649982], 
            [-82.3846613230616, 47.7041432316249], 
            [-82.4054896216487, 47.77333706985], 
            [-82.4296723914676, 47.7941743616575], 
            [-82.4505006900548, 47.8183481382561], 
            [-82.5196945282798, 47.8391854300637], 
            [-82.5405228268669, 47.8633681998826], 
            [-82.5647055966859, 47.8841964984697], 
            [-82.585533895273, 47.9083792682887], 
            [-82.609716665092, 47.9292075668758], 
            [-82.6305539568995, 47.9533903366948], 
            [-82.654727733498, 47.9742186352819], 
            [-82.6755650253056, 47.9984014051008], 
            [-82.7447498703102, 48.019229703688], 
            [-82.7655871621178, 48.0434124735069], 
            [-82.7897699319367, 48.064240772094], 
            [-82.8105982305239, 48.088423541913], 
            [-82.8347810003428, 48.1092608337206], 
            [-82.85560929893, 48.1334346103191], 
            [-82.8797920687489, 48.1542719021266], 
            [-82.9006203673361, 48.1784456787251], 
            [-82.924803137155, 48.1992829705327], 
            [-82.9456314357421, 48.2684768087578], 
            [-82.9698142055611, 48.2893051073449], 
            [-82.9906514973687, 48.3134878771639], 
            [-83.0148252739672, 48.334316175751], 
            [-83.0356625657747, 48.4035100139761], 
            [-83.0598363423732, 48.4243383125632], 
            [-83.0806736341808, 48.4485210823821], 
            [-83.1048474107793, 48.4693583741897], 
            [-83.1256847025869, 48.5385432191943], 
            [-83.1498674724058, 48.5593805110019], 
            [-83.1706957709929, 48.673585417633], 
            [-83.1948785408119, 48.6944137162201], 
            [-83.215706839399, 48.8086186228513], 
            [-83.239889609218, 48.8294559146588], 
            [-83.2607179078051, 49.4658521673437], 
            [-83.215706839399, 49.5046309339705], 
            [-83.1948785408119, 49.6188358406017], 
            [-83.1706957709929, 49.6396731324092], 
            [-83.1498674724058, 49.7538780390403], 
            [-83.1256847025869, 49.7747063376274], 
            [-83.1048474107793, 49.7988891074464], 
            [-83.0806736341808, 49.8197174060335], 
            [-83.0598363423732, 49.8889112442586], 
            [-83.0356625657747, 49.9097395428457], 
            [-83.0148252739672, 49.9339223126647], 
            [-82.9906514973687, 49.9547596044723], 
            [-82.9698142055611, 50.0239444494769], 
            [-82.9456314357421, 50.0447817412844], 
            [-82.924803137155, 50.0689645111034], 
            [-82.9006203673361, 50.0897928096905], 
            [-82.8797920687489, 50.1139755795095], 
            [-82.8105982305239, 50.1348038780966], 
            [-82.7897699319367, 50.1589866479155], 
            [-82.7655871621178, 50.1798149465027], 
            [-82.7447498703102, 50.2039977163216], 
            [-82.6755650253056, 50.2248260149087], 
            [-82.654727733498, 50.2490087847277], 
            [-82.6305539568995, 50.2698370833148], 
            [-82.609716665092, 50.2940198531338], 
            [-82.4955117584609, 50.3148571449413], 
            [-82.4746834598737, 50.3390309215399], 
            [-82.3604785532426, 50.3598682133475], 
            [-82.339641261435, 50.3840419899459], 
            [-81.8382782139684, 50.4048792817535], 
            [-81.7994994473416, 50.3598682133475], 
            [-81.6852945407104, 50.3390309215399], 
            [-81.6644662421233, 50.3148571449413], 
            [-81.5502613354922, 50.2940198531338], 
            [-81.5294240436846, 50.2698370833148], 
            [-81.5052502670861, 50.2490087847277], 
            [-81.4844129752785, 50.2248260149087], 
            [-81.4152191370535, 50.2039977163216], 
            [-81.3943908384663, 50.1798149465027], 
            [-81.3702080686474, 50.1589866479155], 
            [-81.3493797700603, 50.1348038780966], 
            [-81.2801859318352, 50.1139755795095], 
            [-81.2593486400277, 50.0897928096905], 
            [-81.2351748634292, 50.0689645111034], 
            [-81.2143375716216, 50.0447817412844], 
            [-81.1901637950231, 50.0239444494769], 
            [-81.1693265032155, 49.9997706728783], 
            [-81.145152726617, 49.9789333810708], 
            [-81.1243154348094, 49.9547596044723], 
            [-81.1001326649904, 49.9339223126647], 
            [-81.0793043664033, 49.8647284744396], 
            [-81.0551215965843, 49.8439001758525], 
            [-81.0342932979972, 49.8197174060335], 
            [-81.0101105281782, 49.7988891074464], 
            [-80.9892822295911, 49.7747063376274], 
            [-80.9650994597722, 49.7538780390403], 
            [-80.9442711611851, 49.6846842008153], 
            [-80.9200883913661, 49.6638469090077], 
            [-80.8992510995585, 49.5946620640032], 
            [-80.87507732296, 49.5738247721956], 
            [-80.8542400311525, 49.5046309339705], 
            [-80.830066254554, 49.4838026353834], 
            [-80.8092289627464, 49.3695977287522], 
            [-80.7850551861479, 49.3487694301651], 
            [-80.7642178943403, 49.2795755919401], 
            [-80.7400351245213, 49.2587383001325], 
            [-80.7192068259342, 49.189553455128], 
            [-80.6950240561152, 49.1687161633204], 
            [-80.6741957575281, 49.0545112566892], 
            [-80.6500129877091, 49.0336829581021], 
            [-80.629184689122, 49.0095001882831], 
            [-80.605001919303, 48.988671889696], 
            [-80.5841736207159, 48.964489119877], 
            [-80.559990850897, 48.9436518280695], 
            [-80.5391625523099, 48.919478051471], 
            [-80.3528769836858, 48.8986407596634], 
            [-80.314098217059, 48.9436518280695], 
            [-80.244904378834, 48.964489119877], 
            [-80.2240760802468, 48.988671889696], 
            [-80.1548822420218, 49.0095001882831], 
            [-80.1340449502142, 49.0336829581021], 
            [-80.0648601052096, 49.0545112566892], 
            [-80.0440228134021, 49.0786940265082], 
            [-79.974828975177, 49.0995223250953], 
            [-79.9540006765899, 49.1237050949143], 
            [-79.8848068383649, 49.1445333935014], 
            [-79.8639785397777, 49.1687161633204], 
            [-79.7947847015527, 49.189553455128], 
            [-79.7739474097451, 49.2137272317265], 
            [-79.7047625647405, 49.234564523534], 
            [-79.6839252729329, 49.2587383001325], 
            [-79.6147314347079, 49.2795755919401], 
            [-79.5939031361208, 49.3037493685386], 
            [-79.4796982294897, 49.3245866603462], 
            [-79.4588699309025, 49.3487694301651], 
            [-79.2996539558653, 49.3695977287522], 
            [-79.2788166640577, 49.3937804985712], 
            [-79.0745896206145, 49.4146087971583], 
            [-79.0537523288069, 49.4387915669773], 
            [-78.3994056080823, 49.4596198655644], 
            [-78.3785773094952, 49.4838026353834], 
            [-78.0393080676132, 49.5046309339705], 
            [-78.018479769026, 49.5288137037895], 
            [-77.8592637939888, 49.5496420023766], 
            [-77.8384265021813, 49.5738247721956], 
            [-77.634199458738, 49.5946620640032], 
            [-77.6133711601508, 49.6188358406017], 
            [-77.4091351234871, 49.6396731324092], 
            [-77.3883068249, 49.6638469090077], 
            [-77.0940576446445, 49.6846842008153], 
            [-77.0732203528369, 49.7088669706343], 
            [-76.7789711725815, 49.7296952692214], 
            [-76.7581338807739, 49.7538780390403], 
            [-76.6439289741428, 49.7747063376274], 
            [-76.6231006755557, 49.7988891074464], 
            [-76.5539068373306, 49.8197174060335], 
            [-76.5330785387435, 49.8439001758525], 
            [-76.4638847005185, 49.8647284744396], 
            [-76.4430474087109, 49.8889112442586], 
            [-76.4188736321124, 49.9097395428457], 
            [-76.3980363403048, 49.9339223126647], 
            [-76.3738625637063, 49.9547596044723], 
            [-76.3530252718987, 49.9789333810708], 
            [-76.3288425020797, 49.9997706728783], 
            [-76.3080142034926, 50.0239444494769], 
            [-76.2838314336736, 50.0447817412844], 
            [-76.2630031350865, 50.0689645111034], 
            [-76.2388203652676, 50.0897928096905], 
            [-76.2179920666805, 50.1589866479155], 
            [-76.1938092968615, 50.1798149465027], 
            [-76.1729809982744, 50.2039977163216], 
            [-76.1487982284554, 50.2248260149087], 
            [-76.1279699298683, 50.2490087847277], 
            [-76.1037871600494, 50.2698370833148], 
            [-76.0829498682418, 50.2940198531338], 
            [-76.0587760916433, 50.3148571449413], 
            [-76.0379387998357, 50.3390309215399], 
            [-76.0137650232372, 50.3598682133475], 
            [-75.9929277314296, 50.3840419899459], 
            [-75.9687449616106, 50.4048792817535], 
            [-75.9479166630235, 50.4290530583521], 
            [-75.9237338932045, 50.4498903501596], 
            [-75.9029055946174, 50.4740731199786], 
            [-75.8787228247984, 50.4949014185657], 
            [-75.8578945262113, 50.5190841883847], 
            [-75.8337117563924, 50.5399124869718], 
            [-75.8128834578053, 50.5640952567908], 
            [-75.7887006879863, 50.5849235553779], 
            [-75.7678723893992, 50.6091063251968], 
            [-75.7436896195802, 50.6299346237839], 
            [-75.7228523277727, 50.6541173936029], 
            [-75.6536674827681, 50.6749546854105], 
            [-75.6328301909605, 50.699128462009], 
            [-75.5636363527354, 50.7199657538165], 
            [-75.5428080541483, 50.7441395304151], 
            [-75.4736142159232, 50.7649768222226], 
            [-75.4527859173361, 50.7891505988212], 
            [-75.338581010705, 50.8099878906287], 
            [-75.3177437188975, 50.8341706604477], 
            [-75.1585277438602, 50.8549989590348], 
            [-75.1376994452731, 50.8791817288538], 
            [-74.8163806714308, 50.9000100274409], 
            [-74.777601904804, 50.8549989590348], 
            [-74.5733748613607, 50.8341706604477], 
            [-74.5525375695531, 50.8099878906287], 
            [-74.4833437313281, 50.7891505988212], 
            [-74.462515432741, 50.7649768222226], 
            [-74.3483105261099, 50.7441395304151], 
            [-74.3274822275227, 50.7199657538165], 
            [-74.3032994577038, 50.699128462009], 
            [-74.2824711591167, 50.6749546854105], 
            [-74.2132773208916, 50.6541173936029], 
            [-74.192440029084, 50.6299346237839], 
            [-74.1232461908589, 50.6091063251968], 
            [-74.1024178922718, 50.5849235553779], 
            [-74.0782351224529, 50.5640952567908], 
            [-74.0574068238658, 50.5399124869718], 
            [-74.0332240540468, 50.5190841883847], 
            [-74.0123957554597, 50.4949014185657], 
            [-73.9432019172347, 50.4740731199786], 
            [-73.9223736186475, 50.4498903501596], 
            [-73.8981908488286, 50.4290530583521], 
            [-73.877353557021, 50.4048792817535], 
            [-73.8531797804225, 50.3840419899459], 
            [-73.8323424886149, 50.3598682133475], 
            [-73.8081687120164, 50.3390309215399], 
            [-73.7873314202088, 50.3148571449413], 
            [-73.7181375819837, 50.2940198531338], 
            [-73.6973092833966, 50.2698370833148], 
            [-73.6731265135777, 50.2490087847277], 
            [-73.6522982149906, 50.2248260149087], 
            [-73.5831043767655, 50.2039977163216], 
            [-73.5622760781784, 50.1798149465027], 
            [-73.4930822399534, 50.1589866479155], 
            [-73.4722449481458, 50.1348038780966], 
            [-73.4030601031412, 50.1139755795095], 
            [-73.3822228113336, 50.0897928096905], 
            [-73.1329846994842, 50.0689645111034], 
            [-73.1121474076767, 50.0447817412844], 
            [-72.682865022203, 50.0239444494769], 
            [-72.6620277303954, 49.9997706728783], 
            [-72.4578006869521, 49.9789333810708], 
            [-72.4369723883649, 49.9547596044723], 
            [-72.2777474201073, 49.9339223126647], 
            [-72.2569191215202, 49.9097395428457], 
            [-72.097703146483, 49.8889112442586], 
            [-72.0768748478959, 49.8647284744396], 
            [-71.9626699412647, 49.8439001758525], 
            [-71.9418326494571, 49.8197174060335], 
            [-71.827627742826, 49.7988891074464], 
            [-71.8067994442389, 49.7747063376274], 
            [-71.6475834692017, 49.7538780390403], 
            [-71.6267461773941, 49.7296952692214], 
            [-71.4225191339508, 49.7088669706343], 
            [-71.4016908353637, 49.6846842008153], 
            [-71.1974637919204, 49.6638469090077], 
            [-71.1766265001128, 49.6396731324092], 
            [-70.9723994566695, 49.6188358406017], 
            [-70.9515711580824, 49.5946620640032], 
            [-70.7923461898247, 49.5738247721956], 
            [-70.7715178912376, 49.5496420023766], 
            [-70.6573129846065, 49.5288137037895], 
            [-70.6364846860194, 49.5046309339705], 
            [-70.5222797793883, 49.4838026353834], 
            [-70.5014424875807, 49.4596198655644], 
            [-70.4322486493556, 49.4387915669773], 
            [-70.4114203507685, 49.4146087971583], 
            [-70.3422265125434, 49.3937804985712], 
            [-70.3213982139563, 49.3695977287522], 
            [-70.2972154441374, 49.3487694301651], 
            [-70.2763871455502, 49.3245866603462], 
            [-70.2071933073252, 49.3037493685386], 
            [-70.1863560155176, 49.2795755919401], 
            [-70.1171711705131, 49.2587383001325], 
            [-70.0963338787055, 49.234564523534], 
            [-70.072160102107, 49.2137272317265], 
            [-70.0513228102994, 49.189553455128], 
            [-69.9821289720743, 49.1687161633204], 
            [-69.9613006734872, 49.1445333935014], 
            [-69.9371179036683, 49.1237050949143], 
            [-69.9162896050811, 49.0995223250953], 
            [-69.8470957668561, 49.0786940265082], 
            [-69.8262584750485, 49.0545112566892], 
            [-69.7570736300439, 49.0336829581021], 
            [-69.7362363382364, 49.0095001882831], 
            [-69.6220314316053, 48.988671889696], 
            [-69.6012031330181, 48.964489119877], 
            [-68.7668031454488, 48.9436518280695], 
            [-68.7459748468617, 48.919478051471], 
            [-68.6092599094172, 48.8986407596634], 
            [-68.5884316108301, 48.8810680068831], 
            [-68.7684758844545, 48.8536296912573], 
            [-68.8334878751652, 48.8173600331391], 
            [-68.9035090896727, 48.7861175852584], 
            [-69.0355655389184, 48.7124361300235], 
            [-69.0593795866985, 48.5818815485946], 
            [-69.133501709736, 48.5354585445763], 
            [-69.2041344632348, 48.541133266687], 
            [-69.2844439219494, 48.4018372749703], 
            [-69.3086266917683, 48.3809999831628], 
            [-69.3711205807501, 48.3084606669263], 
            [-69.4553151107037, 48.2359213506899], 
            [-69.5336820337988, 48.2009557095384], 
            [-69.615547319653, 48.1429134646847], 
            [-69.6549556117121, 48.0971649522008], 
            [-69.7119906158742, 48.0480259956033], 
            [-69.7691605183432, 47.896283386769], 
            [-69.7319105991947, 47.9040535292471], 
            [-69.6968460326182, 47.9706213470976], 
            [-69.6346489199117, 47.942679411126], 
            [-69.6504320218203, 47.9075428987858], 
            [-69.6311775368138, 47.8646812100699], 
            [-69.7008570089437, 47.8279798773695], 
            [-69.7241494499371, 47.783760212364], 
            [-69.6445414624185, 47.7941743616575], 
            [-69.4941298502123, 48.0343023411802], 
            [-69.3056049696935, 48.1523923190504], 
            [-69.171911754324, 48.1767729397194], 
            [-69.0835623565175, 48.2459667779445], 
            [-68.9874877823352, 48.3061404160475], 
            [-68.8747487706392, 48.3564484913049], 
            [-68.9260191204859, 48.3793272441571], 
            [-68.9468474190731, 48.4223598040618], 
            [-68.8072546510812, 48.4468483433764], 
            [-68.7683679658089, 48.4017113698839], 
            [-68.687563879969, 48.4082044750566], 
            [-68.6230285299426, 48.4831180014946], 
            [-68.519237772605, 48.5143694425958], 
            [-68.495873385848, 48.541484002285], 
            [-68.3616945365736, 48.5818815485946], 
            [-68.3183562071732, 48.6060643184136], 
            [-68.2295661415641, 48.6456794545433], 
            [-68.1141291637298, 48.6719126786273], 
            [-68.0707908343295, 48.6960864552258], 
            [-67.9214134424763, 48.7300268692447], 
            [-67.8907375674847, 48.6944137162201], 
            [-67.8215437292596, 48.673585417633], 
            [-67.8007154306725, 48.649402647814], 
            [-67.7315215924475, 48.6285743492269], 
            [-67.7106932938603, 48.6043915794079], 
            [-67.6414994556353, 48.5835542876003], 
            [-67.6206621638277, 48.5593805110019], 
            [-67.5514773188231, 48.5385432191943], 
            [-67.5306400270156, 48.5143694425958], 
            [-67.4614461887905, 48.4935321507882], 
            [-67.4406178902034, 48.4693583741897], 
            [-67.3264129835723, 48.4485210823821], 
            [-67.3055846849851, 48.4243383125632], 
            [-67.191379778354, 48.4035100139761], 
            [-67.1705424865465, 48.3793272441571], 
            [-66.8942437743307, 48.35849894557], 
            [-66.8554560144834, 48.4035100139761], 
            [-66.7412511078523, 48.4243383125632], 
            [-66.7204228092652, 48.4485210823821], 
            [-66.6062179026341, 48.4693583741897], 
            [-66.585389604047, 48.4935321507882], 
            [-66.5161957658219, 48.5143694425958], 
            [-66.4953584740143, 48.5385432191943], 
            [-66.4261736290097, 48.5593805110019], 
            [-66.4053363372021, 48.5835542876003], 
            [-66.291131430571, 48.6043915794079], 
            [-66.2703031319839, 48.6285743492269], 
            [-66.1560982253528, 48.649402647814], 
            [-66.1352609335452, 48.673585417633], 
            [-65.9760449585079, 48.6944137162201], 
            [-65.9552166599208, 48.7185964860391], 
            [-65.4538536124542, 48.7394247846262], 
            [-65.4150748458274, 48.6944137162201], 
            [-65.2558498775697, 48.673585417633], 
            [-65.2350215789826, 48.649402647814], 
            [-65.1658277407575, 48.6285743492269], 
            [-65.1449994421704, 48.6043915794079], 
            [-65.0307945355393, 48.5835542876003], 
            [-65.0099572437318, 48.5593805110019], 
            [-64.9857834671332, 48.5385432191943], 
            [-64.9649461753257, 48.5143694425958], 
            [-64.8957523371006, 48.4935321507882], 
            [-64.8749240385135, 48.4693583741897], 
            [-64.8057302002885, 48.4485210823821], 
            [-64.7849019017013, 48.4243383125632], 
            [-64.7607191318824, 48.4035100139761], 
            [-64.7398908332952, 48.3793272441571], 
            [-64.6706969950702, 48.35849894557], 
            [-64.6498597032626, 48.3186859585902], 
            [-64.7456195147288, 48.1836347669311], 
            [-64.8974340693268, 48.1559446411323], 
            [-64.9753693178397, 48.0988376912065], 
            [-64.9857834671332, 48.1334346103191], 
            [-65.0099572437318, 48.1542719021266], 
            [-65.0307945355393, 48.1784456787251], 
            [-65.0549773053583, 48.1992829705327], 
            [-65.0758056039454, 48.2234657403517], 
            [-65.1449994421704, 48.2442940389389], 
            [-65.1658277407575, 48.2684768087578], 
            [-65.2350215789826, 48.2893051073449], 
            [-65.2558498775697, 48.3134878771639], 
            [-65.3250437157948, 48.334316175751], 
            [-65.3458810076024, 48.35849894557], 
            [-65.5050969826396, 48.3793272441571], 
            [-65.5259252812267, 48.4035100139761], 
            [-65.7572219182568, 48.4243383125632], 
            [-65.7960006848837, 48.3793272441571], 
            [-65.9552166599208, 48.35849894557], 
            [-65.9760449585079, 48.334316175751], 
            [-66.0902498651391, 48.3134878771639], 
            [-66.1110871569467, 48.2893051073449], 
            [-66.1352609335452, 48.2684768087578], 
            [-66.1560982253528, 48.2442940389389], 
            [-66.2252920635778, 48.2234657403517], 
            [-66.2461203621649, 48.1992829705327], 
            [-66.2703031319839, 48.1784456787251], 
            [-66.291131430571, 48.1542719021266], 
            [-66.360325268796, 48.1334346103191], 
            [-66.3811625606036, 48.1092608337206], 
            [-66.4053363372021, 48.088423541913], 
            [-66.4261736290097, 48.064240772094], 
            [-66.4503474056082, 48.0434124735069], 
            [-66.4711846974158, 48.019229703688], 
            [-66.4953584740143, 47.9984014051008], 
            [-66.5161957658219, 47.9742186352819], 
            [-66.5403785356409, 47.9533903366948], 
            [-66.5715310513169, 47.8499143420733], 
            [-66.5360168237174, 47.6210278881266], 
            [-66.4137180186715, 47.4648516216051], 
            [-66.2360749349103, 47.3624368269981], 
            [-65.9252242696842, 47.305734571993], 
            [-65.6424144658549, 47.3284604400973], 
            [-65.4293830595805, 47.3749284102181], 
            [-65.2274582805751, 47.449077512917], 
            [-64.9987606842581, 47.5918179080701], 
            [-64.8648786112589, 47.747220757632], 
            [-64.840327119401, 47.8287712807701], 
            [-64.8282402311017, 47.8391854300637], 
            [-64.766294928568, 47.8441586809784], 
            [-64.6206497232061, 47.9350711466162], 
            [-64.5823475972637, 48.0209024426937], 
            [-64.5433529933459, 48.054501114335], 
            [-64.4386539207418, 48.0160550968653], 
            [-64.4511185243004, 47.8609130506968], 
            [-64.5489917425748, 47.7359522523946], 
            [-64.7275071687208, 47.6562903055532], 
            [-64.8141028885374, 47.5557820736838], 
            [-64.8898797641397, 47.3041067990896], 
            [-64.9199351069196, 47.2782063241626], 
            [-64.9407723987272, 47.2540235543436], 
            [-64.9749376432576, 47.2245887437756], 
            [-65.0082845047261, 47.1276058543268], 
            [-64.7590284064357, 47.0949874437156], 
            [-64.7690288675881, 46.9705662386411], 
            [-64.8494462449482, 46.9012734749909], 
            [-64.8732512995078, 46.8557947591209], 
            [-64.8007119832714, 46.7534878831594], 
            [-64.7157080634763, 46.7155544792559], 
            [-64.669033249285, 46.6895101128015], 
            [-64.6724326866191, 46.6471970105337], 
            [-64.6706250493065, 46.6246959729408], 
            [-64.6748878358049, 46.5716629518838], 
            [-64.580674858258, 46.490490144005], 
            [-64.5585695223655, 46.4170964718248], 
            [-64.5131537590387, 46.3779669696], 
            [-64.4874781146232, 46.3481634369931], 
            [-64.4923884129948, 46.2870994700646], 
            [-64.4902210468638, 46.2601737680051], 
            [-64.4239679917294, 46.2654977545179], 
            [-64.2134816668454, 46.2485905000516], 
            [-64.1322279199825, 46.2187420013424], 
            [-63.950501914132, 46.1979137027553], 
            [-63.7658800912931, 46.172885570213], 
            [-63.7271103178868, 46.0810288164268], 
            [-63.9348267308688, 46.0184899613427], 
            [-63.8413601906203, 45.9767883980662], 
            [-63.8171414479194, 45.9486755909059], 
            [-63.7538471623166, 45.8941407020318], 
            [-63.613750773979, 45.9054002140487], 
            [-63.5687307123524, 45.9017849394235], 
            [-63.4884662197402, 45.9082330784939], 
            [-63.381365957273, 45.8789241730123], 
            [-63.3414900177501, 45.8326360673008], 
            [-63.2361794061546, 45.8410986877543], 
            [-63.1867616597228, 45.8135164806012], 
            [-63.0644538614565, 45.8233460705648], 
            [-62.7360933959934, 45.7910604091107], 
            [-62.6966671174934, 45.7942260227128], 
            [-62.6347308081802, 45.7807182055808], 
            [-62.6022203162146, 45.7232065607343], 
            [-62.5193747693301, 45.6882948789056], 
            [-62.3084477766435, 45.7145370962101], 
            [-62.1746016765261, 45.7932097888008], 
            [-62.0935367872929, 45.8273750333312], 
            [-61.9739989009285, 45.9146902107847], 
            [-61.8740572419481, 45.9022615801079], 
            [-61.8822410725674, 45.8364941588784], 
            [-61.8460343669924, 45.7097167300431], 
            [-61.6659451272657, 45.6582215496849], 
            [-61.5894487940266, 45.7031876519886], 
            [-61.5069000234173, 45.7267858624776], 
            [-61.5446445696911, 45.8589951964712], 
            [-61.5417847255845, 45.8819908611894], 
            [-61.5466050917515, 45.9207336549343], 
            [-61.6158169164175, 45.9498896756681], 
            [-61.6544697779578, 45.9931920321866], 
            [-61.5247425728114, 46.0970817149492], 
            [-61.4678694466176, 46.1907101331662], 
            [-61.3311994752755, 46.267979883365], 
            [-61.2922858103418, 46.3165702535145], 
            [-61.2986979765303, 46.3681103999751], 
            [-61.193018642896, 46.4126448276967], 
            [-61.0873123296003, 46.5446563108401], 
            [-61.0944619398666, 46.6021859421276], 
            [-61.0879418550325, 46.6546703767366], 
            [-61.0017957962389, 46.6909670145162], 
            [-60.9139500187783, 46.8159457992593], 
            [-60.7498237453695, 46.9087378479734], 
            [-60.6892004462435, 47.0085446086468], 
            [-60.6190353402087, 47.0647342500857], 
            [-60.4854050773823, 47.0481057854537], 
            [-60.4066334593666, 47.0579083957559], 
            [-60.3463968687204, 47.0504170431121], 
            [-60.3534655400026, 46.9936068694615], 
            [-60.436212161462, 46.9273448211067], 
            [-60.2633264913245, 46.8779180814544], 
            [-60.3117100174033, 46.6213504949295], 
            [-60.4126409306344, 46.4831786557704], 
            [-60.4291344969594, 46.3883811188936], 
            [-60.3532766823729, 46.4195516210106], 
            [-60.3391123601472, 46.3658710880803], 
            [-60.2826259424332, 46.3548453997955], 
            [-60.1819918054774, 46.2866318226006], 
            [-60.0858183058701, 46.2885923446611], 
            [-59.9481590802773, 46.2439230186325], 
            [-59.9004680321739, 46.2193535403337], 
            [-59.7662711964585, 46.193165282352], 
            [-59.7649761727121, 46.1293493899624], 
            [-59.8322184820972, 46.0301451750599], 
            [-59.6530015847553, 46.0668555009807], 
            [-59.6515626694816, 45.9961418084977], 
            [-59.6749540359, 45.97178816749], 
            [-59.7429247961423, 45.9497367909203], 
            [-59.7649851659326, 45.9267770990839], 
            [-59.8800983878303, 45.9043030411525], 
            [-59.9675394703702, 45.859264993085], 
            [-60.0355102306126, 45.8372046232948], 
            [-60.0346109085665, 45.7928050938801], 
            [-60.103247167123, 45.7462741712161], 
            [-60.1701027680282, 45.7476411407262], 
            [-60.2332531621037, 45.6819096923785], 
            [-60.3726480792454, 45.6342006578342], 
            [-60.5963184653248, 45.5796747621806], 
            [-60.6923570666253, 45.5301940632056], 
            [-60.8647031435352, 45.5891895894281], 
            [-60.8685702283333, 45.5157059850433], 
            [-60.8673201706893, 45.4546240316738], 
            [-61.0422562950919, 45.4510537231509], 
            [-61.1356508895768, 45.4991674526159], 
            [-61.1833149580189, 45.4771070828257], 
            [-61.2503863962152, 45.4316463533966], 
            [-61.3429266347563, 45.386743203636], 
            [-60.8907385167691, 45.3621557388963], 
            [-60.9234918256872, 45.2647951341881], 
            [-60.9710659619245, 45.2152874555517], 
            [-61.1011708823303, 45.1819405940832], 
            [-61.2716103965025, 45.1854209704015], 
            [-61.31996694292, 45.1605097497252], 
            [-61.4984014300819, 45.1170095423566], 
            [-61.5217658168389, 45.0926918742307], 
            [-61.6109246044869, 45.0945174979842], 
            [-61.6329849742771, 45.0715488129275], 
            [-61.7684768337388, 45.0494884431373], 
            [-61.8130382411219, 45.0265377445214], 
            [-61.858498970551, 45.0044773747311], 
            [-61.9255614155268, 44.959016645302], 
            [-61.9710311381764, 44.9369652687323], 
            [-62.0290823762506, 44.876530827236], 
            [-62.242914179146, 44.8466823285267], 
            [-62.3332690651152, 44.8001424126423], 
            [-62.438840480104, 44.8022917923324], 
            [-62.5786940514892, 44.7569120018875], 
            [-62.6457564964651, 44.7339523100512], 
            [-62.7137272567075, 44.7119009334814], 
            [-62.8129314716101, 44.6446586240963], 
            [-62.8597951434311, 44.643696349507], 
            [-62.9273072494299, 44.6450723122375], 
            [-63.0060788674457, 44.6434715189955], 
            [-63.1823999477993, 44.6470688071798], 
            [-63.2547504064061, 44.5980197827868], 
            [-63.3659425841828, 44.6002860743429], 
            [-63.4560006938768, 44.5538990432063], 
            [-63.501461423306, 44.5548253449138], 
            [-63.4996717724343, 44.4670964793191], 
            [-63.5671928716536, 44.3968144614183], 
            [-63.7940198781148, 44.4188748312086], 
            [-63.8803637877585, 44.463346306387], 
            [-64.0406229763692, 44.4666198386347], 
            [-64.041594244179, 44.418883824429], 
            [-63.9977702808737, 44.3767685730113], 
            [-64.0976310008699, 44.3628290812971], 
            [-64.1309598758975, 44.3061358195125], 
            [-64.2034452328112, 44.2593261070143], 
            [-64.2434920435229, 44.2161136827004], 
            [-64.2893574678728, 44.1944670010514], 
            [-64.3124880308978, 44.1695018210523], 
            [-64.4469007039043, 44.126945901832], 
            [-64.631792323357, 43.9764803303031], 
            [-64.7097545515313, 43.9396800721777], 
            [-64.7582459962557, 43.836941521634], 
            [-64.8286449260224, 43.7884950430119], 
            [-64.8745193435928, 43.7668483613629], 
            [-65.0312441965623, 43.6534258649118], 
            [-65.0754458751269, 43.6551795429017], 
            [-65.1228491401756, 43.6300974510366], 
            [-65.2104790803452, 43.6335688341344], 
            [-65.2337535348976, 43.6084507693876], 
            [-65.2769659592116, 43.5684129518963], 
            [-65.3237846649303, 43.4959186017621], 
            [-65.3471400584668, 43.4742719201131], 
            [-65.3870070047694, 43.4312483534288], 
            [-65.4805544840022, 43.4275341533785], 
            [-65.5291268677107, 43.4532457706758], 
            [-65.6139149502147, 43.3617397524877], 
            [-65.7035323921061, 43.4018944818449], 
            [-65.7289202534669, 43.4292878313684], 
            [-65.7720877116785, 43.4275791194809], 
            [-65.7972687289686, 43.4509075333561], 
            [-65.8719034655724, 43.6534618377936], 
            [-65.9569883243516, 43.6312395900351], 
            [-66.0140503081751, 43.5696540163199], 
            [-66.0889908142746, 43.6093051253313], 
            [-66.2015139886796, 43.6361139155249], 
            [-66.1798673070305, 43.6993272621435], 
            [-66.1457470286024, 43.7309474252835], 
            [-66.1790129510867, 43.7668483613629], 
            [-66.2032676666694, 43.7893224192943], 
            [-66.2014960022386, 43.8339377860001], 
            [-66.2032856531104, 43.8789488544062], 
            [-66.2010553344361, 43.9352194348291], 
            [-66.2023953242847, 43.9689709912183], 
            [-66.2013970768136, 43.9941610017289], 
            [-66.2548797588937, 44.0952358064874], 
            [-66.1573662694377, 44.2795338733896], 
            [-66.1804338799196, 44.3567586574861], 
            [-66.3097563901453, 44.2171748827148], 
            [-66.4264074527417, 44.2125523673979], 
            [-66.4283320019203, 44.2613226019566], 
            [-66.3313940785738, 44.3324230029193], 
            [-66.2509047554501, 44.4192975125702], 
            [-66.0354361864308, 44.5946473251141], 
            [-65.9314475782431, 44.6437323223889], 
            [-65.6847365613432, 44.7796198835509], 
            [-65.2562635657109, 44.9813198320447], 
            [-65.1900284970175, 45.0163664121803], 
            [-65.1212213672722, 45.0488409312641], 
            [-65.0594919020296, 45.0815043079775], 
            [-64.8745193435928, 45.1622274548333], 
            [-64.4664609584065, 45.2744718394039], 
            [-64.5387214848086, 45.3414263657343], 
            [-64.4694107347176, 45.3741437017705], 
            [-64.6286986555185, 45.3646738406253], 
            [-64.7109686362934, 45.2758837750163], 
            [-64.7832201694752, 45.2730239309097], 
            [-64.851199922938, 45.3197976705262], 
            [-64.986188162054, 45.314446704352], 
            [-64.9569871752179, 45.4430677433817], 
            [-64.8745193435928, 45.4998149644891], 
            [-64.7857112915428, 45.5417233718362], 
            [-64.7728060201816, 45.5556538703299], 
            [-64.8538709094149, 45.6072299896723], 
            [-64.9947856808145, 45.5243934360083], 
            [-65.2066209887676, 45.4638240962051], 
            [-65.4062614897759, 45.3827052476491], 
            [-65.525520586306, 45.2955879210458], 
            [-65.6305344216262, 45.2655685511478], 
            [-65.7280748907435, 45.2280668218265], 
            [-65.7980781188101, 45.2080569063013], 
            [-65.91518783565, 45.1630458378952], 
            [-66.0061542606106, 45.1843507771667], 
            [-66.0331519084338, 45.2180663606741], 
            [-66.1870888630605, 45.1188081864487], 
            [-66.3151073563194, 45.0949131996845], 
            [-66.476517677149, 45.0277788089449], 
            [-66.5289481524352, 45.0864595724514], 
            [-66.8536843500527, 44.9861761710935], 
            [-66.8559686280497, 44.9479909570171], 
            [-66.8528749602112, 44.896109068179], 
            [-66.9170775610805, 44.7951511752866], 
            [-66.9890233247665, 44.7560576459437], 
            [-67.0353024372576, 44.7348156592154], 
            [-67.2008406462787, 44.5939998132409], 
            [-67.4588291616365, 44.514328873179], 
            [-67.5198571556831, 44.446034357], 
            [-67.6120196789649, 44.4129662853659], 
            [-67.7966325085833, 44.4457735536067], 
            [-67.8230186174152, 44.3972191563391], 
            [-67.8454926753466, 44.3482600641507], 
            [-67.9770814771284, 44.3561021523925], 
            [-68.023234684533, 44.3044540872864], 
            [-68.1589513745063, 44.3125389924806], 
            [-68.1613165914874, 44.2728069444849], 
            [-68.1591312389155, 44.2362045372097], 
            [-68.2056891412408, 44.1946018993582], 
            [-68.2031800327323, 44.1523877225155], 
            [-68.2268591822054, 44.1258847018176], 
            [-68.2837592880607, 44.1152637084535], 
            [-68.3201548512653, 44.0714487383686], 
            [-68.4404481681484, 44.0837154910772], 
            [-68.521324199752, 44.0599823822812], 
            [-68.518221538693, 44.0295763039034], 
            [-68.6222101468807, 43.9700142047918], 
            [-68.6786605917129, 43.9904378084582], 
            [-68.7376651111559, 44.1479810444897], 
            [-68.748187179095, 44.1227280814359], 
            [-68.7428362129208, 44.0702526400474], 
            [-68.7462806163573, 44.0364920904377], 
            [-68.7396616060982, 43.971579025152], 
            [-68.940327334239, 44.0160774799918], 
            [-69.0072908537898, 44.1704910753029], 
            [-69.0397024203304, 44.126262417077], 
            [-68.9937380705554, 44.0880861962211], 
            [-69.0228041590846, 43.9491319468819], 
            [-69.0827259870146, 43.9430255501891], 
            [-69.152882099829, 43.9501751604554], 
            [-69.1942149410666, 43.900415671646], 
            [-69.2413124366196, 43.8799920679796], 
            [-69.277995782879, 43.8358263622969], 
            [-69.3614978348571, 43.827318775741], 
            [-69.4433721139318, 43.8580845829372], 
            [-69.4642903447236, 43.8328945724266], 
            [-69.5338888778693, 43.7899699311675], 
            [-69.5582155392157, 43.7338792151538], 
            [-69.7119456497718, 43.7495543984168], 
            [-69.7404091925301, 43.6839128822738], 
            [-69.8366816175625, 43.6741012787511], 
            [-70.0373113728215, 43.6945518620789], 
            [-70.0894180921712, 43.6318241493651], 
            [-70.1664899915198, 43.6092061999063], 
            [-70.1599249405835, 43.544769775305], 
            [-70.2069864632546, 43.5178081003636], 
            [-70.299589654339, 43.4776533710063], 
            [-70.2964600136187, 43.4469415231329], 
            [-70.3441060956197, 43.4073623598851], 
            [-70.4096756659991, 43.328428863901], 
            [-70.5426224440705, 43.2894162735423], 
            [-70.5467683187029, 43.2487759102801], 
            [-70.5407698406556, 43.1899782349077], 
            [-70.6426720216964, 43.0571843415842], 
            [-70.6884834867235, 43.0191250325943], 
            [-70.7871840812803, 42.8819784205677], 
            [-70.7343668975142, 42.7020150859275], 
            [-70.601285221136, 42.7155768623824], 
            [-70.5475057627806, 42.6709075363538], 
            [-70.5428382813615, 42.6251140577676], 
            [-70.6346051029431, 42.572557677395], 
            [-70.7699260912161, 42.5138679206681], 
            [-70.8146493765674, 42.4600255097695], 
            [-70.8617468721204, 42.4396019061032], 
            [-70.8719541773434, 42.40479814292], 
            [-70.83617015313, 42.3761367493116], 
            [-70.8451993464726, 42.3035254873115], 
            [-70.7469304264979, 42.2822655141422], 
            [-70.7169020633795, 42.2447727780413], 
            [-70.6794093272786, 42.2147444149229], 
            [-70.6593994117534, 42.1672422244492], 
            [-70.6118972212797, 42.1022122472975], 
            [-70.591878312534, 42.0547100568237], 
            [-70.5666253494802, 42.0117584359032], 
            [-70.5701596851213, 41.9833398592472], 
            [-70.5002733689208, 41.9273750483199], 
            [-70.4770348872502, 41.7938796838005], 
            [-70.288815776227, 41.7531583815542], 
            [-70.0292264676273, 41.8161109247794], 
            [-70.0958392515801, 41.8694587085527], 
            [-70.1211191942953, 42.0147531783166], 
            [-70.2254405516401, 42.0017849544122], 
            [-70.2517996808106, 42.0347001412986], 
            [-70.2942566746058, 42.0686945146402], 
            [-70.2093606734563, 42.1222311560431], 
            [-70.0460347966685, 42.0755923147336], 
            [-69.9309035883299, 41.9318176992275], 
            [-69.8817736249528, 41.7047658622548], 
            [-69.9392043308151, 41.6070815016101], 
            [-69.9592142463403, 41.5370692803231], 
            [-69.9899260942138, 41.5124818155834], 
            [-70.0374552643489, 41.5183903614261], 
            [-70.0224815522818, 41.6388275698366], 
            [-70.1765444119949, 41.6196630170347], 
            [-70.2749122573947, 41.5818555182176], 
            [-70.3601410077013, 41.5924495319205], 
            [-70.4543539852481, 41.5370692803231], 
            [-70.5962670041189, 41.5164208461452], 
            [-70.5376042270534, 41.4916984830986], 
            [-70.5018561757219, 41.4470471435109], 
            [-70.4318439544349, 41.4270282347653], 
            [-70.4118250456892, 41.3359898640411], 
            [-70.7139343006274, 41.3138035891644], 
            [-70.7694404573112, 41.2444928390734], 
            [-70.8048467662652, 41.2161372149606], 
            [-70.8819636317162, 41.2534590798727], 
            [-70.8359633090594, 41.2903043041005], 
            [-70.8719451841229, 41.3515121625563], 
            [-70.8369525633101, 41.3795260442916], 
            [-70.8269431089373, 41.392026620732], 
            [-70.976761168593, 41.4024137903642], 
            [-70.9694047142561, 41.4746293506641], 
            [-71.0407569253917, 41.4673628285318], 
            [-71.0863615463482, 41.4720033302896], 
            [-71.1718960661505, 41.4398705535833], 
            [-71.2665407182795, 41.4495112859172], 
            [-71.3169027528597, 41.4206700278996], 
            [-71.3862494758326, 41.4277386991817], 
            [-71.4657315582647, 41.3320508334793], 
            [-71.5798375394708, 41.3436880607555], 
            [-71.6923876935372, 41.3122117891429], 
            [-71.8643110890854, 41.2815808802535], 
            [-72.0326551828903, 41.2183225675325], 
            [-72.0844741191852, 41.2806995446484], 
            [-72.3964039708665, 41.2376040322004], 
            [-72.5486591932671, 41.2220817336851], 
            [-72.6135452788914, 41.2287007439443], 
            [-72.6449945708427, 41.1908392858045], 
            [-72.7958378576309, 41.2244199710049], 
            [-72.8637456653302, 41.2174951912502], 
            [-72.9320042086273, 41.2244559438868], 
            [-73.0877667870076, 41.1321675155185], 
            [-73.2804645218202, 41.0978313997994], 
            [-73.3641554314279, 41.0375948091532], 
            [-73.5219954437347, 40.9912797237803], 
            [-73.6074849974346, 40.9542006758206], 
            [-73.617701295878, 40.9419069434508], 
            [-73.5380933083594, 40.9523210927443], 
            [-73.3901818114414, 40.9791388761583], 
            [-73.2179976124997, 40.9320144009439], 
            [-73.179668506896, 40.9765038625633], 
            [-73.1460338623728, 41.0054800188878], 
            [-72.8975062149398, 40.9855150694649], 
            [-72.6264955163549, 41.0072876562004], 
            [-72.4594734259578, 41.1115370677815], 
            [-72.412789618546, 41.1323743595891], 
            [-72.3550081770857, 41.1646150549409], 
            [-72.1176950755672, 41.2292043642901], 
            [-72.0543648170826, 41.2129356284765], 
            [-72.1443869538948, 41.1565481361876], 
            [-72.1548011031883, 41.1444612478884], 
            [-72.0603183290276, 41.1264208476441], 
            [-72.0312792201598, 41.0648982264721], 
            [-71.9477501885203, 41.1090999050367], 
            [-71.8773332723126, 41.1118878033795], 
            [-71.8063857560977, 41.0784060436041], 
            [-71.8640772653534, 41.0318301548378], 
            [-72.4176459575948, 40.8278998876698], 
            [-72.7741552031001, 40.7285248015784], 
            [-73.1986082291864, 40.5962884879235], 
            [-73.2913643050186, 40.5926192539755], 
            [-73.3508004990437, 40.5949754777362], 
            [-73.4934869348741, 40.5701272096031], 
            [-73.8319377936942, 40.5484805279541], 
            [-73.9473477918671, 40.5182363275446], 
            [-74.0643226104001, 40.5592364196252], 
            [-74.146160916593, 40.4834055847], 
            [-74.0939192989364, 40.4794935337996], 
            [-73.9464574630414, 40.4853391270991], 
            [-73.939559662948, 40.3113652772858], 
            [-74.0128454164827, 40.0316941073972], 
            [-74.0710495393047, 39.7268149405571], 
            [-74.323992857984, 39.3957655021763], 
            [-74.4162363202499, 39.3322913521643], 
            [-74.5007096400378, 39.2924244058617], 
            [-74.6563463133317, 39.1482181157735], 
            [-74.7028142834524, 39.0497603381692], 
            [-74.7899675829375, 38.9556912521497], 
            [-74.8843604248937, 38.9057518989311], 
            [-74.9752279244291, 38.9021456175263], 
            [-75.0164348605803, 38.9403218383822], 
            [-74.9689236768861, 39.0410009414404], 
            [-74.9122304151015, 39.1481461700098], 
            [-75.0732270477899, 39.1763668958156], 
            [-75.1575384896095, 39.1730214178042], 
            [-75.2489635688136, 39.2431235712959], 
            [-75.2948289931634, 39.2647702529449], 
            [-75.361495736439, 39.3106446705152], 
            [-75.3956789674103, 39.32147250795], 
            [-75.3609831228728, 39.1981484757716], 
            [-75.3694457433263, 39.0928468573966], 
            [-75.2879401862905, 38.9887863034452], 
            [-75.2478214298151, 38.8988720852786], 
            [-75.1600296116772, 38.8366300064697], 
            [-75.0579205865657, 38.8448318235299], 
            [-75.0028281180232, 38.4383742315856], 
            [-75.0459955762348, 38.3416161726483], 
            [-75.1041007736317, 38.2374836729332], 
            [-75.165920171079, 38.0745624910662], 
            [-75.2727326504914, 37.9381803027788], 
            [-75.3287784004028, 37.8487067524148], 
            [-75.4631910734092, 37.8181747689505], 
            [-75.5624132747528, 37.6592016108658], 
            [-75.5662893527714, 37.6110069424166], 
            [-75.5631956849329, 37.5725339452854], 
            [-75.6103291533677, 37.4880606254976], 
            [-75.6311574519548, 37.4413768180858], 
            [-75.6778412593666, 37.3755284578721], 
            [-75.6986785511741, 37.3288446504603], 
            [-75.7678723893992, 37.2404952526539], 
            [-75.7939617219558, 37.1538185938531], 
            [-75.9796177651477, 37.0379409482163], 
            [-76.0644957798563, 37.2647769478979], 
            [-75.9635109073025, 37.6011054066893], 
            [-75.8610781262545, 37.7455725001709], 
            [-75.8284417292024, 37.8187053689577], 
            [-75.7477095891262, 37.8547322101235], 
            [-75.790373426992, 37.8914964953671], 
            [-75.8007875762855, 37.9035833836663], 
            [-75.8353844953981, 37.8931692343727], 
            [-75.9223219575922, 37.8612433017371], 
            [-75.9358297747243, 37.9936055204785], 
            [-75.9662718259839, 37.9673812896149], 
            [-75.9721174192834, 37.8945362038828], 
            [-75.9254156254307, 37.8108183146136], 
            [-75.997091592503, 37.7581360291545], 
            [-76.0390269795114, 37.8571963525297], 
            [-76.0361401557435, 37.8930613157272], 
            [-76.0787950003889, 37.9298166077504], 
            [-76.0839211360515, 37.9936055204785], 
            [-76.0777697732564, 38.0701917859222], 
            [-76.1054598990551, 38.0940507998047], 
            [-76.1262881976422, 38.1857456756225], 
            [-76.2022539308742, 38.2333288050804], 
            [-76.2388203652676, 38.2757768056551], 
            [-76.2832468743437, 38.3140519519361], 
            [-76.3249124647384, 38.4074195667597], 
            [-76.3409383835995, 38.421224160167], 
            [-76.3556153193914, 38.3318765148894], 
            [-76.3488614108254, 38.2861909549487], 
            [-76.3567664516104, 38.2326992796481], 
            [-76.2861247048912, 38.1374071156459], 
            [-76.3091743289321, 38.0063129409895], 
            [-76.3536368108901, 38.0259181615939], 
            [-76.418262093121, 38.0738340402089], 
            [-76.498481619631, 38.0836366505111], 
            [-76.4890837042495, 38.0480145042661], 
            [-76.4403584357931, 38.0292276667235], 
            [-76.3784131332594, 37.9899003136487], 
            [-76.2440454263553, 37.9380723841333], 
            [-76.1965072629997, 37.865497095015], 
            [-76.2781477183425, 37.7369030356466], 
            [-76.2554937960018, 37.6222574612129], 
            [-76.2713668301151, 37.5419480024984], 
            [-76.2378041313555, 37.4890768594096], 
            [-76.1991152969334, 37.3887664783903], 
            [-76.2705484470531, 37.2762433039854], 
            [-76.3184283527862, 37.2959204703535], 
            [-76.3292561902209, 37.2617372393822], 
            [-76.365229072064, 37.2283993711342], 
            [-76.24043015173, 37.1127735356702], 
            [-76.2391980805269, 37.081773904742], 
            [-76.2691185249999, 36.9964192493489], 
            [-76.1807151678706, 36.9496455097326], 
            [-76.0933730107558, 36.9461831198551], 
            [-75.9749772633899, 36.9508775809357], 
            [-75.8431276582148, 36.5747001622827], 
            [-75.7491485043999, 36.2375533204295], 
            [-75.525586036966, 35.8521218779224], 
            [-75.4540899343029, 35.7170167269405], 
            [-75.424969886451, 35.5778106674284], 
            [-75.4991099959295, 35.1894564282716], 
            [-75.6384779334098, 35.1949782656345], 
            [-75.8469048108083, 35.128995007114], 
            [-76.0926985192212, 34.9940517341003], 
            [-76.3902931774881, 34.7495080833315], 
            [-76.4651527446034, 34.6518866752299], 
            [-76.5232849216617, 34.5618645384178], 
            [-76.5596265255436, 34.5865329421417], 
            [-76.6192605704189, 34.6508884277588], 
            [-76.872122950114, 34.6609158685725], 
            [-76.9711113277255, 34.6402044818514], 
            [-76.992784989036, 34.6644681906545], 
            [-77.2793989251202, 34.8202127825939], 
            [-77.6579685404158, 34.9658669811763], 
            [-77.868850567, 35.0109230156847], 
            [-78.0934202751255, 34.9733403473792], 
            [-78.4101614997534, 34.8004366908007], 
            [-78.5571556881844, 34.6212737527815], 
            [-78.5209579758298, 34.4031431905059], 
            [-78.4458915646439, 34.2232068355271], 
            [-78.2764592911633, 33.8749983325071], 
            [-78.4595252868625, 33.8596918712829], 
            [-78.5344388133005, 33.8178913825813], 
            [-78.6917752052615, 33.7891940160911], 
            [-78.8544535701761, 33.6723810755263], 
            [-78.9315254695247, 33.6059751356441], 
            [-79.1141597906418, 33.3927099056377], 
            [-79.1475696046535, 33.2395283815297], 
            [-79.1148702550582, 33.1809195637869], 
            [-79.1992086765391, 33.1322932207556], 
            [-79.304780091528, 33.2548348427539], 
            [-79.5415895727006, 33.4227382687562], 
            [-79.7824999624033, 33.524190788774], 
            [-79.9476154900627, 33.537464782174], 
            [-80.0848790139553, 33.4762119576158], 
            [-80.2281679955565, 33.3527620203511], 
            [-80.3574365464594, 33.1210696816206], 
            [-80.3276599935138, 33.0233403548735], 
            [-80.1038367226865, 33.0639177655925], 
            [-79.9738577073672, 33.0247882633677], 
            [-79.8684391771263, 32.9339567367141], 
            [-79.8397957699587, 32.8293026302123], 
            [-79.8293816206652, 32.7271846118804], 
            [-79.8410638140437, 32.7163657676661], 
            [-79.8627104956927, 32.6704913500958], 
            [-79.9310859508559, 32.6263346376335], 
            [-79.9977886670133, 32.5804332404018], 
            [-80.0378444709455, 32.5820250404233], 
            [-80.1111302244802, 32.5588225316346], 
            [-80.1552869369425, 32.5354581448776], 
            [-80.2236623921057, 32.5138114632285], 
            [-80.306660823738, 32.4698885744982], 
            [-80.4043451843827, 32.4389608893337], 
            [-80.4012784962056, 32.3614303357415], 
            [-80.4282401711469, 32.3042964061543], 
            [-80.6215584381713, 32.2290141576773], 
            [-80.7070479918713, 32.1367527089704], 
            [-80.8313612783003, 32.0636648062859], 
            [-80.8277909697774, 31.9736336762533], 
            [-80.8880275604235, 31.9178217500738], 
            [-80.9204930862869, 31.8827751699382], 
            [-80.9886437109384, 31.8196427623037], 
            [-81.1022820446806, 31.6799960349891], 
            [-81.099889848038, 31.6194536748473], 
            [-81.1640384895846, 31.4835121543625], 
            [-81.2338888329032, 31.382005675022], 
            [-81.2580895891631, 31.2301011882193], 
            [-81.3695875364356, 31.0930894744997], 
            [-81.3931227943814, 30.8475026101574], 
            [-81.4327739033928, 30.772562104058], 
            [-81.3697224347425, 30.7141511371654], 
            [-81.4156328251947, 30.6273935393804], 
            [-81.3869174722635, 30.4715770016773], 
            [-81.3480757530935, 30.3981743362767], 
            [-81.3535256446927, 30.2608568530614], 
            [-81.2814539759202, 29.9922653307805], 
            [-81.2380347075357, 29.868410698595], 
            [-81.1974303171554, 29.6979352115409], 
            [-80.9611064698876, 29.1971837030656], 
            [-80.7188021310135, 28.821950572561], 
            [-80.5177227147315, 28.5440960332054], 
            [-80.5136307994218, 28.4409707741819], 
            [-80.582905576631, 28.3767861597535], 
            [-80.5550895457459, 28.1390503768735], 
            [-80.4945921517064, 28.0108789988668], 
            [-80.3698831635771, 27.7751846770313], 
            [-80.238015571961, 27.4173264484569], 
            [-80.1678324794853, 27.2686055616974], 
            [-80.1327858993497, 27.2023704930039], 
            [-80.1111302244802, 27.1339950378408], 
            [-80.0223581453121, 26.9178609705075], 
            [-80.0097406570056, 26.5995279458581], 
            [-80.071290257839, 26.127473803873], 
            [-80.1245571026281, 25.6269471259092], 
            [-80.1786513236996, 25.6485938075583], 
            [-80.2234915209169, 25.6723179231337], 
            [-80.2453090737547, 25.6260927699654], 
            [-80.2901132980901, 25.5414215993274], 
            [-80.2937105862745, 25.4505540997919], 
            [-80.2546440365929, 25.4083848890515], 
            [-80.2228080361619, 25.4685495339339], 
            [-80.1871768966964, 25.5810727083389], 
            [-80.1336402552935, 25.544731104457], 
            [-80.1736870660052, 25.403789353396], 
            [-80.3768349229932, 25.0891975084583], 
            [-80.4037156589504, 25.0642952810025], 
            [-80.4253623405994, 25.0409308942454], 
            [-80.4487267273565, 25.0192842125964], 
            [-80.4988549382048, 24.9651720050841], 
            [-80.6504266758503, 24.8608776274007], 
            [-80.6962921002002, 24.8392309457516], 
            [-80.779281538612, 24.7953170502417], 
            [-80.8538353362317, 24.7717188397527], 
            [-80.9384975136493, 24.7269146154172], 
            [-81.1005463531316, 24.7204934560083], 
            [-81.0758329833055, 24.7532737445877], 
            [-80.9213564354511, 24.8167299081588], 
            [-80.852980980288, 24.8383765898079], 
            [-80.8088242678256, 24.8617409765649], 
            [-80.7629498502553, 24.883387658214], 
            [-80.7521310060411, 24.8950698515924]
          ], 
          [
            [-69.7503377079188, 47.7760620156496], 
            [-69.7322703280132, 47.7561330391085], 
            [-69.7241494499371, 47.783760212364], 
            [-69.7503377079188, 47.7760620156496]
          ], 
          [
            [-69.8154666104956, 47.8605443286579], 
            [-69.8760719231806, 47.7592087205061], 
            [-69.9938111654529, 47.6719115294936], 
            [-70.1100125670263, 47.6243553796971], 
            [-70.1419564861029, 47.5713943044037], 
            [-70.17137331023, 47.4995294797018], 
            [-70.2769986845416, 47.4363610991855], 
            [-70.3438362990059, 47.3497653793688], 
            [-70.4105839812657, 47.3398998165234], 
            [-70.4938701959527, 47.3522025421137], 
            [-70.5245640573853, 47.3013278939672], 
            [-70.5441692779897, 47.2534120153523], 
            [-70.6595972626035, 47.1212746271224], 
            [-70.6693998729057, 47.0860661690186], 
            [-70.6055839805162, 47.103836772649], 
            [-70.4726282092244, 47.184038312718], 
            [-70.4798767449158, 47.2331323032133], 
            [-70.4590124734468, 47.2759220461656], 
            [-70.3271628682717, 47.2240851234298], 
            [-70.2094775853222, 47.32382893156], 
            [-70.088087095543, 47.3735164746057], 
            [-70.0973321261766, 47.4360643229103], 
            [-70.0715395698952, 47.4559663197899], 
            [-70.0519343492907, 47.5038821984048], 
            [-69.9365063646769, 47.5684984874153], 
            [-69.9089421439647, 47.6358487154459], 
            [-69.8014731594587, 47.6585206242275], 
            [-69.7818589456338, 47.7138019503998], 
            [-69.8405037362584, 47.7590648289788], 
            [-69.7789631286454, 47.8610749286651], 
            [-69.7691605183432, 47.896283386769], 
            [-69.8154666104956, 47.8605443286579]
          ], 
          [
            [-70.7144199345323, 47.0860661690186], 
            [-70.7144199345323, 47.0635651314258], 
            [-70.6693998729057, 47.0635651314258], 
            [-70.6693998729057, 47.0860661690186], 
            [-70.7144199345323, 47.0860661690186]
          ], 
          [
            [-70.7655643792926, 47.0545449313036], 
            [-70.7269295041932, 47.0343101852669], 
            [-70.7144199345323, 47.0635651314258], 
            [-70.7655643792926, 47.0545449313036]
          ], 
          [
            [-60.4553227549411, 46.3806829221792], 
            [-60.4372553750355, 46.3607629388586], 
            [-60.4291344969594, 46.3883811188936], 
            [-60.4553227549411, 46.3806829221792]
          ], 
          [
            [-60.365300618129, 46.3581728913659], 
            [-60.3472332382233, 46.3382529080454], 
            [-60.3391123601472, 46.3658710880803], 
            [-60.365300618129, 46.3581728913659]
          ], 
          [
            [-71.2995728170318, 46.298349988861], 
            [-71.2887539728175, 46.3100321822395], 
            [-71.2121407277124, 46.3595038879941], 
            [-71.1359231843074, 46.4417738687691], 
            [-71.2195961074743, 46.6805078991204], 
            [-71.1601059541264, 46.9075507428726], 
            [-71.2931696440638, 46.8055136635248], 
            [-71.3763929062076, 46.8953379494869], 
            [-71.422932822092, 47.061793466995], 
            [-71.331957403911, 47.3213557959333], 
            [-71.3341607429239, 47.3771227560105], 
            [-71.4496426868604, 47.4119804785163], 
            [-71.5848017971651, 47.3189725925112], 
            [-71.6606416253107, 47.0794291723185], 
            [-71.646360391219, 46.7190348555742], 
            [-71.5770406479075, 46.4544812892802], 
            [-71.4368183544834, 46.3245562332836], 
            [-71.2995728170318, 46.298349988861]
          ], 
          [
            [-78.5015236264142, 46.0957956844234], 
            [-78.4904889449088, 46.1072800269517], 
            [-78.269993165652, 46.1503215800769], 
            [-78.0118517655465, 46.2284366929991], 
            [-77.9728571616287, 46.3111473415767], 
            [-78.0178682300347, 46.3543957387724], 
            [-78.0399196066045, 46.4912006084214], 
            [-77.9949085381984, 46.5344400123967], 
            [-77.9728571616287, 46.9625083131082], 
            [-77.9498974697923, 46.9845686828985], 
            [-77.9278371000021, 47.0975415183265], 
            [-77.9048864013862, 47.1196018881167], 
            [-77.882826031596, 47.142561579953], 
            [-77.8598663397597, 47.1646219497433], 
            [-77.8606307634989, 47.2021596519465], 
            [-78.0468893524616, 47.3498283319121], 
            [-78.1942702493724, 47.4213334277955], 
            [-78.3966356961804, 47.4608406452796], 
            [-79.0306397522227, 47.5022004661786], 
            [-79.5611228475413, 47.5383262327695], 
            [-79.7792264301556, 47.5011212797233], 
            [-79.9128656862024, 47.3620321320773], 
            [-79.9074068013827, 47.094546775913], 
            [-79.7950365117256, 46.9287837363804], 
            [-79.3230723019451, 46.5545938194493], 
            [-78.9631186530034, 46.2193535403337], 
            [-78.8246230579077, 46.1095553117283], 
            [-78.5015236264142, 46.0957956844234]
          ], 
          [
            [-64.7144849854936, 45.5648449416408], 
            [-64.6510917744658, 45.6139838982384], 
            [-64.6019528178682, 45.6323660408602], 
            [-64.5305826202916, 45.6788430042014], 
            [-64.5710880852469, 45.7068029266139], 
            [-64.645066316757, 45.6902194280842], 
            [-64.6694739170875, 45.654867078453], 
            [-64.7360417349381, 45.6089117218986], 
            [-64.7728060201816, 45.5556538703299], 
            [-64.7144849854936, 45.5648449416408]
          ], 
          [
            [-65.997925463889, 45.2286693675973], 
            [-66.0493576917041, 45.3507883082339], 
            [-66.0997287195048, 45.3941895901775], 
            [-66.1560982253528, 45.3660947694581], 
            [-66.0331519084338, 45.2180663606741], 
            [-65.997925463889, 45.2286693675973]
          ], 
          [
            [-66.0781629768398, 44.4078401497032], 
            [-66.0858611735542, 44.4340284076849], 
            [-66.1057811568749, 44.4159610277793], 
            [-66.0781629768398, 44.4078401497032]
          ], 
          [
            [-64.0755436514183, 44.4165635735501], 
            [-64.1520399846575, 44.3771822611525], 
            [-64.0976310008699, 44.3628290812971], 
            [-64.0755436514183, 44.4165635735501]
          ], 
          [
            [-68.2920600305459, 44.1811120686671], 
            [-68.3363336548742, 44.1418566613559], 
            [-68.2837592880607, 44.1152637084535], 
            [-68.2920600305459, 44.1811120686671]
          ], 
          [
            [-70.1517680896256, 43.9127094040159], 
            [-70.1409402521908, 43.9243915973944], 
            [-70.0725647970277, 43.9460382790434], 
            [-70.0059070469726, 43.999314117053], 
            [-70.0572943086854, 44.1954382688611], 
            [-70.1950164868214, 44.3061358195125], 
            [-70.3790537503302, 44.208748235143], 
            [-70.4551633750896, 44.0675276942477], 
            [-70.3784152316775, 43.955984780873], 
            [-70.1517680896256, 43.9127094040159]
          ], 
          [
            [-66.1006730076531, 43.6426340003589], 
            [-66.1083712043675, 43.6688222583406], 
            [-66.1282911876881, 43.650754878435], 
            [-66.1006730076531, 43.6426340003589]
          ], 
          [
            [-79.739359483853, 43.57512189436], 
            [-79.7295478803304, 43.5878203216506], 
            [-79.6914436052381, 43.6172371457777], 
            [-79.6540138216805, 43.6657195972817], 
            [-79.6668921133802, 43.7528639035464], 
            [-79.7175868971175, 43.8818086985127], 
            [-79.8219262409032, 43.9225120143181], 
            [-79.9858096973596, 43.8982932716172], 
            [-80.0403895523359, 43.8275885723548], 
            [-79.9926715245712, 43.66392994641], 
            [-79.8014306914732, 43.58566194874], 
            [-79.739359483853, 43.57512189436]
          ], 
          [
            [-70.898142435325, 42.3970999462056], 
            [-70.8800750554194, 42.3771799628851], 
            [-70.8719541773434, 42.40479814292], 
            [-70.898142435325, 42.3970999462056]
          ], 
          [
            [-78.5015236264142, 42.359787074514], 
            [-78.4906957889794, 42.3714692678925], 
            [-78.3924178757843, 42.4349344246841], 
            [-78.2964692066885, 42.5981343963854], 
            [-78.3109392984098, 42.9632231742102], 
            [-78.3586663193951, 43.0993895252065], 
            [-78.4545340495067, 43.2387035033641], 
            [-78.6314846552925, 43.2708542665113], 
            [-78.7684963690122, 43.2228394624713], 
            [-78.9051123810315, 43.1288243357745], 
            [-79.0783667732079, 42.8605295897688], 
            [-79.1272089535303, 42.6554751700431], 
            [-79.0723413154993, 42.4989391747033], 
            [-78.8042803932255, 42.3724315424818], 
            [-78.5015236264142, 42.359787074514]
          ], 
          [
            [-70.8719541773434, 41.4595477199514], 
            [-70.8627631060324, 41.4728576862333], 
            [-70.8136331426554, 41.4912488220755], 
            [-70.7502399316275, 41.5403787854527], 
            [-70.6847692866732, 41.5648763179877], 
            [-70.7056875174649, 41.6487920581071], 
            [-70.8136331426554, 41.5587609280744], 
            [-70.8852731368457, 41.5403787854527], 
            [-70.9468766970019, 41.5002600289773], 
            [-70.8719541773434, 41.4595477199514]
          ], 
          [
            [-70.7332427449567, 41.4222348482597], 
            [-70.7513101248623, 41.4421548315803], 
            [-70.7594310029384, 41.4145366515453], 
            [-70.7332427449567, 41.4222348482597]
          ], 
          [
            [-70.7594310029384, 41.392026620732], 
            [-70.7594310029384, 41.4145366515453], 
            [-70.8269431089373, 41.4145366515453], 
            [-70.8269431089373, 41.392026620732], 
            [-70.7594310029384, 41.392026620732]
          ], 
          [
            [-83.6104012989807, 41.2119823471077], 
            [-83.5588161864178, 41.2954304397631], 
            [-83.5300738538252, 41.3884832918705], 
            [-83.5331855081047, 41.4405720247792], 
            [-83.5995015157823, 41.6881913569457], 
            [-83.6708447336974, 41.7903273617184], 
            [-83.7788443182106, 41.783897209089], 
            [-83.9755530293488, 41.5637341789892], 
            [-84.0036208704068, 41.3694266577141], 
            [-83.8437843631578, 41.2266053235769], 
            [-83.6104012989807, 41.2119823471077]
          ], 
          [
            [-72.2242737312476, 41.1357018511596], 
            [-72.252386538408, 41.0896026030778], 
            [-72.1924557172575, 41.069385843482], 
            [-72.1548011031883, 41.1444612478884], 
            [-72.2242737312476, 41.1357018511596]
          ], 
          [
            [-73.6627123642841, 40.9419069434508], 
            [-73.6627123642841, 40.9193969126375], 
            [-73.617701295878, 40.9193969126375], 
            [-73.617701295878, 40.9419069434508], 
            [-73.6627123642841, 40.9419069434508]
          ], 
          [
            [-73.6889006222659, 40.9116987159231], 
            [-73.6708332423602, 40.8917787326025], 
            [-73.6627123642841, 40.9193969126375], 
            [-73.6889006222659, 40.9116987159231]
          ], 
          [
            [-84.6906939203881, 40.5592993721684], 
            [-84.6794434015916, 40.5304761005917], 
            [-84.6681838895748, 40.5592993721684], 
            [-84.6353856145544, 40.5896964573257], 
            [-84.6123539769544, 40.6385026647662], 
            [-84.5712189865669, 40.716240062429], 
            [-84.4097996725168, 41.2276575303708], 
            [-84.438865761046, 41.403618881906], 
            [-84.535677779306, 41.5356123786084], 
            [-84.8320403663698, 41.8997658615054], 
            [-84.8599193497981, 42.0330184090724], 
            [-84.9032127130962, 42.3048115178374], 
            [-84.99365753127, 42.5628449992973], 
            [-85.0044134229411, 42.8342334131416], 
            [-84.9724515174235, 43.0016422120186], 
            [-84.9049304182042, 43.298526405869], 
            [-84.971426290291, 43.4276150923627], 
            [-85.1286997297087, 43.5482231719619], 
            [-85.4904160498608, 43.7396258830282], 
            [-85.6576899504308, 43.7687549241006], 
            [-85.8387144850853, 43.7256324319912], 
            [-86.1883529101586, 43.572369968899], 
            [-86.2995001218331, 43.4958826288803], 
            [-86.3443942783732, 43.4976632865315], 
            [-86.3470742580705, 43.4300252754462], 
            [-86.3219561933236, 43.4067508208938], 
            [-86.0413497285071, 43.1039041218778], 
            [-85.8616741769217, 43.0339368666931], 
            [-85.8053136642941, 42.9817132354775], 
            [-85.7991802879399, 42.8270478299934], 
            [-85.8952009027994, 42.7090657707688], 
            [-85.9371093101465, 42.4895502525422], 
            [-85.9945759888907, 42.3255858571017], 
            [-85.9445017373652, 42.2194838421057], 
            [-85.7467228329923, 42.0060297544697], 
            [-85.5597537796132, 41.9070953361809], 
            [-85.2881675149188, 41.7789239581742], 
            [-85.283643925027, 41.6648899227318], 
            [-85.3248688476191, 41.467875442098], 
            [-85.356408071775, 41.2043021368343], 
            [-85.4288034964841, 40.7885635413744], 
            [-85.3798803771776, 40.6849076823437], 
            [-85.1437184078782, 40.5818453758635], 
            [-84.8759992279819, 40.503469459548], 
            [-84.7239868225338, 40.525116141197], 
            [-84.7249131242413, 40.5484715347336], 
            [-84.6906939203881, 40.5592993721684]
          ], 
          [
            [-74.7655150165048, 40.3567450677308], 
            [-74.7555055621319, 40.3692456441712], 
            [-74.6456443809834, 40.4006589632406], 
            [-74.6204633636932, 40.5647402705471], 
            [-74.7134802429188, 40.6392221224031], 
            [-74.9006381539276, 40.7180836726235], 
            [-75.0172352572013, 40.6495463394921], 
            [-75.0455908813141, 40.4616779640669], 
            [-74.9769726091985, 40.3677437763543], 
            [-74.7655150165048, 40.3567450677308]
          ], 
          [
            [-82.8001840812303, 40.064168626481], 
            [-82.8078822779447, 40.0903568844627], 
            [-82.8278022612653, 40.0722895045571], 
            [-82.8001840812303, 40.064168626481]
          ], 
          [
            [-75.4632000666297, 39.366483576356], 
            [-75.4708982633441, 39.3926628411173], 
            [-75.4908182466647, 39.3746044544321], 
            [-75.4632000666297, 39.366483576356]
          ], 
          [
            [-75.425887194938, 39.3701618035245], 
            [-75.4458071782586, 39.3520944236188], 
            [-75.4181889982236, 39.3439735455428], 
            [-75.425887194938, 39.3701618035245]
          ], 
          [
            [-75.3956789674103, 39.3439735455428], 
            [-75.4181889982236, 39.3439735455428], 
            [-75.4181889982236, 39.32147250795], 
            [-75.3956789674103, 39.32147250795], 
            [-75.3956789674103, 39.3439735455428]
          ], 
          [
            [-82.9577273172618, 39.2989624771367], 
            [-82.9471063238977, 39.3108515145858], 
            [-82.6562206080945, 39.3651435865074], 
            [-82.3038212643398, 39.4957611204794], 
            [-82.1540301843455, 39.6003882473198], 
            [-82.0171623621532, 39.6246699425639], 
            [-81.8040590101152, 39.5088642426907], 
            [-81.7519343043246, 39.5371838939216], 
            [-81.701194554485, 39.5341621718468], 
            [-81.7093064393406, 39.6703105364022], 
            [-81.7067883376116, 39.7125696793473], 
            [-81.7329945820343, 39.7855946294886], 
            [-81.7298019887707, 39.8391042912301], 
            [-81.7318524430357, 39.8734673866107], 
            [-81.6231963534289, 39.9233347940656], 
            [-81.4842061312079, 40.0310465955241], 
            [-81.2675414638674, 40.1882930552804], 
            [-81.1102860108906, 40.3642813864769], 
            [-80.8872001841411, 40.7729423174341], 
            [-80.7762148504349, 41.0616426806653], 
            [-80.6317567501738, 41.2684597716013], 
            [-80.6064768074586, 41.4039156581812], 
            [-80.555871955926, 41.6239977492968], 
            [-80.5625449255078, 41.735999316915], 
            [-80.72888353115, 42.020733669923], 
            [-80.8777303229959, 42.1154053017134], 
            [-81.1775283202757, 42.1555060717479], 
            [-81.3559807938785, 42.1448670919428], 
            [-81.4534942833345, 42.0918790369881], 
            [-81.4860857142842, 41.9517916418708], 
            [-81.482020778636, 41.8836320239988], 
            [-81.4328818220384, 41.7001523401585], 
            [-81.3190726171075, 41.5532930500343], 
            [-81.135296156992, 41.4364081637059], 
            [-81.1546315809826, 41.1118967966], 
            [-81.1969806561323, 41.0339705413075], 
            [-81.3981410113985, 40.9416461400574], 
            [-81.6139872956771, 40.9013565123932], 
            [-81.6939999781164, 40.8578832846859], 
            [-81.8880556892186, 40.5024082595336], 
            [-81.9634548495616, 40.3804332104244], 
            [-82.0208226028807, 40.3291718537981], 
            [-82.068099962843, 40.2548338934695], 
            [-82.1734195676589, 40.1264736578331], 
            [-82.4969866466164, 40.0760576639301], 
            [-82.7869460607121, 40.0215767343789], 
            [-83.0241242639236, 40.0357050837227], 
            [-83.1033815158442, 40.0072685206258], 
            [-83.3393906003959, 39.9704952421618], 
            [-83.4122356861279, 39.9309070856935], 
            [-83.4465628086267, 39.5651078434523], 
            [-83.4184679879073, 39.5134058190234], 
            [-83.3890241841187, 39.4180686889189], 
            [-83.3054771660383, 39.3102579620354], 
            [-82.9577273172618, 39.2989624771367]
          ], 
          [
            [-83.4528580629492, 39.1639292719184], 
            [-83.4634880495338, 39.2313514457127], 
            [-83.5488247184859, 39.2856525108548], 
            [-83.5257301283427, 39.1826261772563], 
            [-83.4528580629492, 39.1639292719184]
          ], 
          [
            [-84.0830310070752, 39.0288870734797], 
            [-84.0983374682995, 39.1090706271078], 
            [-84.2643163451232, 39.3255104639368], 
            [-84.2964041557271, 39.4154876346467], 
            [-84.2225158564216, 39.5953880167436], 
            [-84.3197685424842, 39.7148989234466], 
            [-84.4181094082226, 39.8489608608551], 
            [-84.5707153662211, 39.6842500281164], 
            [-84.7218734157255, 39.5653866332865], 
            [-84.7465328262289, 39.5065889579142], 
            [-84.6094221870842, 39.3795507256855], 
            [-84.5448328777351, 39.3040346534765], 
            [-84.6004469530644, 39.145358271667], 
            [-84.521468490978, 39.1080903660776], 
            [-84.4940931278955, 39.078547636864], 
            [-84.3858866993116, 39.1164720475471], 
            [-84.1847353372659, 39.0397149109145], 
            [-84.0830310070752, 39.0288870734797]
          ], 
          [
            [-76.3822712248371, 38.946563133382], 
            [-76.4003386047427, 38.9664831167025], 
            [-76.4084594828188, 38.9388649366676], 
            [-76.3822712248371, 38.946563133382]
          ], 
          [
            [-83.8129556034183, 38.7138006014167], 
            [-83.7108375850864, 38.8367469183357], 
            [-83.663263448849, 38.9127126515677], 
            [-83.6208154482742, 38.9492790859611], 
            [-83.5999871496871, 39.0005224561465], 
            [-83.6860162966148, 39.0746445791841], 
            [-83.8233697527119, 39.0168001851805], 
            [-83.8936247909513, 38.9956481306568], 
            [-83.8230909628776, 38.9055810277423], 
            [-83.8566986277394, 38.7514911883677], 
            [-83.8129556034183, 38.7138006014167]
          ], 
          [
            [-76.228406215974, 38.6462884954178], 
            [-76.2697840233139, 38.6998880893639], 
            [-76.3057299254956, 38.6594185972905], 
            [-76.228406215974, 38.6462884954178]
          ], 
          [
            [-76.3698605806012, 38.4999957781827], 
            [-76.3220975867342, 38.6300557324861], 
            [-76.3863181740444, 38.6853910179812], 
            [-76.4272912864636, 38.7588206630432], 
            [-76.3962287029922, 38.8144976909158], 
            [-76.4084594828188, 38.9388649366676], 
            [-76.4334516424793, 38.9188460279219], 
            [-76.4634710123773, 38.8138411858221], 
            [-76.5002802637231, 38.7512303849743], 
            [-76.4691996938108, 38.5013357680314], 
            [-76.3848252994479, 38.4337697027097], 
            [-76.3409383835995, 38.421224160167], 
            [-76.3698605806012, 38.4999957781827]
          ], 
          [
            [-76.5061798163454, 38.1098159152724], 
            [-76.526099799666, 38.0917575285871], 
            [-76.498481619631, 38.0836366505111], 
            [-76.5061798163454, 38.1098159152724]
          ], 
          [
            [-75.9225108152219, 38.0028055850098], 
            [-75.9041286726001, 38.0741128300431], 
            [-75.9900319144413, 38.075632684301], 
            [-75.9358297747243, 37.9936055204785], 
            [-75.9225108152219, 38.0028055850098]
          ], 
          [
            [-75.752098280711, 37.933791611194], 
            [-75.7701656606167, 37.9537115945146], 
            [-75.7782865386927, 37.9260934144796], 
            [-75.752098280711, 37.933791611194]
          ], 
          [
            [-75.7782865386927, 37.9035833836663], 
            [-75.7782865386927, 37.9260934144796], 
            [-75.8007875762855, 37.9260934144796], 
            [-75.8007875762855, 37.9035833836663], 
            [-75.7782865386927, 37.9035833836663]
          ], 
          [
            [-81.3372838885406, 37.723539110042], 
            [-81.3264650443262, 37.7352213034205], 
            [-81.1979609171626, 37.7958625889873], 
            [-81.069969403565, 37.9000310615843], 
            [-80.9372114831234, 38.1056160813172], 
            [-80.869240722881, 38.3203112333768], 
            [-80.8768759670522, 38.5129729953076], 
            [-81.0120440705774, 38.7684254224953], 
            [-81.2545552535221, 38.9591266623656], 
            [-81.5022645178931, 39.0555879450277], 
            [-81.6858431271585, 39.0171779004398], 
            [-81.7154128360335, 39.0183470190997], 
            [-81.8281968138318, 38.8966327733839], 
            [-81.9611345986827, 38.6704982448982], 
            [-82.0419027116408, 38.3314268538663], 
            [-81.9972513720531, 38.0750031588688], 
            [-81.8353644105391, 37.8834385698342], 
            [-81.6090050515418, 37.7372627644651], 
            [-81.3372838885406, 37.723539110042]
          ], 
          [
            [-85.2983568337008, 37.6560180108226], 
            [-85.2097736121624, 37.7693415818486], 
            [-85.1386732111997, 37.9495837063231], 
            [-85.0552341117648, 38.3297181419787], 
            [-85.0847858341988, 38.589865030247], 
            [-85.0843181867349, 38.6127437830992], 
            [-85.5138254027201, 39.1090976067692], 
            [-85.6512777842423, 39.1536949870341], 
            [-85.7564355110899, 39.2631424800415], 
            [-85.7822460538123, 39.6061439084147], 
            [-85.8295054273336, 39.7905229143011], 
            [-85.9112538013218, 39.9492172825516], 
            [-86.110912288771, 40.1807207636524], 
            [-86.2343622260358, 40.2102365132046], 
            [-86.3722372889197, 40.1167789661764], 
            [-86.4290924286726, 40.0575945823242], 
            [-86.5957907631331, 39.8226107249051], 
            [-86.591707841044, 39.6221968069372], 
            [-86.2702361824538, 39.4114406854393], 
            [-85.9925435210666, 39.2161079370317], 
            [-85.9625151579481, 39.1476065767821], 
            [-86.0679786542914, 38.9428759129931], 
            [-86.3474249936685, 38.629974793502], 
            [-86.3995586926795, 38.469337889632], 
            [-86.4346862117992, 38.0686359587826], 
            [-86.3569488141364, 37.9177207262306], 
            [-85.6870618084556, 37.8914785089261], 
            [-85.3776500585033, 37.6817476145608], 
            [-85.2983568337008, 37.6560180108226]
          ], 
          [
            [-76.3465771328284, 37.3472807524048], 
            [-76.3714074145205, 37.3073148806773], 
            [-76.3184283527862, 37.2959204703535], 
            [-76.3465771328284, 37.3472807524048]
          ], 
          [
            [-76.498481619631, 35.3378895319764], 
            [-76.5061798163454, 35.3640777899581], 
            [-76.526099799666, 35.3460104100525], 
            [-76.498481619631, 35.3378895319764]
          ], 
          [
            [-76.1608851167547, 35.0228030599134], 
            [-76.129642668874, 35.0590727180316], 
            [-76.0812771292361, 35.1007383084263], 
            [-76.0197005487413, 35.1722164246484], 
            [-75.9238777847319, 35.164518227934], 
            [-75.6775534763118, 35.2600711953295], 
            [-75.6538743268387, 35.2581646325918], 
            [-75.6103291533677, 35.2824643142767], 
            [-75.5636363527354, 35.3032926128639], 
            [-75.5352627421818, 35.3669016611828], 
            [-75.5445077728154, 35.4819789101986], 
            [-75.5186252843293, 35.5283569481147], 
            [-75.4977969857422, 35.5858326200794], 
            [-75.5493461254233, 35.7262077982514], 
            [-75.6103291533677, 35.7534212833656], 
            [-75.6311574519548, 35.7775950599641], 
            [-75.6590364353831, 35.8016159518148], 
            [-75.702131947831, 35.7981535619374], 
            [-75.6946136155259, 35.7045251437205], 
            [-75.7249747278014, 35.5653370706494], 
            [-75.9148755710507, 35.5221965920991], 
            [-76.030762209908, 35.3608042577104], 
            [-76.1054598990551, 35.3274753826829], 
            [-76.1518379369712, 35.3016018874172], 
            [-76.2058961851608, 35.3059456128998], 
            [-76.2867632235439, 35.2994435145067], 
            [-76.4450439036532, 35.3281408809969], 
            [-76.4393511951015, 35.2572383308843], 
            [-76.5289776302134, 35.0965924337939], 
            [-76.6019126481501, 35.0337568024345], 
            [-76.549347274557, 35.0123889106198], 
            [-76.4698921717862, 35.1046233796653], 
            [-76.2802611251507, 35.0349798804172], 
            [-76.1608851167547, 35.0228030599134]
          ], 
          [
            [-79.739359483853, 33.8974993700999], 
            [-79.728936341339, 33.9095952516196], 
            [-79.604389231178, 33.9876024458962], 
            [-79.5236660843223, 34.1164842883193], 
            [-79.4813709684953, 34.2820404837814], 
            [-79.55855977971, 34.4203921873496], 
            [-79.6947171374858, 34.4480643267074], 
            [-79.8446341225666, 34.3930078310466], 
            [-79.9699546496873, 34.2475514833144], 
            [-79.9973390059903, 34.057785538372], 
            [-79.916157204891, 33.9122842245374], 
            [-79.739359483853, 33.8974993700999]
          ], 
          [
            [-87.0763345052331, 30.4315661638475], 
            [-87.0663340440808, 30.4440667402879], 
            [-86.9823193785364, 30.4950942731822], 
            [-86.9129636623431, 30.6092811933725], 
            [-86.934394506701, 30.7815553245187], 
            [-87.0707227356656, 30.8907330209123], 
            [-87.2687894230933, 30.8660915968498], 
            [-87.3755389499625, 30.73278508996], 
            [-87.3527051632126, 30.5492244671355], 
            [-87.2201540868416, 30.4430774860372], 
            [-87.0763345052331, 30.4315661638475]
          ], 
          [
            [-82.732662982011, 29.8239032505347], 
            [-82.7222488327174, 29.8359901388339], 
            [-82.6530549944923, 29.8568274306415], 
            [-82.5735369391783, 29.8860284174776], 
            [-82.5082551518537, 29.9617962998594], 
            [-82.5480411591721, 30.3663922951684], 
            [-82.5948598648908, 30.5374613347728], 
            [-82.7177971885893, 30.5770225115798], 
            [-82.8819144687777, 30.5079006191184], 
            [-83.0871307664717, 30.2697151752153], 
            [-83.1481857401797, 30.0936009389322], 
            [-83.0898467190508, 29.9347267062725], 
            [-82.9406671780478, 29.8412871456853], 
            [-82.732662982011, 29.8239032505347]
          ], 
          [
            [-81.3147828509478, 28.293490951846], 
            [-81.3291899901259, 28.4347744452845], 
            [-81.461390330899, 28.4937699715071], 
            [-81.5277513046789, 28.4491006454785], 
            [-81.448548012081, 28.307133667285], 
            [-81.3147828509478, 28.293490951846]
          ], 
          [
            [-80.6846099068217, 24.9400809199985], 
            [-80.6923081035361, 24.9662691779803], 
            [-80.7122280868567, 24.9482017980746], 
            [-80.6846099068217, 24.9400809199985]
          ], 
          [
            [-80.7235505514167, 24.9073006314191], 
            [-80.7430028872733, 24.9468258353441], 
            [-80.7521310060411, 24.8950698515924], 
            [-80.7235505514167, 24.9073006314191]
          ]
        ]
      }, 
      "properties" : {
        "OBJECTID" : 162, 
        "Id" : 162, 
        "gridcode" : 1, 
        "Unixtime" : 1785913200, 
        "Timestamp" : 1785913200000, 
        "Shape__Area" : 4709583656280.4609, 
        "Shape__Length" : 29188047.346182223
      }
    }, 
    {
      "type" : "Feature", 
      "id" : 163, 
      "geometry" : 
      {
        "type" : "Polygon", 
        "coordinates" : 
        [
          [
            [-102.515508683779, 21.6541919873704], 
            [-102.515508683779, 21.6992030557765], 
            [-102.470497615373, 21.6992030557765], 
            [-102.470497615373, 21.7892341858091], 
            [-102.425486546967, 21.7892341858091], 
            [-102.425486546967, 21.8342452542152], 
            [-102.335464410154, 21.8342452542152], 
            [-102.335464410154, 21.8792563226212], 
            [-102.290453341748, 21.8792563226212], 
            [-102.290453341748, 21.9242673910273], 
            [-102.245442273342, 21.9242673910273], 
            [-102.245442273342, 21.9692784594334], 
            [-102.15541114331, 21.9692784594334], 
            [-102.15541114331, 22.0142895278395], 
            [-102.065389006497, 22.0142895278395], 
            [-102.065389006497, 22.0593005962456], 
            [-101.930355801279, 22.0593005962456], 
            [-101.930355801279, 22.1043116646517], 
            [-101.705291466028, 22.1043116646517], 
            [-101.705291466028, 22.1493317262782], 
            [-101.435216062371, 22.1493317262782], 
            [-101.435216062371, 22.1043116646517], 
            [-101.210160720341, 22.1043116646517], 
            [-101.210160720341, 22.0593005962456], 
            [-101.525247192404, 22.0593005962456], 
            [-101.525247192404, 22.0142895278395], 
            [-101.750302534434, 22.0142895278395], 
            [-101.750302534434, 21.9692784594334], 
            [-101.885344732873, 21.9692784594334], 
            [-101.885344732873, 21.9242673910273], 
            [-102.020377938091, 21.9242673910273], 
            [-102.020377938091, 21.8792563226212], 
            [-102.110400074903, 21.8792563226212], 
            [-102.110400074903, 21.8342452542152], 
            [-102.200422211716, 21.8342452542152], 
            [-102.200422211716, 21.7892341858091], 
            [-102.290453341748, 21.7892341858091], 
            [-102.290453341748, 21.7442141241826], 
            [-102.335464410154, 21.7442141241826], 
            [-102.335464410154, 21.6992030557765], 
            [-102.425486546967, 21.6992030557765], 
            [-102.425486546967, 21.6541919873704], 
            [-102.515508683779, 21.6541919873704]
          ]
        ]
      }, 
      "properties" : {
        "OBJECTID" : 163, 
        "Id" : 163, 
        "gridcode" : 1, 
        "Unixtime" : 1785913200, 
        "Timestamp" : 1785913200000, 
        "Shape__Area" : 2057525101.3242188, 
        "Shape__Length" : 409434.57299412787
      }
    }, 
    {
      "type" : "Feature", 
      "id" : 164, 
      "geometry" : 
      {
        "type" : "Polygon", 
        "coordinates" : 
        [
          [
            [-102.560519752185, 21.6091809189643], 
            [-102.560519752185, 21.6541919873704], 
            [-102.515508683779, 21.6541919873704], 
            [-102.515508683779, 21.6091809189643], 
            [-102.560519752185, 21.6091809189643]
          ]
        ]
      }, 
      "properties" : {
        "OBJECTID" : 164, 
        "Id" : 164, 
        "gridcode" : 1, 
        "Unixtime" : 1785913200, 
        "Timestamp" : 1785913200000, 
        "Shape__Area" : 27008327.5546875, 
        "Shape__Length" : 20801.675015998073
      }
    }, 
    {
      "type" : "Feature", 
      "id" : 165, 
      "geometry" : 
      {
        "type" : "Polygon", 
        "coordinates" : 
        [
          [
            [-102.605530820591, 21.5641698505582], 
            [-102.605530820591, 21.6091809189643], 
            [-102.560519752185, 21.6091809189643], 
            [-102.560519752185, 21.5641698505582], 
            [-102.605530820591, 21.5641698505582]
          ]
        ]
      }, 
      "properties" : {
        "OBJECTID" : 165, 
        "Id" : 165, 
        "gridcode" : 1, 
        "Unixtime" : 1785913200, 
        "Timestamp" : 1785913200000, 
        "Shape__Area" : 26999924.3203125, 
        "Shape__Length" : 20798.320839934982
      }
    }, 
    {
      "type" : "Feature", 
      "id" : 1, 
      "geometry" : 
      {
        "type" : "Polygon", 
        "coordinates" : 
        [
          [
            [-114.398718526039, 60.0270675950935], 
            [-112.778284090538, 60.0270675950935], 
            [-112.778284090538, 59.8245132906559], 
            [-112.823295158944, 59.8245132906559], 
            [-112.823295158944, 59.6894710922172], 
            [-112.86830622735, 59.6894710922172], 
            [-112.86830622735, 59.6444600238111], 
            [-112.913317295757, 59.6444600238111], 
            [-112.913317295757, 59.554437886999], 
            [-112.958337357383, 59.554437886999], 
            [-112.958337357383, 59.5094268185929], 
            [-113.003348425789, 59.5094268185929], 
            [-113.003348425789, 59.4644157501868], 
            [-113.093370562601, 59.4644157501868], 
            [-113.093370562601, 59.4194046817808], 
            [-113.138381631007, 59.4194046817808], 
            [-113.138381631007, 59.3743846201541], 
            [-113.273414836226, 59.3743846201541], 
            [-113.273414836226, 59.3293735517481], 
            [-113.498479171476, 59.3293735517481], 
            [-113.498479171476, 59.284362483342], 
            [-113.588501308289, 59.284362483342], 
            [-113.588501308289, 59.3293735517481], 
            [-113.81356564354, 59.3293735517481], 
            [-113.81356564354, 59.3743846201541], 
            [-113.948598848758, 59.3743846201541], 
            [-113.948598848758, 59.4194046817808], 
            [-114.03862098557, 59.4194046817808], 
            [-114.03862098557, 59.4644157501868], 
            [-114.083641047197, 59.4644157501868], 
            [-114.083641047197, 59.5094268185929], 
            [-114.128652115603, 59.5094268185929], 
            [-114.128652115603, 59.554437886999], 
            [-114.173663184009, 59.554437886999], 
            [-114.173663184009, 59.5994489554051], 
            [-114.218674252415, 59.5994489554051], 
            [-114.218674252415, 59.6444600238111], 
            [-114.263685320821, 59.6444600238111], 
            [-114.263685320821, 59.6894710922172], 
            [-114.308696389227, 59.6894710922172], 
            [-114.308696389227, 59.7795022222498], 
            [-114.353707457633, 59.7795022222498], 
            [-114.353707457633, 59.9145354274681], 
            [-114.398718526039, 59.9145354274681], 
            [-114.398718526039, 60.0270675950935]
          ]
        ]
      }, 
      "properties" : {
        "OBJECTID" : 1, 
        "Id" : 1, 
        "gridcode" : 2, 
        "Unixtime" : 1785913200, 
        "Timestamp" : 1785913200000, 
        "Shape__Area" : 22459411788.265625, 
        "Shape__Length" : 688097.13861978427
      }
    }, 
    {
      "type" : "Feature", 
      "id" : 2, 
      "geometry" : 
      {
        "type" : "Polygon", 
        "coordinates" : 
        [
          [
            [-110.527676710911, 57.6414180170279], 
            [-110.750699585118, 57.6604566647434], 
            [-111.057206524861, 57.7420611472042], 
            [-111.464581425292, 57.8672737556794], 
            [-111.852782779701, 57.9565224755319], 
            [-112.046199972151, 57.9908945641329], 
            [-112.293774338215, 58.0294754799095], 
            [-112.272532351487, 58.0809256941655], 
            [-112.248754276589, 58.1021586876734], 
            [-112.227521283081, 58.2609699677899], 
            [-112.203743208182, 58.2822119545182], 
            [-112.182510214675, 58.6885886074783], 
            [-112.158732139776, 58.7098216009862], 
            [-112.137490153048, 58.9136439495088], 
            [-112.11372107137, 58.934885936237], 
            [-112.092479084642, 59.0036750795414], 
            [-112.068710002964, 59.0249080730492], 
            [-112.047468016236, 59.0936972163535], 
            [-112.023698934558, 59.1149392030819], 
            [-112.00245694783, 59.1837193531657], 
            [-111.978687866152, 59.204961339894], 
            [-111.957445879424, 59.2287304215718], 
            [-111.933676797746, 59.2499724083001], 
            [-111.912434811018, 59.2737414899779], 
            [-111.88866572934, 59.2949834767062], 
            [-111.867423742612, 59.3187525583839], 
            [-111.843645667713, 59.3399945451122], 
            [-111.822412674206, 59.3637726200105], 
            [-111.753623530901, 59.3850056135183], 
            [-111.732381544173, 59.4087836884166], 
            [-111.663601394089, 59.4300166819244], 
            [-111.642359407361, 59.4537947568227], 
            [-111.528568188871, 59.4750367435509], 
            [-111.48835050697, 59.5200478119571], 
            [-111.033428449963, 59.4988058252287], 
            [-111.012186463235, 59.4750367435509], 
            [-110.898395244745, 59.4537947568227], 
            [-110.877153258016, 59.4300166819244], 
            [-110.808373107933, 59.4087836884166], 
            [-110.787131121204, 59.3850056135183], 
            [-110.763353046306, 59.3637726200105], 
            [-110.742120052798, 59.3399945451122], 
            [-110.673330909494, 59.3187525583839], 
            [-110.652088922766, 59.2949834767062], 
            [-110.628319841088, 59.2737414899779], 
            [-110.607077854359, 59.2499724083001], 
            [-110.583308772682, 59.2287304215718], 
            [-110.562066785953, 59.1599502714879], 
            [-110.538297704276, 59.1387082847596], 
            [-110.517055717547, 59.1149392030819], 
            [-110.493286635869, 59.0936972163535], 
            [-110.472044649141, 59.0249080730492], 
            [-110.448275567463, 59.0036750795414], 
            [-110.427033580735, 58.934885936237], 
            [-110.403255505837, 58.9136439495088], 
            [-110.382022512329, 58.6648105325801], 
            [-110.337011443923, 58.6245928506796], 
            [-110.358244437431, 58.5297773273618], 
            [-110.382022512329, 58.5085353406336], 
            [-110.403255505837, 58.2372008861121], 
            [-110.427033580735, 58.2159588993838], 
            [-110.448275567463, 58.0571476192673], 
            [-110.472044649141, 58.035905632539], 
            [-110.493286635869, 57.877103345643], 
            [-110.517055717547, 57.8558613589147], 
            [-110.527676710911, 57.6414180170279]
          ]
        ]
      }, 
      "properties" : {
        "OBJECTID" : 2, 
        "Id" : 2, 
        "gridcode" : 2, 
        "Unixtime" : 1785913200, 
        "Timestamp" : 1785913200000, 
        "Shape__Area" : 64331183490.195313, 
        "Shape__Length" : 1042578.5932349036
      }
    }, 
    {
      "type" : "Feature", 
      "id" : 5, 
      "geometry" : 
      {
        "type" : "Polygon", 
        "coordinates" : 
        [
          [
            [-126.056873026269, 53.320256524619], 
            [-126.113566288054, 53.4436075364587], 
            [-126.170223576956, 53.5890998570728], 
            [-126.207509468987, 53.9394667330034], 
            [-126.178623244867, 54.2723597815788], 
            [-126.104698972679, 54.5544591209917], 
            [-125.985493835472, 54.8276281924872], 
            [-125.719285516613, 55.1207352337441], 
            [-125.606753348988, 55.1207352337441], 
            [-125.606753348988, 55.0757241653381], 
            [-125.471711150549, 55.0757241653381], 
            [-125.471711150549, 55.0307130969319], 
            [-125.336677945331, 55.0307130969319], 
            [-125.336677945331, 54.9857020285259], 
            [-125.201644740113, 54.9857020285259], 
            [-125.201644740113, 54.9406909601198], 
            [-125.11161361008, 54.9406909601198], 
            [-125.11161361008, 54.8956798917137], 
            [-124.976580404862, 54.8956798917137], 
            [-124.976580404862, 54.8506688233076], 
            [-124.751525062831, 54.8506688233076], 
            [-124.769223720698, 54.6057924233817], 
            [-124.830926206279, 54.097342718192], 
            [-124.879030942524, 53.6752459158664], 
            [-124.920948343091, 53.399657668067], 
            [-124.931569336456, 53.320256524619], 
            [-125.606753348988, 53.320256524619], 
            [-125.606753348988, 53.2752364629924], 
            [-125.921839821051, 53.2752364629924], 
            [-125.921839821051, 53.320256524619], 
            [-126.056873026269, 53.320256524619]
          ]
        ]
      }, 
      "properties" : {
        "OBJECTID" : 5, 
        "Id" : 5, 
        "gridcode" : 2, 
        "Unixtime" : 1785913200, 
        "Timestamp" : 1785913200000, 
        "Shape__Area" : 45782350347.890625, 
        "Shape__Length" : 947556.26220900379
      }
    }, 
    {
      "type" : "Feature", 
      "id" : 8, 
      "geometry" : 
      {
        "type" : "Polygon", 
        "coordinates" : 
        [
          [
            [-118.607356844043, 51.8798663627425], 
            [-118.629866874856, 51.8798663627425], 
            [-118.629866874856, 51.9023674003353], 
            [-118.607356844043, 51.9023674003353], 
            [-118.607356844043, 51.8798663627425]
          ]
        ]
      }, 
      "properties" : {
        "OBJECTID" : 8, 
        "Id" : 8, 
        "gridcode" : 2, 
        "Unixtime" : 1785913200, 
        "Timestamp" : 1785913200000, 
        "Shape__Area" : 10170089.953125, 
        "Shape__Length" : 13128.833567086607
      }
    }, 
    {
      "type" : "Feature", 
      "id" : 21, 
      "geometry" : 
      {
        "type" : "Polygon", 
        "coordinates" : 
        [
          [
            [-123.851276715048, 49.22414138102], 
            [-123.79295568036, 49.2149503097091], 
            [-123.729553476112, 49.1883213839248], 
            [-123.640007979984, 49.1653437056476], 
            [-123.626212379797, 49.111618206615], 
            [-123.707052438519, 49.1024181420836], 
            [-123.8347291894, 48.991540727023], 
            [-123.940498455239, 48.967825604668], 
            [-123.959384218207, 49.052047114283], 
            [-123.930210211032, 49.1300003492368], 
            [-123.877905640833, 49.2057592383982], 
            [-123.851276715048, 49.22414138102]
          ]
        ]
      }, 
      "properties" : {
        "OBJECTID" : 21, 
        "Id" : 21, 
        "gridcode" : 2, 
        "Unixtime" : 1785913200, 
        "Timestamp" : 1785913200000, 
        "Shape__Area" : 904851487.046875, 
        "Shape__Length" : 126771.36530872862
      }
    }, 
    {
      "type" : "Feature", 
      "id" : 22, 
      "geometry" : 
      {
        "type" : "Polygon", 
        "coordinates" : 
        [
          [
            [-125.6967754858, 48.9765760081763], 
            [-125.666459339627, 49.0723448128629], 
            [-125.448337770572, 49.3155304873422], 
            [-125.161885712456, 49.5256390969668], 
            [-124.852366043858, 49.7075989265493], 
            [-124.841547199644, 49.7192811199278], 
            [-124.827634687591, 49.7072931570536], 
            [-124.8317266029, 49.656454481789], 
            [-124.732423462573, 49.5709109687663], 
            [-124.672753444816, 49.5757043552718], 
            [-124.59359511832, 49.5693461484061], 
            [-124.516046578287, 49.5139299239269], 
            [-124.634091590055, 49.4612566316883], 
            [-124.567964440007, 49.4042845800694], 
            [-124.346407460736, 49.3816846170515], 
            [-124.363233776218, 49.3045677516005], 
            [-124.41266051587, 48.9267715532646], 
            [-124.603469674386, 48.8464171284478], 
            [-124.969493747139, 48.7665843104177], 
            [-125.144537790187, 48.7394247846262], 
            [-125.156633671707, 48.7290106353326], 
            [-125.215314435213, 48.7453513169098], 
            [-125.303690812681, 48.8108759211869], 
            [-125.414001654852, 48.8542412302486], 
            [-125.529429639466, 48.8738554440736], 
            [-125.639065990103, 48.9442723602813], 
            [-125.6967754858, 48.9765760081763]
          ]
        ]
      }, 
      "properties" : {
        "OBJECTID" : 22, 
        "Id" : 22, 
        "gridcode" : 2, 
        "Unixtime" : 1785913200, 
        "Timestamp" : 1785913200000, 
        "Shape__Area" : 15516530137.28125, 
        "Shape__Length" : 515973.0673740324
      }
    }, 
    {
      "type" : "Feature", 
      "id" : 25, 
      "geometry" : 
      {
        "type" : "Polygon", 
        "coordinates" : 
        [
          [
            [-123.986309920267, 48.3689130948635], 
            [-123.975284231982, 48.3803884441714], 
            [-123.514561547777, 48.6538902648239], 
            [-123.391858047811, 48.6950252552114], 
            [-123.068174056987, 48.488082259189], 
            [-123.018549466485, 48.4364341940829], 
            [-123.1359559596, 48.4588452994711], 
            [-123.229485452392, 48.5597852059226], 
            [-123.279164002217, 48.5143874290367], 
            [-123.165390770168, 48.4089688987957], 
            [-123.288885673535, 48.3766112915779], 
            [-123.436905089099, 48.3824748713183], 
            [-123.54291717189, 48.2680631206166], 
            [-123.660404603989, 48.2897098022656], 
            [-123.749572384858, 48.3130741890227], 
            [-123.986309920267, 48.3689130948635]
          ]
        ]
      }, 
      "properties" : {
        "OBJECTID" : 25, 
        "Id" : 25, 
        "gridcode" : 2, 
        "Unixtime" : 1785913200, 
        "Timestamp" : 1785913200000, 
        "Shape__Area" : 3471820166.171875, 
        "Shape__Length" : 317540.43050843512
      }
    }, 
    {
      "type" : "Feature", 
      "id" : 29, 
      "geometry" : 
      {
        "type" : "Polygon", 
        "coordinates" : 
        [
          [
            [-117.076944545354, 47.6037069455192], 
            [-117.175959902627, 47.6146876677018], 
            [-117.15336893283, 47.7027223027921], 
            [-117.046655378843, 47.6742767464747], 
            [-117.076944545354, 47.6037069455192]
          ]
        ]
      }, 
      "properties" : {
        "OBJECTID" : 29, 
        "Id" : 29, 
        "gridcode" : 2, 
        "Unixtime" : 1785913200, 
        "Timestamp" : 1785913200000, 
        "Shape__Area" : 159646888.609375, 
        "Shape__Length" : 50849.500555858773
      }
    }, 
    {
      "type" : "Feature", 
      "id" : 30, 
      "geometry" : 
      {
        "type" : "Polygon", 
        "coordinates" : 
        [
          [
            [-64.9753693178397, 48.0988376912065], 
            [-65.212016921044, 48.0002899813976], 
            [-65.3881851166498, 47.9728336793309], 
            [-65.4441859004589, 47.9761701641219], 
            [-65.5261321252973, 48.0207045918435], 
            [-65.5930956448481, 48.0514344261579], 
            [-65.8424776482248, 48.1094586845707], 
            [-65.8862296657664, 48.133236759469], 
            [-65.9471137682857, 48.1544697529768], 
            [-66.0437729017979, 48.0869576469779], 
            [-66.0976602787987, 48.0622172974903], 
            [-66.2250852195072, 48.0698165687797], 
            [-66.2688282438284, 48.0180965579099], 
            [-66.1794446256689, 48.0234205444227], 
            [-66.1074898687623, 48.0191307782629], 
            [-66.0569209901116, 47.9625364419034], 
            [-65.8187085665471, 47.9306824550313], 
            [-65.7033525276969, 47.8593662167776], 
            [-65.6565697948601, 47.7078574316752], 
            [-65.5391183356426, 47.6831080889672], 
            [-65.3929964895963, 47.7625182256357], 
            [-65.2263251347971, 47.8390145588748], 
            [-65.0162435048338, 47.8636200100555], 
            [-64.8633227841191, 47.8545098777287], 
            [-64.840327119401, 47.8287712807701], 
            [-64.8648786112589, 47.747220757632], 
            [-64.9987606842581, 47.5918179080701], 
            [-65.2274582805751, 47.449077512917], 
            [-65.4293830595805, 47.3749284102181], 
            [-65.6424144658549, 47.3284604400973], 
            [-65.9252242696842, 47.305734571993], 
            [-66.2360749349103, 47.3624368269981], 
            [-66.4137180186715, 47.4648516216051], 
            [-66.5360168237174, 47.6210278881266], 
            [-66.5715310513169, 47.8499143420733], 
            [-66.5403785356409, 47.9533903366948], 
            [-66.5161957658219, 47.9742186352819], 
            [-66.4953584740143, 47.9984014051008], 
            [-66.4711846974158, 48.019229703688], 
            [-66.4503474056082, 48.0434124735069], 
            [-66.4261736290097, 48.064240772094], 
            [-66.4053363372021, 48.088423541913], 
            [-66.3811625606036, 48.1092608337206], 
            [-66.360325268796, 48.1334346103191], 
            [-66.291131430571, 48.1542719021266], 
            [-66.2703031319839, 48.1784456787251], 
            [-66.2461203621649, 48.1992829705327], 
            [-66.2252920635778, 48.2234657403517], 
            [-66.1560982253528, 48.2442940389389], 
            [-66.1352609335452, 48.2684768087578], 
            [-66.1110871569467, 48.2893051073449], 
            [-66.0902498651391, 48.3134878771639], 
            [-65.9760449585079, 48.334316175751], 
            [-65.9552166599208, 48.35849894557], 
            [-65.7960006848837, 48.3793272441571], 
            [-65.7572219182568, 48.4243383125632], 
            [-65.5259252812267, 48.4035100139761], 
            [-65.5050969826396, 48.3793272441571], 
            [-65.3458810076024, 48.35849894557], 
            [-65.3250437157948, 48.334316175751], 
            [-65.2558498775697, 48.3134878771639], 
            [-65.2350215789826, 48.2893051073449], 
            [-65.1658277407575, 48.2684768087578], 
            [-65.1449994421704, 48.2442940389389], 
            [-65.0758056039454, 48.2234657403517], 
            [-65.0549773053583, 48.1992829705327], 
            [-65.0307945355393, 48.1784456787251], 
            [-65.0099572437318, 48.1542719021266], 
            [-64.9857834671332, 48.1334346103191], 
            [-64.9753693178397, 48.0988376912065]
          ]
        ]
      }, 
      "properties" : {
        "OBJECTID" : 30, 
        "Id" : 30, 
        "gridcode" : 2, 
        "Unixtime" : 1785913200, 
        "Timestamp" : 1785913200000, 
        "Shape__Area" : 21292597558.964844, 
        "Shape__Length" : 914633.52577508159
      }
    }, 
    {
      "type" : "Feature", 
      "id" : 41, 
      "geometry" : 
      {
        "type" : "Polygon", 
        "coordinates" : 
        [
          [
            [-71.2995728170318, 46.298349988861], 
            [-71.4368183544834, 46.3245562332836], 
            [-71.5770406479075, 46.4544812892802], 
            [-71.646360391219, 46.7190348555742], 
            [-71.6606416253107, 47.0794291723185], 
            [-71.5848017971651, 47.3189725925112], 
            [-71.4496426868604, 47.4119804785163], 
            [-71.3341607429239, 47.3771227560105], 
            [-71.331957403911, 47.3213557959333], 
            [-71.422932822092, 47.061793466995], 
            [-71.3763929062076, 46.8953379494869], 
            [-71.2931696440638, 46.8055136635248], 
            [-71.1601059541264, 46.9075507428726], 
            [-71.2195961074743, 46.6805078991204], 
            [-71.1359231843074, 46.4417738687691], 
            [-71.2121407277124, 46.3595038879941], 
            [-71.2887539728175, 46.3100321822395], 
            [-71.2995728170318, 46.298349988861]
          ]
        ]
      }, 
      "properties" : {
        "OBJECTID" : 41, 
        "Id" : 41, 
        "gridcode" : 2, 
        "Unixtime" : 1785913200, 
        "Timestamp" : 1785913200000, 
        "Shape__Area" : 6349627693.0039063, 
        "Shape__Length" : 446961.61134146503
      }
    }, 
    {
      "type" : "Feature", 
      "id" : 42, 
      "geometry" : 
      {
        "type" : "Polygon", 
        "coordinates" : 
        [
          [
            [-78.5015236264142, 46.0957956844234], 
            [-78.8246230579077, 46.1095553117283], 
            [-78.9631186530034, 46.2193535403337], 
            [-79.3230723019451, 46.5545938194493], 
            [-79.7950365117256, 46.9287837363804], 
            [-79.9074068013827, 47.094546775913], 
            [-79.9128656862024, 47.3620321320773], 
            [-79.7792264301556, 47.5011212797233], 
            [-79.5611228475413, 47.5383262327695], 
            [-79.0306397522227, 47.5022004661786], 
            [-78.3966356961804, 47.4608406452796], 
            [-78.1942702493724, 47.4213334277955], 
            [-78.0468893524616, 47.3498283319121], 
            [-77.8606307634989, 47.2021596519465], 
            [-77.8598663397597, 47.1646219497433], 
            [-77.882826031596, 47.142561579953], 
            [-77.9048864013862, 47.1196018881167], 
            [-77.9278371000021, 47.0975415183265], 
            [-77.9498974697923, 46.9845686828985], 
            [-77.9728571616287, 46.9625083131082], 
            [-77.9949085381984, 46.5344400123967], 
            [-78.0399196066045, 46.4912006084214], 
            [-78.0178682300347, 46.3543957387724], 
            [-77.9728571616287, 46.3111473415767], 
            [-78.0118517655465, 46.2284366929991], 
            [-78.269993165652, 46.1503215800769], 
            [-78.4904889449088, 46.1072800269517], 
            [-78.5015236264142, 46.0957956844234]
          ]
        ]
      }, 
      "properties" : {
        "OBJECTID" : 42, 
        "Id" : 42, 
        "gridcode" : 2, 
        "Unixtime" : 1785913200, 
        "Timestamp" : 1785913200000, 
        "Shape__Area" : 38280205427.738281, 
        "Shape__Length" : 763528.74724956672
      }
    }, 
    {
      "type" : "Feature", 
      "id" : 50, 
      "geometry" : 
      {
        "type" : "Polygon", 
        "coordinates" : 
        [
          [
            [-66.0331519084338, 45.2180663606741], 
            [-66.1560982253528, 45.3660947694581], 
            [-66.0997287195048, 45.3941895901775], 
            [-66.0493576917041, 45.3507883082339], 
            [-65.997925463889, 45.2286693675973], 
            [-66.0331519084338, 45.2180663606741]
          ]
        ]
      }, 
      "properties" : {
        "OBJECTID" : 50, 
        "Id" : 50, 
        "gridcode" : 2, 
        "Unixtime" : 1785913200, 
        "Timestamp" : 1785913200000, 
        "Shape__Area" : 199315810.29296875, 
        "Shape__Length" : 68114.927460149571
      }
    }, 
    {
      "type" : "Feature", 
      "id" : 53, 
      "geometry" : 
      {
        "type" : "Polygon", 
        "coordinates" : 
        [
          [
            [-70.1517680896256, 43.9127094040159], 
            [-70.3784152316775, 43.955984780873], 
            [-70.4551633750896, 44.0675276942477], 
            [-70.3790537503302, 44.208748235143], 
            [-70.1950164868214, 44.3061358195125], 
            [-70.0572943086854, 44.1954382688611], 
            [-70.0059070469726, 43.999314117053], 
            [-70.0725647970277, 43.9460382790434], 
            [-70.1409402521908, 43.9243915973944], 
            [-70.1517680896256, 43.9127094040159]
          ]
        ]
      }, 
      "properties" : {
        "OBJECTID" : 53, 
        "Id" : 53, 
        "gridcode" : 2, 
        "Unixtime" : 1785913200, 
        "Timestamp" : 1785913200000, 
        "Shape__Area" : 2045505180.3320313, 
        "Shape__Length" : 169876.5585151311
      }
    }, 
    {
      "type" : "Feature", 
      "id" : 55, 
      "geometry" : 
      {
        "type" : "Polygon", 
        "coordinates" : 
        [
          [
            [-79.739359483853, 43.57512189436], 
            [-79.8014306914732, 43.58566194874], 
            [-79.9926715245712, 43.66392994641], 
            [-80.0403895523359, 43.8275885723548], 
            [-79.9858096973596, 43.8982932716172], 
            [-79.8219262409032, 43.9225120143181], 
            [-79.7175868971175, 43.8818086985127], 
            [-79.6668921133802, 43.7528639035464], 
            [-79.6540138216805, 43.6657195972817], 
            [-79.6914436052381, 43.6172371457777], 
            [-79.7295478803304, 43.5878203216506], 
            [-79.739359483853, 43.57512189436]
          ]
        ]
      }, 
      "properties" : {
        "OBJECTID" : 55, 
        "Id" : 55, 
        "gridcode" : 2, 
        "Unixtime" : 1785913200, 
        "Timestamp" : 1785913200000, 
        "Shape__Area" : 1668045871.03125, 
        "Shape__Length" : 152804.02076809734
      }
    }, 
    {
      "type" : "Feature", 
      "id" : 61, 
      "geometry" : 
      {
        "type" : "Polygon", 
        "coordinates" : 
        [
          [
            [-78.5015236264142, 42.359787074514], 
            [-78.8042803932255, 42.3724315424818], 
            [-79.0723413154993, 42.4989391747033], 
            [-79.1272089535303, 42.6554751700431], 
            [-79.0783667732079, 42.8605295897688], 
            [-78.9051123810315, 43.1288243357745], 
            [-78.7684963690122, 43.2228394624713], 
            [-78.6314846552925, 43.2708542665113], 
            [-78.4545340495067, 43.2387035033641], 
            [-78.3586663193951, 43.0993895252065], 
            [-78.3109392984098, 42.9632231742102], 
            [-78.2964692066885, 42.5981343963854], 
            [-78.3924178757843, 42.4349344246841], 
            [-78.4906957889794, 42.3714692678925], 
            [-78.5015236264142, 42.359787074514]
          ]
        ]
      }, 
      "properties" : {
        "OBJECTID" : 61, 
        "Id" : 61, 
        "gridcode" : 2, 
        "Unixtime" : 1785913200, 
        "Timestamp" : 1785913200000, 
        "Shape__Area" : 9844969475.9570313, 
        "Shape__Length" : 372597.64479151351
      }
    }, 
    {
      "type" : "Feature", 
      "id" : 64, 
      "geometry" : 
      {
        "type" : "Polygon", 
        "coordinates" : 
        [
          [
            [-83.6104012989807, 41.2119823471077], 
            [-83.8437843631578, 41.2266053235769], 
            [-84.0036208704068, 41.3694266577141], 
            [-83.9755530293488, 41.5637341789892], 
            [-83.7788443182106, 41.783897209089], 
            [-83.6708447336974, 41.7903273617184], 
            [-83.5995015157823, 41.6881913569457], 
            [-83.5331855081047, 41.4405720247792], 
            [-83.5300738538252, 41.3884832918705], 
            [-83.5588161864178, 41.2954304397631], 
            [-83.6104012989807, 41.2119823471077]
          ]
        ]
      }, 
      "properties" : {
        "OBJECTID" : 64, 
        "Id" : 64, 
        "gridcode" : 2, 
        "Unixtime" : 1785913200, 
        "Timestamp" : 1785913200000, 
        "Shape__Area" : 3314591355.9609375, 
        "Shape__Length" : 224545.34827238828
      }
    }, 
    {
      "type" : "Feature", 
      "id" : 69, 
      "geometry" : 
      {
        "type" : "Polygon", 
        "coordinates" : 
        [
          [
            [-84.6906939203881, 40.5592993721684], 
            [-84.6681838895748, 40.5592993721684], 
            [-84.6794434015916, 40.5304761005917], 
            [-84.6906939203881, 40.5592993721684]
          ]
        ]
      }, 
      "properties" : {
        "OBJECTID" : 69, 
        "Id" : 69, 
        "gridcode" : 2, 
        "Unixtime" : 1785913200, 
        "Timestamp" : 1785913200000, 
        "Shape__Area" : 5290261.15234375, 
        "Shape__Length" : 11314.542301449059
      }
    }, 
    {
      "type" : "Feature", 
      "id" : 71, 
      "geometry" : 
      {
        "type" : "Polygon", 
        "coordinates" : 
        [
          [
            [-84.6681838895748, 40.5592993721684], 
            [-84.6794434015916, 40.5881316369655], 
            [-84.6906939203881, 40.5592993721684], 
            [-84.7249131242413, 40.5484715347336], 
            [-84.7239868225338, 40.525116141197], 
            [-84.8759992279819, 40.503469459548], 
            [-85.1437184078782, 40.5818453758635], 
            [-85.3798803771776, 40.6849076823437], 
            [-85.4288034964841, 40.7885635413744], 
            [-85.356408071775, 41.2043021368343], 
            [-85.3248688476191, 41.467875442098], 
            [-85.283643925027, 41.6648899227318], 
            [-85.2881675149188, 41.7789239581742], 
            [-85.5597537796132, 41.9070953361809], 
            [-85.7467228329923, 42.0060297544697], 
            [-85.9445017373652, 42.2194838421057], 
            [-85.9945759888907, 42.3255858571017], 
            [-85.9371093101465, 42.4895502525422], 
            [-85.8952009027994, 42.7090657707688], 
            [-85.7991802879399, 42.8270478299934], 
            [-85.8053136642941, 42.9817132354775], 
            [-85.8616741769217, 43.0339368666931], 
            [-86.0413497285071, 43.1039041218778], 
            [-86.3219561933236, 43.4067508208938], 
            [-86.3470742580705, 43.4300252754462], 
            [-86.3443942783732, 43.4976632865315], 
            [-86.2995001218331, 43.4958826288803], 
            [-86.1883529101586, 43.572369968899], 
            [-85.8387144850853, 43.7256324319912], 
            [-85.6576899504308, 43.7687549241006], 
            [-85.4904160498608, 43.7396258830282], 
            [-85.1286997297087, 43.5482231719619], 
            [-84.971426290291, 43.4276150923627], 
            [-84.9049304182042, 43.298526405869], 
            [-84.9724515174235, 43.0016422120186], 
            [-85.0044134229411, 42.8342334131416], 
            [-84.99365753127, 42.5628449992973], 
            [-84.9032127130962, 42.3048115178374], 
            [-84.8599193497981, 42.0330184090724], 
            [-84.8320403663698, 41.8997658615054], 
            [-84.535677779306, 41.5356123786084], 
            [-84.438865761046, 41.403618881906], 
            [-84.4097996725168, 41.2276575303708], 
            [-84.5712189865669, 40.716240062429], 
            [-84.6123539769544, 40.6385026647662], 
            [-84.6353856145544, 40.5896964573257], 
            [-84.6681838895748, 40.5592993721684]
          ]
        ]
      }, 
      "properties" : {
        "OBJECTID" : 71, 
        "Id" : 71, 
        "gridcode" : 2, 
        "Unixtime" : 1785913200, 
        "Timestamp" : 1785913200000, 
        "Shape__Area" : 48595203928.625, 
        "Shape__Length" : 1217863.4091858654
      }
    }, 
    {
      "type" : "Feature", 
      "id" : 72, 
      "geometry" : 
      {
        "type" : "Polygon", 
        "coordinates" : 
        [
          [
            [-115.749086551103, 40.3567450677308], 
            [-115.839108687916, 40.3567450677308], 
            [-115.839108687916, 40.4467761977634], 
            [-116.01916195476, 40.4467761977634], 
            [-116.01916195476, 40.5367983345756], 
            [-116.109184091573, 40.5367983345756], 
            [-116.109184091573, 40.6268204713877], 
            [-116.199206228385, 40.6268204713877], 
            [-116.199206228385, 40.9869180118569], 
            [-116.109184091573, 40.9869180118569], 
            [-116.109184091573, 41.076940148669], 
            [-116.01916195476, 41.076940148669], 
            [-116.01916195476, 41.1669712787016], 
            [-115.839108687916, 41.1669712787016], 
            [-115.839108687916, 41.2569934155138], 
            [-115.659064414291, 41.2569934155138], 
            [-115.659064414291, 41.1669712787016], 
            [-115.479011147446, 41.1669712787016], 
            [-115.479011147446, 41.076940148669], 
            [-115.388989010634, 41.076940148669], 
            [-115.388989010634, 40.9869180118569], 
            [-115.298966873822, 40.9869180118569], 
            [-115.298966873822, 40.7168426081999], 
            [-115.388989010634, 40.7168426081999], 
            [-115.388989010634, 40.5367983345756], 
            [-115.479011147446, 40.5367983345756], 
            [-115.479011147446, 40.4467761977634], 
            [-115.749086551103, 40.4467761977634], 
            [-115.749086551103, 40.3567450677308]
          ]
        ]
      }, 
      "properties" : {
        "OBJECTID" : 72, 
        "Id" : 72, 
        "gridcode" : 2, 
        "Unixtime" : 1785913200, 
        "Timestamp" : 1785913200000, 
        "Shape__Area" : 9288997850.4609375, 
        "Shape__Length" : 465233.61275490373
      }
    }, 
    {
      "type" : "Feature", 
      "id" : 73, 
      "geometry" : 
      {
        "type" : "Polygon", 
        "coordinates" : 
        [
          [
            [-74.7655150165048, 40.3567450677308], 
            [-74.9769726091985, 40.3677437763543], 
            [-75.0455908813141, 40.4616779640669], 
            [-75.0172352572013, 40.6495463394921], 
            [-74.9006381539276, 40.7180836726235], 
            [-74.7134802429188, 40.6392221224031], 
            [-74.6204633636932, 40.5647402705471], 
            [-74.6456443809834, 40.4006589632406], 
            [-74.7555055621319, 40.3692456441712], 
            [-74.7655150165048, 40.3567450677308]
          ]
        ]
      }, 
      "properties" : {
        "OBJECTID" : 73, 
        "Id" : 73, 
        "gridcode" : 2, 
        "Unixtime" : 1785913200, 
        "Timestamp" : 1785913200000, 
        "Shape__Area" : 1880613915.703125, 
        "Shape__Length" : 161701.10434585015
      }
    }, 
    {
      "type" : "Feature", 
      "id" : 74, 
      "geometry" : 
      {
        "type" : "Polygon", 
        "coordinates" : 
        [
          [
            [-82.8001840812303, 40.064168626481], 
            [-82.8278022612653, 40.0722895045571], 
            [-82.8078822779447, 40.0903568844627], 
            [-82.8001840812303, 40.064168626481]
          ]
        ]
      }, 
      "properties" : {
        "OBJECTID" : 74, 
        "Id" : 74, 
        "gridcode" : 2, 
        "Unixtime" : 1785913200, 
        "Timestamp" : 1785913200000, 
        "Shape__Area" : 5350533.1484375, 
        "Shape__Length" : 10637.716336376241
      }
    }, 
    {
      "type" : "Feature", 
      "id" : 80, 
      "geometry" : 
      {
        "type" : "Polygon", 
        "coordinates" : 
        [
          [
            [-82.9577273172618, 39.2989624771367], 
            [-83.3054771660383, 39.3102579620354], 
            [-83.3890241841187, 39.4180686889189], 
            [-83.4184679879073, 39.5134058190234], 
            [-83.4465628086267, 39.5651078434523], 
            [-83.4122356861279, 39.9309070856935], 
            [-83.3393906003959, 39.9704952421618], 
            [-83.1033815158442, 40.0072685206258], 
            [-83.0241242639236, 40.0357050837227], 
            [-82.7869460607121, 40.0215767343789], 
            [-82.4969866466164, 40.0760576639301], 
            [-82.1734195676589, 40.1264736578331], 
            [-82.068099962843, 40.2548338934695], 
            [-82.0208226028807, 40.3291718537981], 
            [-81.9634548495616, 40.3804332104244], 
            [-81.8880556892186, 40.5024082595336], 
            [-81.6939999781164, 40.8578832846859], 
            [-81.6139872956771, 40.9013565123932], 
            [-81.3981410113985, 40.9416461400574], 
            [-81.1969806561323, 41.0339705413075], 
            [-81.1546315809826, 41.1118967966], 
            [-81.135296156992, 41.4364081637059], 
            [-81.3190726171075, 41.5532930500343], 
            [-81.4328818220384, 41.7001523401585], 
            [-81.482020778636, 41.8836320239988], 
            [-81.4860857142842, 41.9517916418708], 
            [-81.4534942833345, 42.0918790369881], 
            [-81.3559807938785, 42.1448670919428], 
            [-81.1775283202757, 42.1555060717479], 
            [-80.8777303229959, 42.1154053017134], 
            [-80.72888353115, 42.020733669923], 
            [-80.5625449255078, 41.735999316915], 
            [-80.555871955926, 41.6239977492968], 
            [-80.6064768074586, 41.4039156581812], 
            [-80.6317567501738, 41.2684597716013], 
            [-80.7762148504349, 41.0616426806653], 
            [-80.8872001841411, 40.7729423174341], 
            [-81.1102860108906, 40.3642813864769], 
            [-81.2675414638674, 40.1882930552804], 
            [-81.4842061312079, 40.0310465955241], 
            [-81.6231963534289, 39.9233347940656], 
            [-81.7318524430357, 39.8734673866107], 
            [-81.7298019887707, 39.8391042912301], 
            [-81.7329945820343, 39.7855946294886], 
            [-81.7067883376116, 39.7125696793473], 
            [-81.7093064393406, 39.6703105364022], 
            [-81.701194554485, 39.5341621718468], 
            [-81.7519343043246, 39.5371838939216], 
            [-81.8040590101152, 39.5088642426907], 
            [-82.0171623621532, 39.6246699425639], 
            [-82.1540301843455, 39.6003882473198], 
            [-82.3038212643398, 39.4957611204794], 
            [-82.6562206080945, 39.3651435865074], 
            [-82.9471063238977, 39.3108515145858], 
            [-82.9577273172618, 39.2989624771367]
          ]
        ]
      }, 
      "properties" : {
        "OBJECTID" : 80, 
        "Id" : 80, 
        "gridcode" : 2, 
        "Unixtime" : 1785913200, 
        "Timestamp" : 1785913200000, 
        "Shape__Area" : 42176753897.726563, 
        "Shape__Length" : 1287521.1501108822
      }
    }, 
    {
      "type" : "Feature", 
      "id" : 81, 
      "geometry" : 
      {
        "type" : "Polygon", 
        "coordinates" : 
        [
          [
            [-83.4528580629492, 39.1639292719184], 
            [-83.5257301283427, 39.1826261772563], 
            [-83.5488247184859, 39.2856525108548], 
            [-83.4634880495338, 39.2313514457127], 
            [-83.4528580629492, 39.1639292719184]
          ]
        ]
      }, 
      "properties" : {
        "OBJECTID" : 81, 
        "Id" : 81, 
        "gridcode" : 2, 
        "Unixtime" : 1785913200, 
        "Timestamp" : 1785913200000, 
        "Shape__Area" : 97987615.2890625, 
        "Shape__Length" : 45625.768731127937
      }
    }, 
    {
      "type" : "Feature", 
      "id" : 82, 
      "geometry" : 
      {
        "type" : "Polygon", 
        "coordinates" : 
        [
          [
            [-84.0830310070752, 39.0288870734797], 
            [-84.1847353372659, 39.0397149109145], 
            [-84.3858866993116, 39.1164720475471], 
            [-84.4940931278955, 39.078547636864], 
            [-84.521468490978, 39.1080903660776], 
            [-84.6004469530644, 39.145358271667], 
            [-84.5448328777351, 39.3040346534765], 
            [-84.6094221870842, 39.3795507256855], 
            [-84.7465328262289, 39.5065889579142], 
            [-84.7218734157255, 39.5653866332865], 
            [-84.5707153662211, 39.6842500281164], 
            [-84.4181094082226, 39.8489608608551], 
            [-84.3197685424842, 39.7148989234466], 
            [-84.2225158564216, 39.5953880167436], 
            [-84.2964041557271, 39.4154876346467], 
            [-84.2643163451232, 39.3255104639368], 
            [-84.0983374682995, 39.1090706271078], 
            [-84.0830310070752, 39.0288870734797]
          ]
        ]
      }, 
      "properties" : {
        "OBJECTID" : 82, 
        "Id" : 82, 
        "gridcode" : 2, 
        "Unixtime" : 1785913200, 
        "Timestamp" : 1785913200000, 
        "Shape__Area" : 4239138066.3554688, 
        "Shape__Length" : 319003.74491876643
      }
    }, 
    {
      "type" : "Feature", 
      "id" : 83, 
      "geometry" : 
      {
        "type" : "Polygon", 
        "coordinates" : 
        [
          [
            [-83.8129556034183, 38.7138006014167], 
            [-83.8566986277394, 38.7514911883677], 
            [-83.8230909628776, 38.9055810277423], 
            [-83.8936247909513, 38.9956481306568], 
            [-83.8233697527119, 39.0168001851805], 
            [-83.6860162966148, 39.0746445791841], 
            [-83.5999871496871, 39.0005224561465], 
            [-83.6208154482742, 38.9492790859611], 
            [-83.663263448849, 38.9127126515677], 
            [-83.7108375850864, 38.8367469183357], 
            [-83.8129556034183, 38.7138006014167]
          ]
        ]
      }, 
      "properties" : {
        "OBJECTID" : 83, 
        "Id" : 83, 
        "gridcode" : 2, 
        "Unixtime" : 1785913200, 
        "Timestamp" : 1785913200000, 
        "Shape__Area" : 823885872.12890625, 
        "Shape__Length" : 132512.74736384314
      }
    }, 
    {
      "type" : "Feature", 
      "id" : 89, 
      "geometry" : 
      {
        "type" : "Polygon", 
        "coordinates" : 
        [
          [
            [-81.3372838885406, 37.723539110042], 
            [-81.6090050515418, 37.7372627644651], 
            [-81.8353644105391, 37.8834385698342], 
            [-81.9972513720531, 38.0750031588688], 
            [-82.0419027116408, 38.3314268538663], 
            [-81.9611345986827, 38.6704982448982], 
            [-81.8281968138318, 38.8966327733839], 
            [-81.7154128360335, 39.0183470190997], 
            [-81.6858431271585, 39.0171779004398], 
            [-81.5022645178931, 39.0555879450277], 
            [-81.2545552535221, 38.9591266623656], 
            [-81.0120440705774, 38.7684254224953], 
            [-80.8768759670522, 38.5129729953076], 
            [-80.869240722881, 38.3203112333768], 
            [-80.9372114831234, 38.1056160813172], 
            [-81.069969403565, 37.9000310615843], 
            [-81.1979609171626, 37.7958625889873], 
            [-81.3264650443262, 37.7352213034205], 
            [-81.3372838885406, 37.723539110042]
          ]
        ]
      }, 
      "properties" : {
        "OBJECTID" : 89, 
        "Id" : 89, 
        "gridcode" : 2, 
        "Unixtime" : 1785913200, 
        "Timestamp" : 1785913200000, 
        "Shape__Area" : 18493698629.984375, 
        "Shape__Length" : 501628.58465742407
      }
    }, 
    {
      "type" : "Feature", 
      "id" : 91, 
      "geometry" : 
      {
        "type" : "Polygon", 
        "coordinates" : 
        [
          [
            [-85.2983568337008, 37.6560180108226], 
            [-85.3776500585033, 37.6817476145608], 
            [-85.6870618084556, 37.8914785089261], 
            [-86.3569488141364, 37.9177207262306], 
            [-86.4346862117992, 38.0686359587826], 
            [-86.3995586926795, 38.469337889632], 
            [-86.3474249936685, 38.629974793502], 
            [-86.0679786542914, 38.9428759129931], 
            [-85.9625151579481, 39.1476065767821], 
            [-85.9925435210666, 39.2161079370317], 
            [-86.2702361824538, 39.4114406854393], 
            [-86.591707841044, 39.6221968069372], 
            [-86.5957907631331, 39.8226107249051], 
            [-86.4290924286726, 40.0575945823242], 
            [-86.3722372889197, 40.1167789661764], 
            [-86.2343622260358, 40.2102365132046], 
            [-86.110912288771, 40.1807207636524], 
            [-85.9112538013218, 39.9492172825516], 
            [-85.8295054273336, 39.7905229143011], 
            [-85.7822460538123, 39.6061439084147], 
            [-85.7564355110899, 39.2631424800415], 
            [-85.6512777842423, 39.1536949870341], 
            [-85.5138254027201, 39.1090976067692], 
            [-85.0843181867349, 38.6127437830992], 
            [-85.0847858341988, 38.589865030247], 
            [-85.0552341117648, 38.3297181419787], 
            [-85.1386732111997, 37.9495837063231], 
            [-85.2097736121624, 37.7693415818486], 
            [-85.2983568337008, 37.6560180108226]
          ], 
          [
            [-86.0635629830452, 39.7940932228241], 
            [-86.0848049697735, 39.8703647255517], 
            [-86.1408866925668, 39.8072323179172], 
            [-86.0635629830452, 39.7940932228241]
          ], 
          [
            [-86.24361624989, 39.6815700484191], 
            [-86.2342183345085, 39.6946731706304], 
            [-86.2079941036449, 39.7134690013934], 
            [-86.1666972352891, 39.7715472191289], 
            [-86.2291371649481, 39.8935132750177], 
            [-86.3610677091074, 39.8674509221224], 
            [-86.3880473704897, 39.7430656899297], 
            [-86.3193121865082, 39.6938008282457], 
            [-86.24361624989, 39.6815700484191]
          ], 
          [
            [-85.6134433057639, 38.1961688181365], 
            [-85.6134433057639, 38.2636809241354], 
            [-85.6809644049832, 38.2636809241354], 
            [-85.6809644049832, 38.1961688181365], 
            [-85.6134433057639, 38.1961688181365]
          ]
        ]
      }, 
      "properties" : {
        "OBJECTID" : 91, 
        "Id" : 91, 
        "gridcode" : 2, 
        "Unixtime" : 1785913200, 
        "Timestamp" : 1785913200000, 
        "Shape__Area" : 31357447467.203125, 
        "Shape__Length" : 1088288.8923074177
      }
    }, 
    {
      "type" : "Feature", 
      "id" : 93, 
      "geometry" : 
      {
        "type" : "Polygon", 
        "coordinates" : 
        [
          [
            [-108.457113604909, 37.0033440291037], 
            [-108.642913539628, 37.0265825107743], 
            [-108.65388526859, 37.1148239899352], 
            [-108.57444815226, 37.2456213883165], 
            [-108.417543434882, 37.3059299247263], 
            [-108.24906444277, 37.2746964700661], 
            [-108.230286598448, 37.1236823120891], 
            [-108.289300111111, 37.0499828704132], 
            [-108.447104150536, 37.0158446055442], 
            [-108.457113604909, 37.0033440291037]
          ]
        ]
      }, 
      "properties" : {
        "OBJECTID" : 93, 
        "Id" : 93, 
        "gridcode" : 2, 
        "Unixtime" : 1785913200, 
        "Timestamp" : 1785913200000, 
        "Shape__Area" : 1496747703.7109375, 
        "Shape__Length" : 145944.23316768958
      }
    }, 
    {
      "type" : "Feature", 
      "id" : 95, 
      "geometry" : 
      {
        "type" : "Polygon", 
        "coordinates" : 
        [
          [
            [-113.678532438321, 41.662102024389], 
            [-114.03862098557, 41.662102024389], 
            [-114.03862098557, 41.6170909559829], 
            [-114.376217488446, 41.6170909559829], 
            [-114.350065203346, 41.647443075038], 
            [-114.18870884184, 41.748508886576], 
            [-114.073226897903, 41.8480098777537], 
            [-113.965065435421, 41.9861097711491], 
            [-113.898191848075, 42.1059624202296], 
            [-113.849934227083, 42.2823104802446], 
            [-113.836849091312, 42.4451597163479], 
            [-113.895215092103, 42.6390355630409], 
            [-114.055357368847, 42.8249164367442], 
            [-114.335613098066, 42.9493196553779], 
            [-114.640438305583, 42.973817187913], 
            [-114.884181559731, 42.9004235157328], 
            [-115.032362853263, 42.8076134805777], 
            [-115.168070550016, 42.6162197627319], 
            [-115.239431754372, 42.3779623730652], 
            [-115.255538612217, 42.1775034889949], 
            [-115.231445774603, 42.0221995648581], 
            [-115.253955805416, 42.0221995648581], 
            [-115.253955805416, 42.0672106332642], 
            [-115.298966873822, 42.0672106332642], 
            [-115.298966873822, 42.1122217016703], 
            [-115.343977942228, 42.1122217016703], 
            [-115.343977942228, 42.1572327700763], 
            [-115.388989010634, 42.1572327700763], 
            [-115.388989010634, 42.2022438384824], 
            [-115.43400007904, 42.2022438384824], 
            [-115.43400007904, 42.247263900109], 
            [-115.479011147446, 42.247263900109], 
            [-115.479011147446, 42.2922749685151], 
            [-115.524031209073, 42.2922749685151], 
            [-115.524031209073, 42.3372860369212], 
            [-115.569042277479, 42.3372860369212], 
            [-115.569042277479, 42.3822971053272], 
            [-115.614053345885, 42.3822971053272], 
            [-115.614053345885, 42.4273081737333], 
            [-115.704075482697, 42.4273081737333], 
            [-115.704075482697, 42.4723192421394], 
            [-115.79409761951, 42.4723192421394], 
            [-115.79409761951, 42.5173303105455], 
            [-115.884119756322, 42.5173303105455], 
            [-115.884119756322, 42.5623413789515], 
            [-116.064173023166, 42.5623413789515], 
            [-116.064173023166, 42.6073524473576], 
            [-116.244217296791, 42.6073524473576], 
            [-116.244217296791, 42.6523725089842], 
            [-116.379259495229, 42.6523725089842], 
            [-116.379259495229, 42.6973835773903], 
            [-116.514292700448, 42.6973835773903], 
            [-116.514292700448, 42.7423946457964], 
            [-116.60431483726, 42.7423946457964], 
            [-116.60431483726, 42.7874057142024], 
            [-116.694345967293, 42.7874057142024], 
            [-116.694345967293, 42.8324167826085], 
            [-116.739357035699, 42.8324167826085], 
            [-116.739357035699, 42.8774278510146], 
            [-116.829379172511, 42.8774278510146], 
            [-116.829379172511, 42.9224389194207], 
            [-116.874390240917, 42.9224389194207], 
            [-116.874390240917, 42.9674499878267], 
            [-116.919401309323, 42.9674499878267], 
            [-116.919401309323, 43.0124700494533], 
            [-116.964412377729, 43.0124700494533], 
            [-116.964412377729, 43.0574811178594], 
            [-117.009432439356, 43.0574811178594], 
            [-117.009432439356, 43.1024921862655], 
            [-117.054443507762, 43.1024921862655], 
            [-117.054443507762, 43.1475032546716], 
            [-117.099454576168, 43.1475032546716], 
            [-117.099454576168, 43.1700132854848], 
            [-117.064407996032, 43.2024788113482], 
            [-116.89162125132, 43.3889622308224], 
            [-116.555094941678, 43.375625284879], 
            [-116.458453794607, 43.5016382899752], 
            [-116.495694720535, 43.6481108716195], 
            [-116.592353854047, 43.7146247301472], 
            [-116.705164811507, 43.7503368085969], 
            [-116.669857427978, 43.8506831624981], 
            [-116.504615995232, 44.1205607153049], 
            [-116.493626279829, 44.3978127088895], 
            [-116.560364968868, 44.5392131141939], 
            [-116.791652612678, 44.8545513964299], 
            [-116.90451752946, 44.9142753735098], 
            [-117.17191295342, 44.9462732519091], 
            [-117.284768876982, 44.9995311034778], 
            [-117.440198706205, 45.1435485359363], 
            [-117.535661741396, 45.3759603323036], 
            [-117.546579511036, 45.6515575733234], 
            [-117.512333327521, 45.7597280290254], 
            [-117.411438387172, 45.9504112824548], 
            [-117.379521447757, 46.0414766328404], 
            [-117.381239152865, 46.0848149622408], 
            [-117.336192111577, 46.3434779691331], 
            [-117.357847786446, 46.5125954798976], 
            [-117.470370960851, 46.7704580901688], 
            [-117.436115784116, 46.8966329732332], 
            [-117.176112787375, 47.0429886430115], 
            [-117.021114632734, 47.2102805300225], 
            [-116.931362292536, 47.2934408396231], 
            [-116.927036553494, 47.4023847122847], 
            [-117.004953815566, 47.657846132693], 
            [-116.995358049334, 47.8998626885124], 
            [-117.27281688699, 48.079034619752], 
            [-117.391581356394, 48.2629549713949], 
            [-117.482242011859, 48.2947370125032], 
            [-117.550122839897, 48.262703161222], 
            [-117.987903818706, 48.0223593444083], 
            [-117.991258289938, 47.9377691127544], 
            [-117.921353987297, 47.6989901163009], 
            [-117.954547964017, 47.4659847673832], 
            [-118.06449008415, 47.3903248036469], 
            [-118.229344808416, 47.4184466040276], 
            [-118.426916868718, 47.5345940462783], 
            [-118.560753975615, 47.6929736518127], 
            [-118.626008783279, 47.8605353354375], 
            [-118.685705780697, 47.9529766485535], 
            [-118.933675848462, 48.2262896115764], 
            [-119.019435198775, 48.3883654307201], 
            [-119.058312890827, 48.5367355818817], 
            [-119.034345958299, 49.1413587866787], 
            [-119.109637199997, 49.3008985176526], 
            [-119.180836526385, 49.3258547044312], 
            [-119.668736722821, 49.3592825048838], 
            [-119.908747790478, 49.452740051912], 
            [-120.094754569268, 49.6055978200834], 
            [-120.193437177384, 49.7490037135506], 
            [-120.200263031714, 49.9213407972401], 
            [-120.121968054382, 50.0545213990434], 
            [-119.931140909425, 50.3033638091925], 
            [-119.788301588847, 50.5733043145426], 
            [-119.63610931899, 51.0075419644901], 
            [-119.596242372687, 51.2748654426861], 
            [-119.654320590423, 51.4405655296756], 
            [-119.665148427858, 51.4747577538673], 
            [-119.5395041448, 51.4653598384858], 
            [-119.520717307258, 51.4391356076223], 
            [-119.359459871176, 51.4203487700798], 
            [-119.340664040413, 51.3941245392162], 
            [-119.179406604331, 51.3753287084532], 
            [-119.160619766789, 51.3491134708101], 
            [-118.954351262301, 51.3303176400472], 
            [-118.935555431538, 51.3041024024041], 
            [-118.774297995456, 51.2853065716411], 
            [-118.755502164693, 51.259091333998], 
            [-118.549233660205, 51.240295503235], 
            [-118.517334707231, 51.1957880551747], 
            [-118.485435754257, 51.240295503235], 
            [-118.414200454987, 51.259091333998], 
            [-118.395404624224, 51.2853065716411], 
            [-118.369189386581, 51.3041024024041], 
            [-118.350393555818, 51.3753287084532], 
            [-118.305886107758, 51.407236654648], 
            [-118.350393555818, 51.4391356076223], 
            [-118.359791471199, 51.4747577538673], 
            [-118.359791471199, 51.6097909590856], 
            [-118.404802539605, 51.6097909590856], 
            [-118.404802539605, 51.6548020274916], 
            [-118.449813608012, 51.6548020274916], 
            [-118.449813608012, 51.7448241643038], 
            [-118.494833669638, 51.7448241643038], 
            [-118.494833669638, 51.7898352327099], 
            [-118.539844738044, 51.7898352327099], 
            [-118.539844738044, 51.834846301116], 
            [-118.58485580645, 51.834846301116], 
            [-118.58485580645, 51.8798663627425], 
            [-118.505085940963, 51.8546044064682], 
            [-118.380358966393, 51.7687821036113], 
            [-118.252142622284, 51.5410198022222], 
            [-118.123908291734, 51.1930001568318], 
            [-118.025216690398, 50.934364129601], 
            [-117.875452590065, 50.6761597769522], 
            [-117.876837546016, 50.6412480951236], 
            [-117.73559901868, 50.4677059198924], 
            [-117.561921945142, 50.3555514675263], 
            [-117.359556498334, 50.2767528698491], 
            [-116.96618404216, 50.248604089807], 
            [-116.740445215374, 50.2958274904464], 
            [-116.426806651805, 50.4685872554975], 
            [-116.196912957167, 50.6267869966227], 
            [-116.001337391807, 50.8647745896757], 
            [-115.648236576856, 51.3739077796204], 
            [-115.497222418879, 51.5480255209611], 
            [-115.257373229191, 51.5755987348938], 
            [-115.079577260682, 51.529013852907], 
            [-114.890467820833, 51.3839981729774], 
            [-114.753420134232, 51.2172278927532], 
            [-114.647246173472, 51.1188510541329], 
            [-114.513013364875, 51.0813223451502], 
            [-114.251139778278, 51.1361180374176], 
            [-113.930072814609, 51.1233926304656], 
            [-113.417953875471, 51.1514244986418], 
            [-113.217584923605, 51.2388655811817], 
            [-113.05917833841, 51.3055323244573], 
            [-112.786027253355, 51.431068688869], 
            [-112.346051928753, 51.5537182295128], 
            [-112.0580890096, 51.5647798906795], 
            [-112.0580890096, 51.5197688222734], 
            [-111.788013605943, 51.5197688222734], 
            [-111.788013605943, 51.4747577538673], 
            [-111.607969332319, 51.4747577538673], 
            [-111.607969332319, 51.4297376922408], 
            [-111.472936127101, 51.4297376922408], 
            [-111.472936127101, 51.3847266238347], 
            [-111.382904997068, 51.3847266238347], 
            [-111.382904997068, 51.3397155554286], 
            [-111.292882860256, 51.3397155554286], 
            [-111.281857171971, 51.3057301753074], 
            [-111.213886411728, 51.2836787987376], 
            [-111.191835035159, 51.2607191069013], 
            [-111.123864274916, 51.2386677303316], 
            [-111.101803905126, 51.2157080384953], 
            [-111.033842138104, 51.1936566619255], 
            [-111.011781768314, 51.1706969700892], 
            [-110.943811008072, 51.148636600299], 
            [-110.921759631502, 51.1256859016831], 
            [-110.853788871259, 51.1036255318929], 
            [-110.83173749469, 51.080674833277], 
            [-110.718755666041, 51.0586144634868], 
            [-110.696695296251, 51.0356637648709], 
            [-110.628724536008, 51.0136033950807], 
            [-110.606673159439, 50.9906437032444], 
            [-110.49369133079, 50.9685923266746], 
            [-110.47163995422, 50.9456326348383], 
            [-110.403669193978, 50.9235812582685], 
            [-110.381608824188, 50.9006215664322], 
            [-110.313647057166, 50.8785701898624], 
            [-110.291586687376, 50.8556104980261], 
            [-110.268626995539, 50.8335591214563], 
            [-110.24657561897, 50.8105994296201], 
            [-110.178604858727, 50.7885390598298], 
            [-110.156553482157, 50.765588361214], 
            [-110.133593790321, 50.7435279914238], 
            [-110.111542413751, 50.7205772928079], 
            [-110.088582721915, 50.6985169230177], 
            [-110.066522352125, 50.6755662244018], 
            [-110.043571653509, 50.6535058546116], 
            [-110.021511283719, 50.6305461627753], 
            [-109.998560585103, 50.6084947862055], 
            [-109.976500215313, 50.5855350943692], 
            [-109.953549516697, 50.5634837177994], 
            [-109.931489146907, 50.5405240259631], 
            [-109.908538448291, 50.5184726493933], 
            [-109.8864780785, 50.495512957557], 
            [-109.863518386664, 50.4734615809872], 
            [-109.841467010094, 50.4054908207449], 
            [-109.818507318258, 50.3834304509546], 
            [-109.796455941688, 50.3154686839327], 
            [-109.773496249852, 50.2934083141425], 
            [-109.751444873282, 50.2254375539001], 
            [-109.728485181446, 50.2033861773303], 
            [-109.706433804876, 49.7965059040243], 
            [-109.751444873282, 49.753266500049], 
            [-109.773496249852, 49.6402846714005], 
            [-109.796455941688, 49.6182243016103], 
            [-109.818507318258, 49.5502625345884], 
            [-109.841467010094, 49.5282021647981], 
            [-109.863518386664, 49.5052424729619], 
            [-109.8864780785, 49.4831910963921], 
            [-109.948423381034, 49.4187186989089], 
            [-110.422896699323, 49.0949177962194], 
            [-110.591582535506, 48.9587514452231], 
            [-110.628724536008, 48.9200895904623], 
            [-110.741706364657, 48.8980292206721], 
            [-110.763766734447, 48.8750785220562], 
            [-110.876748563096, 48.853018152266], 
            [-110.898799939665, 48.8300674536501], 
            [-110.966770699908, 48.8080070838599], 
            [-110.988822076478, 48.7850473920236], 
            [-111.011781768314, 48.7629960154538], 
            [-111.033842138104, 48.7162222758374], 
            [-110.988822076478, 48.6729738786416], 
            [-110.966770699908, 48.6500141868054], 
            [-110.943811008072, 48.6279628102356], 
            [-110.921759631502, 48.6050031183993], 
            [-110.898799939665, 48.5829427486091], 
            [-110.876748563096, 48.5599920499932], 
            [-110.853788871259, 48.537931680203], 
            [-110.83173749469, 48.5149809815871], 
            [-110.763766734447, 48.4929206117969], 
            [-110.561662091033, 48.1098723727119], 
            [-110.438562889366, 47.8896643765099], 
            [-110.364836468029, 47.737696937164], 
            [-110.336597755782, 47.4863903846086], 
            [-110.420090814539, 46.9499088112427], 
            [-110.448680262384, 46.7096459334132], 
            [-110.401420888863, 46.4788888896106], 
            [-110.27487728376, 46.233257059166], 
            [-110.078600247204, 46.0056746221861], 
            [-109.90031864479, 45.8998513970245], 
            [-109.631088603856, 45.9053462547259], 
            [-109.382273173368, 46.0335266259531], 
            [-108.90742213982, 46.4236075634384], 
            [-108.603487261128, 46.6645809056843], 
            [-108.365418729091, 46.8124024703978], 
            [-108.100550400081, 46.8720365152731], 
            [-107.770903904092, 46.8045154160537], 
            [-107.691907455565, 46.7934897277688], 
            [-107.691907455565, 46.7034675909566], 
            [-107.646896387159, 46.7034675909566], 
            [-107.646896387159, 46.613436460924], 
            [-107.601885318752, 46.613436460924], 
            [-107.601885318752, 46.5234143241119], 
            [-107.556874250346, 46.5234143241119], 
            [-107.556874250346, 46.4784032557058], 
            [-107.51186318194, 46.4784032557058], 
            [-107.51186318194, 46.3883811188936], 
            [-107.466852113534, 46.3883811188936], 
            [-107.466852113534, 46.3433700504875], 
            [-107.421841045128, 46.3433700504875], 
            [-107.421841045128, 46.2533389204549], 
            [-107.376820983502, 46.2533389204549], 
            [-107.376820983502, 46.2083278520488], 
            [-107.331809915095, 46.2083278520488], 
            [-107.331809915095, 46.1633167836428], 
            [-107.286798846689, 46.1633167836428], 
            [-107.286798846689, 46.1183057152367], 
            [-107.196776709877, 46.1183057152367], 
            [-107.196776709877, 46.0732946468306], 
            [-107.151765641471, 46.0732946468306], 
            [-107.151765641471, 46.0282835784245], 
            [-107.016723443032, 46.0282835784245], 
            [-107.016723443032, 45.9832725100184], 
            [-106.791668101002, 45.9832725100184], 
            [-106.791668101002, 45.9382614416123], 
            [-106.656625902563, 45.9382614416123], 
            [-106.656625902563, 45.9832725100184], 
            [-106.431570560533, 45.9832725100184], 
            [-106.431570560533, 46.0282835784245], 
            [-106.341548423721, 46.0282835784245], 
            [-106.341548423721, 46.0732946468306], 
            [-106.251517293688, 46.0732946468306], 
            [-106.251517293688, 46.1183057152367], 
            [-106.161495156876, 46.1183057152367], 
            [-106.161495156876, 46.1633167836428], 
            [-106.11648408847, 46.1633167836428], 
            [-106.11648408847, 46.2083278520488], 
            [-106.026461951658, 46.2083278520488], 
            [-106.026461951658, 46.2533389204549], 
            [-105.936439814846, 46.2533389204549], 
            [-105.936439814846, 46.298349988861], 
            [-105.801397616407, 46.298349988861], 
            [-105.801397616407, 46.3433700504875], 
            [-105.666364411189, 46.3433700504875], 
            [-105.666364411189, 46.3658710880803], 
            [-105.632379031067, 46.3548453997955], 
            [-105.430274387653, 46.2643736019602], 
            [-105.283190267017, 46.2063583367679], 
            [-104.990694764752, 46.1114438880251], 
            [-104.773877212663, 46.0811727079542], 
            [-104.568301186151, 46.0853725419094], 
            [-104.389722807462, 46.1311300476137], 
            [-104.211342279622, 46.2230227742817], 
            [-104.086561345729, 46.4133552921131], 
            [-104.057405324996, 46.6332934917014], 
            [-104.103765376471, 47.0414687887537], 
            [-104.173193038428, 47.3123625754725], 
            [-104.318235698019, 47.6699510074332], 
            [-104.282011006003, 47.7047637638367], 
            [-104.259959629433, 47.7727255308586], 
            [-104.236999937597, 47.7947859006489], 
            [-104.214948561027, 47.8627566608913], 
            [-104.191988869191, 47.884808037461], 
            [-104.169937492621, 47.9527787977034], 
            [-104.146977800785, 47.9748301742732], 
            [-104.124917430995, 47.9977898661095], 
            [-104.101966732379, 48.0198412426792], 
            [-104.079906362589, 48.0428009345156], 
            [-104.056955663973, 48.0648613043058], 
            [-104.034895294182, 48.1328230713278], 
            [-104.011944595567, 48.154883441118], 
            [-103.989884225776, 48.1778341397338], 
            [-103.96692453394, 48.1998945095241], 
            [-103.94487315737, 48.2228452081399], 
            [-103.921913465534, 48.2449055779302], 
            [-103.899862088964, 48.2678652697665], 
            [-103.876902397128, 48.2899166463362], 
            [-103.854851020558, 48.3128763381725], 
            [-103.831891328722, 48.3349277147423], 
            [-103.809839952152, 48.3578874065786], 
            [-103.786880260316, 48.3799387831484], 
            [-103.764819890525, 48.4028984749847], 
            [-103.74186919191, 48.4249498515545], 
            [-103.719808822119, 48.4479095433908], 
            [-103.696858123504, 48.469969913181], 
            [-103.674716814729, 48.4930105440015], 
            [-103.360619596917, 48.4199316345374], 
            [-103.104861400233, 48.3092700567678], 
            [-102.824425806606, 48.0964814674459], 
            [-102.729547330745, 47.9133705056444], 
            [-102.909591604369, 47.5251601580149], 
            [-103.009821046404, 47.2980183888376], 
            [-103.18951458443, 46.611718755816], 
            [-103.269689144838, 46.3998564682015], 
            [-103.351293627299, 46.1254733119439], 
            [-103.311552586083, 46.0093618425751], 
            [-103.25977861589, 45.9088626039261], 
            [-103.314700213244, 45.8822156917009], 
            [-103.336760583034, 45.859264993085], 
            [-103.539764548495, 45.8372046232948], 
            [-103.561815925065, 45.8142449314585], 
            [-103.854851020558, 45.7921935548887], 
            [-103.876902397128, 45.7692338630524], 
            [-103.989884225776, 45.7471824864826], 
            [-104.011944595567, 45.7242227946463], 
            [-104.034895294182, 45.7021714180765], 
            [-104.056955663973, 45.4303333432093], 
            [-104.011944595567, 45.3870849460135], 
            [-103.989884225776, 45.3641252541772], 
            [-103.96692453394, 45.3420738776074], 
            [-103.94487315737, 45.3191141857711], 
            [-103.876902397128, 45.2970628092013], 
            [-103.854851020558, 45.274103117365], 
            [-103.786880260316, 45.2520427475748], 
            [-103.764819890525, 45.229092048959], 
            [-103.561815925065, 45.2070316791687], 
            [-103.539764548495, 45.1840809805529], 
            [-103.291749514628, 45.1620206107627], 
            [-103.269689144838, 45.1390699121468], 
            [-103.066685179377, 45.1170095423566], 
            [-103.044624809587, 45.0940498505203], 
            [-102.931651974159, 45.0719984739505], 
            [-102.909591604369, 45.0490387821142], 
            [-102.796609775721, 45.0269874055444], 
            [-102.774558399151, 45.0040277137081], 
            [-102.661576570502, 44.9819763371384], 
            [-102.639516200712, 44.959016645302], 
            [-102.526543365284, 44.9369652687323], 
            [-102.504482995494, 44.9140055768959], 
            [-102.391501166845, 44.8919452071057], 
            [-102.369449790276, 44.8689945084898], 
            [-102.165978177351, 44.8468891725973], 
            [-102.167336153641, 44.7800695445739], 
            [-102.390296075304, 44.3042922093181], 
            [-102.489913978347, 44.0362133006034], 
            [-102.544107124844, 43.7032842791463], 
            [-102.502234690379, 43.4167332956052], 
            [-102.41169994, 43.1522246954135], 
            [-102.266963049905, 42.9387076552342], 
            [-102.120976102165, 42.7984493889282], 
            [-102.684527269118, 42.7763800259175], 
            [-102.706587638908, 42.7534203340812], 
            [-102.864580535963, 42.7313689575114], 
            [-102.886631912533, 42.7084092656751], 
            [-102.999613741181, 42.6863488958849], 
            [-103.021674110971, 42.6633981972691], 
            [-103.13465593962, 42.6413378274788], 
            [-103.15670731619, 42.618387128863], 
            [-103.314700213244, 42.5963267590728], 
            [-103.336760583034, 42.5733760604569], 
            [-103.539764548495, 42.5513156906667], 
            [-103.561815925065, 42.5283559988303], 
            [-104.620057169902, 42.5063046222606], 
            [-104.642108546472, 42.5045419510503], 
            [-104.597097478066, 42.4612935538545], 
            [-104.575046101496, 42.4383338620182], 
            [-104.55208640966, 42.4162824854485], 
            [-104.53002603987, 42.3933227936121], 
            [-104.507075341254, 42.3712714170424], 
            [-104.485014971464, 42.348311725206], 
            [-104.417053204442, 42.3262513554158], 
            [-104.394992834652, 42.3033006567999], 
            [-104.372042136036, 42.2812402870097], 
            [-104.349981766245, 42.2582895883939], 
            [-104.327022074409, 42.2362292186036], 
            [-104.304970697839, 42.2132785199878], 
            [-104.282011006003, 42.1912181501975], 
            [-104.259959629433, 42.1682674515817], 
            [-104.236999937597, 42.1462070817915], 
            [-104.214948561027, 42.0782363215491], 
            [-104.191988869191, 42.0561849449793], 
            [-104.169937492621, 42.033225253143], 
            [-104.146977800785, 42.0111738765732], 
            [-104.124917430995, 41.9882141847369], 
            [-104.101966732379, 41.9661628081672], 
            [-104.079906362589, 41.8981920479247], 
            [-104.056955663973, 41.8761316781345], 
            [-104.034895294182, 41.8081699111126], 
            [-104.011944595567, 41.7861095413223], 
            [-103.989884225776, 41.71813878108], 
            [-103.96692453394, 41.6960874045102], 
            [-103.94487315737, 41.6281166442678], 
            [-103.921913465534, 41.606065267698], 
            [-103.899862088964, 41.5380945074556], 
            [-103.876902397128, 41.5160341376654], 
            [-103.854851020558, 41.4030523090169], 
            [-103.831891328722, 41.3810009324471], 
            [-103.809839952152, 41.2230080353926], 
            [-103.786880260316, 41.2009476656024], 
            [-103.764819890525, 40.9529326317356], 
            [-103.74186919191, 40.9308812551659], 
            [-103.719808822119, 40.3677797492361], 
            [-103.684906133511, 40.3342440301379], 
            [-103.719808822119, 40.3007083110398], 
            [-103.74186919191, 39.7601078427028], 
            [-103.764819890525, 39.7380564661331], 
            [-103.786880260316, 39.3099881654216], 
            [-103.809839952152, 39.2879367888518], 
            [-103.831891328722, 38.9498906249524], 
            [-103.854851020558, 38.9278392483827], 
            [-103.876902397128, 38.7698463513281], 
            [-103.899862088964, 38.7477859815379], 
            [-103.921913465534, 38.6348041528894], 
            [-103.94487315737, 38.6127527763197], 
            [-103.96692453394, 38.5447820160772], 
            [-103.989884225776, 38.5227306395075], 
            [-104.011944595567, 38.4547598792651], 
            [-104.034895294182, 38.4326995094748], 
            [-104.056955663973, 38.3647377424529], 
            [-104.079906362589, 38.3426773726627], 
            [-104.101966732379, 38.3197266740469], 
            [-104.124917430995, 38.2976663042566], 
            [-104.146977800785, 38.2296955440142], 
            [-104.169937492621, 38.2076441674445], 
            [-104.191988869191, 38.1846844756082], 
            [-104.214948561027, 38.1626330990384], 
            [-104.236999937597, 38.1396734072021], 
            [-104.259959629433, 38.1176220306323], 
            [-104.282011006003, 38.094662338796], 
            [-104.304970697839, 38.0726019690057], 
            [-104.327022074409, 38.0496512703899], 
            [-104.394992834652, 38.0275909005997], 
            [-104.417053204442, 38.0046402019838], 
            [-104.440003903058, 37.9825798321936], 
            [-104.462064272848, 37.9596291335777], 
            [-104.485014971464, 37.9375687637875], 
            [-104.507075341254, 37.9146090719512], 
            [-104.575046101496, 37.8925576953814], 
            [-104.597097478066, 37.8695980035451], 
            [-104.620057169902, 37.8475466269753], 
            [-104.642108546472, 37.824586935139], 
            [-104.710079306715, 37.8025355585693], 
            [-104.732130683284, 37.779575866733], 
            [-104.800101443527, 37.7575244901632], 
            [-104.822161813317, 37.7345647983269], 
            [-104.845112511933, 37.7125044285366], 
            [-104.867172881723, 37.6895537299208], 
            [-104.890123580339, 37.6674933601305], 
            [-104.912183950129, 37.6445426615147], 
            [-104.935143641965, 37.6224822917244], 
            [-104.957195018535, 37.3816258613445], 
            [-104.901158261844, 37.3634415695728], 
            [-104.901158261844, 37.3184305011668], 
            [-104.856147193438, 37.3184305011668], 
            [-104.856147193438, 37.2283993711342], 
            [-104.811127131812, 37.2283993711342], 
            [-104.811127131812, 37.138377234322], 
            [-104.766116063406, 37.138377234322], 
            [-104.766116063406, 37.0933661659159], 
            [-104.721104994999, 37.0933661659159], 
            [-104.721104994999, 37.0033440291037], 
            [-104.676093926593, 37.0033440291037], 
            [-104.676093926593, 36.9133218922916], 
            [-104.631082858187, 36.9133218922916], 
            [-104.631082858187, 36.7782796938529], 
            [-104.586071789781, 36.7782796938529], 
            [-104.586071789781, 36.6432464886346], 
            [-104.541060721375, 36.6432464886346], 
            [-104.541060721375, 36.440692184197], 
            [-104.564425108132, 36.462338865846], 
            [-104.664582604404, 36.5704373757844], 
            [-104.910529197564, 36.7782796938529], 
            [-105.193204103087, 36.9016396989131], 
            [-105.600713901825, 36.877942562999], 
            [-105.835589840599, 36.8124719180446], 
            [-106.066220979315, 36.7449508188253], 
            [-106.249322947896, 36.7710311581615], 
            [-106.341062789816, 36.9043646447126], 
            [-106.406884170368, 37.1555632786225], 
            [-106.509910503967, 37.7352213034205], 
            [-106.618287803739, 38.2977922093431], 
            [-106.533274890724, 38.4779174219515], 
            [-106.46489943556, 38.5670852028199], 
            [-106.420742723098, 38.6354606579831], 
            [-106.360569084995, 38.7229107337434], 
            [-106.263199487067, 39.0554980128231], 
            [-106.293047985776, 39.3451606506436], 
            [-106.343841694938, 39.4528005063384], 
            [-106.438576279272, 39.5995069117147], 
            [-106.584824030405, 39.6890524078424], 
            [-106.815940803026, 39.7373999610394], 
            [-107.168025384064, 39.7078032725031], 
            [-107.402721458429, 39.6164051729605], 
            [-107.500180988562, 39.4322330111446], 
            [-107.456725747295, 39.1864482959522], 
            [-107.298481040068, 38.6785022111082], 
            [-107.327430216731, 38.5295295141758], 
            [-107.49116078844, 38.4622782115703], 
            [-108.145345631196, 38.2551643443591], 
            [-108.418613628116, 38.1401590411069], 
            [-108.506675242868, 38.058572545087], 
            [-108.595339403391, 37.9297176823252], 
            [-108.725147547521, 37.7089251267932], 
            [-108.849775596666, 37.5390072194077], 
            [-108.873050051219, 37.7577223410133], 
            [-108.896414437976, 37.7793690226624], 
            [-108.918061119625, 37.8477534710459], 
            [-108.941425506382, 37.869400152695], 
            [-108.963072188031, 37.9377756078581], 
            [-108.986436574788, 37.9594222895071], 
            [-109.008083256437, 38.0277977446702], 
            [-109.031447643194, 38.0494444263193], 
            [-109.053103318064, 38.0728088130763], 
            [-109.0764587116, 38.0944554947254], 
            [-109.09811438647, 38.1178198814824], 
            [-109.121478773227, 38.1394665631315], 
            [-109.143125454876, 38.1628309498885], 
            [-109.166489841633, 38.184486624758], 
            [-109.188136523282, 38.2528620799211], 
            [-109.211500910039, 38.2745087615702], 
            [-109.233147591688, 38.2978731483272], 
            [-109.256511978445, 38.3195198299762], 
            [-109.278158660094, 38.3428842167333], 
            [-109.301523046851, 38.3645308983823], 
            [-109.3231697285, 38.3878952851394], 
            [-109.346534115257, 38.4095419667884], 
            [-109.368180796906, 38.4329063535454], 
            [-109.391545183663, 38.4545530351945], 
            [-109.413191865312, 38.4779174219515], 
            [-109.436556252069, 38.4995641036005], 
            [-109.458211926939, 38.5229284903576], 
            [-109.481576313696, 38.5445841652271], 
            [-109.503222995345, 38.5679395587637], 
            [-109.526587382102, 38.5895952336332], 
            [-109.548234063751, 38.6129596203903], 
            [-109.571598450508, 38.6346063020393], 
            [-109.593245132157, 38.6579706887964], 
            [-109.616609518914, 38.6796173704454], 
            [-109.638256200563, 38.7029817572024], 
            [-109.706631655726, 38.7246284388514], 
            [-109.728278337375, 38.7479928256085], 
            [-109.841673854165, 38.7696395072575], 
            [-109.883375417442, 38.8146505756636], 
            [-110.066729196195, 38.7930038940146], 
            [-110.088375877844, 38.7696395072575], 
            [-110.291793531446, 38.7479928256085], 
            [-110.313440213095, 38.7246284388514], 
            [-110.516848873477, 38.7029817572024], 
            [-110.558559429974, 38.6579706887964], 
            [-111.011988612385, 38.6796173704454], 
            [-111.033635294034, 38.7029817572024], 
            [-111.237043954415, 38.7246284388514], 
            [-111.258690636064, 38.7479928256085], 
            [-111.372086152854, 38.7696395072575], 
            [-111.393732834503, 38.7930038940146], 
            [-111.507119358072, 38.8146505756636], 
            [-111.528766039721, 38.8380149624207], 
            [-111.64215256329, 38.8596616440697], 
            [-111.66380823816, 38.8830260308267], 
            [-111.777194761729, 38.9046727124758], 
            [-111.798841443378, 38.9280370992328], 
            [-111.912227966947, 38.9496927741023], 
            [-111.933874648596, 38.9730571608593], 
            [-112.002250103759, 38.9947038425084], 
            [-112.023905778629, 39.0180682292654], 
            [-112.092281233792, 39.0397149109145], 
            [-112.113927915441, 39.0630792976715], 
            [-112.182303370604, 39.0847259793206], 
            [-112.203950052253, 39.1080903660776], 
            [-112.272325507416, 39.1297370477267], 
            [-112.293972189065, 39.1531014344837], 
            [-112.317336575822, 39.1747481161327], 
            [-112.338983257471, 39.1981125028898], 
            [-112.407367705855, 39.2197591845388], 
            [-112.429014387504, 39.2431235712959], 
            [-112.452378774261, 39.2647702529449], 
            [-112.47402545591, 39.2881346397019], 
            [-112.497389842667, 39.3097903145715], 
            [-112.519036524316, 39.3331547013285], 
            [-112.542400911073, 39.3548013829775], 
            [-112.564047592722, 39.3781657697346], 
            [-112.587411979479, 39.3998124513836], 
            [-112.609058661128, 39.4231768381406], 
            [-112.632423047885, 39.4448235197897], 
            [-112.654069729534, 39.4681879065467], 
            [-112.677434116291, 39.4898345881958], 
            [-112.69908079794, 39.5131989749528], 
            [-112.722445184697, 39.5348456566019], 
            [-112.744100859567, 39.5582100433589], 
            [-112.767456253104, 39.5798567250079], 
            [-112.789111927973, 39.603221111765], 
            [-112.81247631473, 39.624867793414], 
            [-112.834122996379, 39.6932522417976], 
            [-112.857487383136, 39.7148989234466], 
            [-112.879134064785, 39.7382633102037], 
            [-112.902498451542, 39.7599099918527], 
            [-112.924145133191, 39.7832743786097], 
            [-112.947509519948, 39.8049210602588], 
            [-112.969156201597, 39.8282854470158], 
            [-112.992520588354, 39.8499321286649], 
            [-113.014167270003, 39.918307583828], 
            [-113.037531656761, 39.9399542654771], 
            [-113.05917833841, 39.9633186522341], 
            [-113.082542725167, 39.9849653338831], 
            [-113.104189406816, 40.0308397514535], 
            [-113.127553793573, 40.0524864331025], 
            [-113.149209468442, 40.1208618882656], 
            [-113.172573855199, 40.1425085699146], 
            [-113.194220536848, 40.2559040867043], 
            [-113.217584923605, 40.2775507683534], 
            [-113.239231605254, 40.3909372919226], 
            [-113.262595992011, 40.4125839735716], 
            [-113.28424267366, 40.7960459007978], 
            [-113.329253742066, 40.8377564572947], 
            [-113.307607060417, 41.0661213044547], 
            [-113.271634178574, 41.0994501794823], 
            [-113.307607060417, 41.1327790545098], 
            [-113.329253742066, 41.4262188449238], 
            [-113.352618128824, 41.4478655265728], 
            [-113.374264810473, 41.516240981736], 
            [-113.39762919723, 41.537887663385], 
            [-113.419275878879, 41.5612520501421], 
            [-113.442640265636, 41.5828987317911], 
            [-113.464286947285, 41.6062631185481], 
            [-113.487651334042, 41.6279098001972], 
            [-113.509307008911, 41.6512741869543], 
            [-113.678532438321, 41.662102024389]
          ], 
          [
            [-115.884119756322, 50.8445848097413], 
            [-115.929139817948, 50.8445848097413], 
            [-115.929139817948, 50.7995737413352], 
            [-115.974150886354, 50.7995737413352], 
            [-115.974150886354, 50.7545626729291], 
            [-116.01916195476, 50.7545626729291], 
            [-116.01916195476, 50.6645315428965], 
            [-116.064173023166, 50.6645315428965], 
            [-116.064173023166, 50.6195204744904], 
            [-116.109184091573, 50.6195204744904], 
            [-116.109184091573, 50.5745094060843], 
            [-116.154195159979, 50.5745094060843], 
            [-116.154195159979, 50.4844872692722], 
            [-116.199206228385, 50.4844872692722], 
            [-116.199206228385, 50.4394762008661], 
            [-116.244217296791, 50.4394762008661], 
            [-116.244217296791, 50.39446513246], 
            [-116.289237358417, 50.39446513246], 
            [-116.289237358417, 50.3044340024273], 
            [-116.334248426823, 50.3044340024273], 
            [-116.334248426823, 50.0343675919909], 
            [-116.289237358417, 50.0343675919909], 
            [-116.289237358417, 49.9443364619582], 
            [-116.244217296791, 49.9443364619582], 
            [-116.244217296791, 49.8993253935521], 
            [-116.154195159979, 49.8993253935521], 
            [-116.154195159979, 49.854314325146], 
            [-116.109184091573, 49.854314325146], 
            [-116.109184091573, 49.80930325674], 
            [-116.01916195476, 49.80930325674], 
            [-116.01916195476, 49.7642921883339], 
            [-115.929139817948, 49.7642921883339], 
            [-115.929139817948, 49.7192811199278], 
            [-115.839108687916, 49.7192811199278], 
            [-115.839108687916, 49.6742700515217], 
            [-115.704075482697, 49.6742700515217], 
            [-115.704075482697, 49.6292589831157], 
            [-115.569042277479, 49.6292589831157], 
            [-115.569042277479, 49.5842389214891], 
            [-115.388989010634, 49.5842389214891], 
            [-115.388989010634, 49.539227853083], 
            [-115.298966873822, 49.539227853083], 
            [-115.118913606977, 49.539227853083], 
            [-115.118913606977, 49.494216784677], 
            [-114.983880401759, 49.494216784677], 
            [-114.983880401759, 49.539227853083], 
            [-114.758816066508, 49.539227853083], 
            [-114.758816066508, 49.5842389214891], 
            [-114.713804998102, 49.5842389214891], 
            [-114.713804998102, 49.6292589831157], 
            [-114.668793929696, 49.6292589831157], 
            [-114.668793929696, 49.6742700515217], 
            [-114.62378286129, 49.6742700515217], 
            [-114.62378286129, 49.8993253935521], 
            [-114.668793929696, 49.8993253935521], 
            [-114.668793929696, 49.9443364619582], 
            [-114.713804998102, 49.9443364619582], 
            [-114.713804998102, 50.0343675919909], 
            [-114.758816066508, 50.0343675919909], 
            [-114.758816066508, 50.079378660397], 
            [-114.803836128135, 50.079378660397], 
            [-114.803836128135, 50.124389728803], 
            [-114.848847196541, 50.124389728803], 
            [-114.848847196541, 50.2144118656152], 
            [-114.893858264947, 50.2144118656152], 
            [-114.893858264947, 50.2594229340212], 
            [-114.938869333353, 50.2594229340212], 
            [-114.938869333353, 50.3044340024273], 
            [-114.983880401759, 50.3044340024273], 
            [-114.983880401759, 50.3494450708334], 
            [-115.028891470165, 50.3494450708334], 
            [-115.028891470165, 50.4394762008661], 
            [-115.073902538571, 50.4394762008661], 
            [-115.073902538571, 50.4844872692722], 
            [-115.118913606977, 50.4844872692722], 
            [-115.118913606977, 50.5294983376782], 
            [-115.163933668604, 50.5294983376782], 
            [-115.163933668604, 50.6195204744904], 
            [-115.20894473701, 50.6195204744904], 
            [-115.20894473701, 50.6645315428965], 
            [-115.253955805416, 50.6645315428965], 
            [-115.253955805416, 50.7095426113025], 
            [-115.298966873822, 50.7095426113025], 
            [-115.298966873822, 50.7545626729291], 
            [-115.343977942228, 50.7545626729291], 
            [-115.343977942228, 50.7995737413352], 
            [-115.388989010634, 50.7995737413352], 
            [-115.388989010634, 50.8445848097413], 
            [-115.43400007904, 50.8445848097413], 
            [-115.43400007904, 50.8895958781474], 
            [-115.524031209073, 50.8895958781474], 
            [-115.524031209073, 50.9346069465534], 
            [-115.614053345885, 50.9346069465534], 
            [-115.614053345885, 50.9796180149595], 
            [-115.749086551103, 50.9796180149595], 
            [-115.749086551103, 50.9346069465534], 
            [-115.839108687916, 50.9346069465534], 
            [-115.839108687916, 50.8895958781474], 
            [-115.884119756322, 50.8895958781474], 
            [-115.884119756322, 50.8445848097413]
          ], 
          [
            [-117.954682862324, 48.3013919956442], 
            [-117.944268713031, 48.3134878771639], 
            [-117.852573837213, 48.334316175751], 
            [-117.729789398262, 48.3860271934004], 
            [-117.644137966594, 48.5779694976943], 
            [-117.654678020974, 48.7091266248939], 
            [-117.70339429621, 48.7964418023474], 
            [-117.75336962231, 48.839492348693], 
            [-117.861746922083, 48.887857888331], 
            [-118.03090939895, 48.9387864958002], 
            [-118.109303301706, 49.1991762010209], 
            [-118.208597448813, 49.3771340474984], 
            [-118.324645965639, 49.4498172552622], 
            [-118.501344761252, 49.4356169601547], 
            [-118.675768272088, 49.2913387243028], 
            [-118.707802123369, 49.069341077229], 
            [-118.630577339273, 48.930935414338], 
            [-118.452844323307, 48.8033126227794], 
            [-118.200386638533, 48.7572583407999], 
            [-118.215315384497, 48.5714673993011], 
            [-118.207860004735, 48.4786843438075], 
            [-118.116749688247, 48.3501892098642], 
            [-117.954682862324, 48.3013919956442]
          ], 
          [
            [-114.241184283228, 43.260035422297], 
            [-114.230563289864, 43.2719154665256], 
            [-114.049232985714, 43.3057659483399], 
            [-113.842802603257, 43.3966244546549], 
            [-113.69470224871, 43.5623785009671], 
            [-113.631812658028, 43.7660479647419], 
            [-113.676140241679, 43.9315591941016], 
            [-113.785156060104, 44.0876275419776], 
            [-114.029735683755, 44.2300172015327], 
            [-114.319065572418, 44.3193648468103], 
            [-114.557574772258, 44.3051465652619], 
            [-114.708750808203, 44.2116890182337], 
            [-114.809528836686, 44.0532284737152], 
            [-114.872085678211, 43.8904961494778], 
            [-114.904479258311, 43.6626439158841], 
            [-114.831894975972, 43.4603594080603], 
            [-114.723050028736, 43.3631157152181], 
            [-114.504406852894, 43.2790560835715], 
            [-114.241184283228, 43.260035422297]
          ], 
          [
            [-110.617698847724, 42.5623413789515], 
            [-110.606673159439, 42.5738257214799], 
            [-110.541832039917, 42.6361217596116], 
            [-110.48899686971, 42.71670101494], 
            [-110.405018177047, 42.889811515589], 
            [-110.30338579262, 43.0870957928366], 
            [-109.982579632344, 43.526306693699], 
            [-109.928413465509, 43.6379485324989], 
            [-109.931534113009, 43.7909951583], 
            [-110.026880236334, 43.9316491263062], 
            [-110.202400920066, 43.9744388692585], 
            [-110.56121243001, 43.946245123114], 
            [-111.29920509424, 43.9204345803916], 
            [-111.413931607657, 43.8426612098471], 
            [-111.438950746979, 43.1995829943598], 
            [-111.393013376866, 43.0203571037974], 
            [-111.298764426437, 42.8813129222536], 
            [-111.172166862011, 42.7596796155219], 
            [-110.841144403292, 42.5769193893184], 
            [-110.617698847724, 42.5623413789515]
          ], 
          [
            [-106.971712374626, 40.5367983345756], 
            [-106.961505069403, 40.5715931045382], 
            [-106.846886474631, 40.5920257014251], 
            [-106.826462870965, 40.6166131661648], 
            [-106.801875406225, 40.6370367698311], 
            [-106.781451802559, 40.6616242345709], 
            [-106.756864337819, 40.6820478382372], 
            [-106.736440734152, 40.7066353029769], 
            [-106.711853269413, 40.7270589066433], 
            [-106.691429665746, 40.7966574397891], 
            [-106.666842201007, 40.8170810434555], 
            [-106.64641859734, 40.8808070036404], 
            [-106.73073003916, 40.9979526933622], 
            [-106.756864337819, 41.2000483435563], 
            [-106.71120575754, 41.4051747090457], 
            [-106.606461718833, 41.6391243461118], 
            [-106.64641859734, 41.6723093296119], 
            [-106.666842201007, 41.6969057875721], 
            [-106.691429665746, 41.7173293912385], 
            [-106.711853269413, 41.7419168559782], 
            [-106.781451802559, 41.7623404596446], 
            [-106.801875406225, 41.7869279243843], 
            [-106.826462870965, 41.8073515280507], 
            [-106.846886474631, 41.8319389927903], 
            [-106.871482932591, 41.8523625964568], 
            [-106.891906536258, 41.8769500611965], 
            [-106.961505069403, 41.8973736648628], 
            [-106.98192867307, 41.9219611296025], 
            [-107.051527206216, 41.9423847332689], 
            [-107.071950809882, 41.9669721980086], 
            [-107.096538274622, 41.987395801675], 
            [-107.116961878288, 42.0119832664147], 
            [-107.186560411434, 42.032406870081], 
            [-107.2069840151, 42.0569943348208], 
            [-107.23158047306, 42.0774269317076], 
            [-107.252004076727, 42.1020143964473], 
            [-107.366613678279, 42.1224380001137], 
            [-107.387037281945, 42.1470254648534], 
            [-107.529696738114, 42.1674490685198], 
            [-107.567081555569, 42.1224380001137], 
            [-107.591669020309, 42.1020143964473], 
            [-107.612101617196, 42.0774269317076], 
            [-107.681700150342, 42.0569943348208], 
            [-107.702123754008, 42.032406870081], 
            [-107.726711218748, 42.0119832664147], 
            [-107.747134822414, 41.987395801675], 
            [-107.771722287154, 41.9669721980086], 
            [-107.79214589082, 41.9423847332689], 
            [-107.81673335556, 41.9219611296025], 
            [-107.837156959226, 41.8973736648628], 
            [-107.861744423966, 41.8769500611965], 
            [-107.882168027632, 41.8073515280507], 
            [-107.906755492372, 41.7869279243843], 
            [-107.927179096038, 41.7623404596446], 
            [-107.951766560778, 41.7419168559782], 
            [-107.972199157665, 41.7173293912385], 
            [-107.996786622405, 41.6969057875721], 
            [-108.017210226071, 41.6723093296119], 
            [-108.041797690811, 41.6518857259456], 
            [-108.062221294477, 41.6272982612059], 
            [-108.086808759217, 41.6068746575395], 
            [-108.107232362883, 41.5822871927998], 
            [-108.131819827623, 41.5618635891334], 
            [-108.152243431289, 41.4922650559876], 
            [-108.176830896029, 41.4718414523213], 
            [-108.197254499695, 41.4022429191755], 
            [-108.221841964435, 41.3818193155091], 
            [-108.242265568101, 41.2391598593401], 
            [-108.197254499695, 41.2017660486643], 
            [-108.176830896029, 41.1321675155185], 
            [-108.152243431289, 41.1117439118522], 
            [-108.131819827623, 41.0871564471124], 
            [-108.107232362883, 41.0667328434461], 
            [-108.086808759217, 41.0421453787063], 
            [-108.062221294477, 41.02172177504], 
            [-108.041797690811, 40.9971343103003], 
            [-108.017210226071, 40.9767107066339], 
            [-107.996786622405, 40.9521232418942], 
            [-107.972199157665, 40.9316906450073], 
            [-107.951766560778, 40.9071031802676], 
            [-107.927179096038, 40.8866795766012], 
            [-107.906755492372, 40.8620921118616], 
            [-107.882168027632, 40.8416685081952], 
            [-107.861744423966, 40.8170810434555], 
            [-107.79214589082, 40.7966574397891], 
            [-107.771722287154, 40.7720699750494], 
            [-107.702123754008, 40.751646371383], 
            [-107.681700150342, 40.7270589066433], 
            [-107.657112685602, 40.7066353029769], 
            [-107.636689081936, 40.6820478382372], 
            [-107.522070487163, 40.6616242345709], 
            [-107.501646883497, 40.6370367698311], 
            [-107.387037281945, 40.6166131661648], 
            [-107.366613678279, 40.5920257014251], 
            [-107.2069840151, 40.5715931045382], 
            [-107.186560411434, 40.5470056397985], 
            [-106.971712374626, 40.5367983345756]
          ]
        ]
      }, 
      "properties" : {
        "OBJECTID" : 95, 
        "Id" : 95, 
        "gridcode" : 2, 
        "Unixtime" : 1785913200, 
        "Timestamp" : 1785913200000, 
        "Shape__Area" : 2242803921869.0039, 
        "Shape__Length" : 14688539.107766727
      }
    }, 
    {
      "type" : "Feature", 
      "id" : 97, 
      "geometry" : 
      {
        "type" : "Polygon", 
        "coordinates" : 
        [
          [
            [-115.006390432572, 35.9680624761025], 
            [-115.106619874607, 35.9859230119375], 
            [-115.072040941936, 36.0908019489508], 
            [-114.973852960945, 36.0546402094782], 
            [-115.006390432572, 35.9680624761025]
          ]
        ]
      }, 
      "properties" : {
        "OBJECTID" : 97, 
        "Id" : 97, 
        "gridcode" : 2, 
        "Unixtime" : 1785913200, 
        "Timestamp" : 1785913200000, 
        "Shape__Area" : 159410485.7890625, 
        "Shape__Length" : 50831.810677355323
      }
    }, 
    {
      "type" : "Feature", 
      "id" : 98, 
      "geometry" : 
      {
        "type" : "Polygon", 
        "coordinates" : 
        [
          [
            [-115.231445774603, 35.8780403392903], 
            [-115.311053762121, 35.8884544885839], 
            [-115.521450154801, 35.9700679642652], 
            [-115.659064414291, 35.9811206322115], 
            [-115.740893727264, 35.9745465880547], 
            [-115.891620102186, 36.0199263784996], 
            [-115.939553967242, 36.1058386135613], 
            [-115.902708743014, 36.241798120487], 
            [-115.710064967524, 36.4011489938311], 
            [-115.476403113513, 36.465090791307], 
            [-115.444414228334, 36.4077680040902], 
            [-115.421823258537, 36.3083209722351], 
            [-115.288552724529, 36.1934955333922], 
            [-115.309381023116, 36.1360198614275], 
            [-115.345533769368, 36.0712237080078], 
            [-115.206381669179, 36.0396125380882], 
            [-115.231445774603, 35.8780403392903]
          ]
        ]
      }, 
      "properties" : {
        "OBJECTID" : 98, 
        "Id" : 98, 
        "gridcode" : 2, 
        "Unixtime" : 1785913200, 
        "Timestamp" : 1785913200000, 
        "Shape__Area" : 3888457399.640625, 
        "Shape__Length" : 268692.69710298051
      }
    }, 
    {
      "type" : "Feature", 
      "id" : 103, 
      "geometry" : 
      {
        "type" : "Polygon", 
        "coordinates" : 
        [
          [
            [-118.989964415325, 35.2703774259775], 
            [-119.066002094321, 35.2820506261356], 
            [-119.088979772598, 35.3732149019463], 
            [-118.985845520354, 35.4112112583929], 
            [-118.965008228547, 35.3285185962563], 
            [-118.989964415325, 35.2703774259775]
          ]
        ]
      }, 
      "properties" : {
        "OBJECTID" : 103, 
        "Id" : 103, 
        "gridcode" : 2, 
        "Unixtime" : 1785913200, 
        "Timestamp" : 1785913200000, 
        "Shape__Area" : 184623527.7734375, 
        "Shape__Length" : 53838.353720178187
      }
    }, 
    {
      "type" : "Feature", 
      "id" : 104, 
      "geometry" : 
      {
        "type" : "Polygon", 
        "coordinates" : 
        [
          [
            [-115.79409761951, 35.0453130907266], 
            [-115.766479439474, 35.0371922126506], 
            [-115.786399422795, 35.0191248327449], 
            [-115.79409761951, 35.0453130907266]
          ]
        ]
      }, 
      "properties" : {
        "OBJECTID" : 104, 
        "Id" : 104, 
        "gridcode" : 2, 
        "Unixtime" : 1785913200, 
        "Timestamp" : 1785913200000, 
        "Shape__Area" : 4999833.37109375, 
        "Shape__Length" : 10237.716096260219
      }
    }, 
    {
      "type" : "Feature", 
      "id" : 106, 
      "geometry" : 
      {
        "type" : "Polygon", 
        "coordinates" : 
        [
          [
            [-115.816607650323, 34.9552909539145], 
            [-115.816607650323, 34.9777919915073], 
            [-115.787784378746, 34.9665414727109], 
            [-115.816607650323, 34.9552909539145]
          ]
        ]
      }, 
      "properties" : {
        "OBJECTID" : 106, 
        "Id" : 106, 
        "gridcode" : 2, 
        "Unixtime" : 1785913200, 
        "Timestamp" : 1785913200000, 
        "Shape__Area" : 4903613.8359375, 
        "Shape__Length" : 10164.488136334532
      }
    }, 
    {
      "type" : "Feature", 
      "id" : 108, 
      "geometry" : 
      {
        "type" : "Polygon", 
        "coordinates" : 
        [
          [
            [-106.274027324501, 34.9327809231012], 
            [-106.411119977205, 34.9684300490076], 
            [-106.52305859228, 35.034233443119], 
            [-106.705962710011, 35.0571121959712], 
            [-106.722033594974, 35.1862728282285], 
            [-106.599123250937, 35.212865781131], 
            [-106.362673498583, 35.2803778871299], 
            [-106.233162130728, 35.2547562020372], 
            [-106.12898466491, 35.11213271875], 
            [-106.155694529679, 34.9762541508085], 
            [-106.264017870129, 34.9452814995416], 
            [-106.274027324501, 34.9327809231012]
          ]
        ]
      }, 
      "properties" : {
        "OBJECTID" : 108, 
        "Id" : 108, 
        "gridcode" : 2, 
        "Unixtime" : 1785913200, 
        "Timestamp" : 1785913200000, 
        "Shape__Area" : 2069360627.2851563, 
        "Shape__Length" : 182625.68101084555
      }
    }, 
    {
      "type" : "Feature", 
      "id" : 118, 
      "geometry" : 
      {
        "type" : "Polygon", 
        "coordinates" : 
        [
          [
            [-114.803836128135, 33.9650204693192], 
            [-114.826337165728, 33.9650204693192], 
            [-114.826337165728, 33.9875305001325], 
            [-114.803836128135, 33.9875305001325], 
            [-114.803836128135, 33.9650204693192]
          ]
        ]
      }, 
      "properties" : {
        "OBJECTID" : 118, 
        "Id" : 118, 
        "gridcode" : 2, 
        "Unixtime" : 1785913200, 
        "Timestamp" : 1785913200000, 
        "Shape__Area" : 7568775.2109375, 
        "Shape__Length" : 11053.015135067515
      }
    }, 
    {
      "type" : "Feature", 
      "id" : 119, 
      "geometry" : 
      {
        "type" : "Polygon", 
        "coordinates" : 
        [
          [
            [-114.803836128135, 33.9650204693192], 
            [-114.776208954879, 33.9568995912432], 
            [-114.79613793142, 33.9388322113376], 
            [-114.803836128135, 33.9650204693192]
          ]
        ]
      }, 
      "properties" : {
        "OBJECTID" : 119, 
        "Id" : 119, 
        "gridcode" : 2, 
        "Unixtime" : 1785913200, 
        "Timestamp" : 1785913200000, 
        "Shape__Area" : 4937238.65625, 
        "Shape__Length" : 10166.625446281272
      }
    }, 
    {
      "type" : "Feature", 
      "id" : 120, 
      "geometry" : 
      {
        "type" : "Polygon", 
        "coordinates" : 
        [
          [
            [-114.736315028915, 33.9200094009132], 
            [-114.76393320895, 33.9281302789893], 
            [-114.74401322563, 33.9461976588949], 
            [-114.736315028915, 33.9200094009132]
          ]
        ]
      }, 
      "properties" : {
        "OBJECTID" : 120, 
        "Id" : 120, 
        "gridcode" : 2, 
        "Unixtime" : 1785913200, 
        "Timestamp" : 1785913200000, 
        "Shape__Area" : 4934487.37890625, 
        "Shape__Length" : 10163.868587885414
      }
    }, 
    {
      "type" : "Feature", 
      "id" : 123, 
      "geometry" : 
      {
        "type" : "Polygon", 
        "coordinates" : 
        [
          [
            [-114.713804998102, 33.8974993700999], 
            [-114.736315028915, 33.8974993700999], 
            [-114.736315028915, 33.9200094009132], 
            [-114.713804998102, 33.9200094009132], 
            [-114.713804998102, 33.8974993700999]
          ]
        ]
      }, 
      "properties" : {
        "OBJECTID" : 123, 
        "Id" : 123, 
        "gridcode" : 2, 
        "Unixtime" : 1785913200, 
        "Timestamp" : 1785913200000, 
        "Shape__Area" : 7565796.984375, 
        "Shape__Length" : 11050.225851686671
      }
    }, 
    {
      "type" : "Feature", 
      "id" : 124, 
      "geometry" : 
      {
        "type" : "Polygon", 
        "coordinates" : 
        [
          [
            [-114.691303960509, 33.8749983325071], 
            [-114.713804998102, 33.8749983325071], 
            [-114.713804998102, 33.8974993700999], 
            [-114.691303960509, 33.8974993700999], 
            [-114.691303960509, 33.8749983325071]
          ]
        ]
      }, 
      "properties" : {
        "OBJECTID" : 124, 
        "Id" : 124, 
        "gridcode" : 2, 
        "Unixtime" : 1785913200, 
        "Timestamp" : 1785913200000, 
        "Shape__Area" : 7557757.8828125, 
        "Shape__Length" : 11044.218177106231
      }
    }, 
    {
      "type" : "Feature", 
      "id" : 126, 
      "geometry" : 
      {
        "type" : "Polygon", 
        "coordinates" : 
        [
          [
            [-79.739359483853, 33.8974993700999], 
            [-79.916157204891, 33.9122842245374], 
            [-79.9973390059903, 34.057785538372], 
            [-79.9699546496873, 34.2475514833144], 
            [-79.8446341225666, 34.3930078310466], 
            [-79.6947171374858, 34.4480643267074], 
            [-79.55855977971, 34.4203921873496], 
            [-79.4813709684953, 34.2820404837814], 
            [-79.5236660843223, 34.1164842883193], 
            [-79.604389231178, 33.9876024458962], 
            [-79.728936341339, 33.9095952516196], 
            [-79.739359483853, 33.8974993700999]
          ]
        ]
      }, 
      "properties" : {
        "OBJECTID" : 126, 
        "Id" : 126, 
        "gridcode" : 2, 
        "Unixtime" : 1785913200, 
        "Timestamp" : 1785913200000, 
        "Shape__Area" : 3091569346.7382813, 
        "Shape__Length" : 207141.80842745208
      }
    }, 
    {
      "type" : "Feature", 
      "id" : 128, 
      "geometry" : 
      {
        "type" : "Polygon", 
        "coordinates" : 
        [
          [
            [-114.668793929696, 33.8524883016938], 
            [-114.691303960509, 33.8524883016938], 
            [-114.691303960509, 33.8749983325071], 
            [-114.668793929696, 33.8749983325071], 
            [-114.668793929696, 33.8524883016938]
          ]
        ]
      }, 
      "properties" : {
        "OBJECTID" : 128, 
        "Id" : 128, 
        "gridcode" : 2, 
        "Unixtime" : 1785913200, 
        "Timestamp" : 1785913200000, 
        "Shape__Area" : 7561806.1484375, 
        "Shape__Length" : 11047.040586295538
      }
    }, 
    {
      "type" : "Feature", 
      "id" : 130, 
      "geometry" : 
      {
        "type" : "Polygon", 
        "coordinates" : 
        [
          [
            [-78.2764592911633, 33.8749983325071], 
            [-78.4458915646439, 34.2232068355271], 
            [-78.5209579758298, 34.4031431905059], 
            [-78.5571556881844, 34.6212737527815], 
            [-78.4101614997534, 34.8004366908007], 
            [-78.0934202751255, 34.9733403473792], 
            [-77.868850567, 35.0109230156847], 
            [-77.6579685404158, 34.9658669811763], 
            [-77.2793989251202, 34.8202127825939], 
            [-76.992784989036, 34.6644681906545], 
            [-76.9711113277255, 34.6402044818514], 
            [-77.1321978926186, 34.6094476678756], 
            [-77.2189375039626, 34.5685195215587], 
            [-77.5640613323645, 34.3821080478482], 
            [-77.8014104067648, 34.1621968279214], 
            [-77.9514892698139, 33.8055796637706], 
            [-78.0990860040158, 33.8836767902517], 
            [-78.1864371543512, 33.8871391801292], 
            [-78.2201977039608, 33.885808183501], 
            [-78.2430404839311, 33.886707505547], 
            [-78.2764592911633, 33.8749983325071]
          ]
        ]
      }, 
      "properties" : {
        "OBJECTID" : 130, 
        "Id" : 130, 
        "gridcode" : 2, 
        "Unixtime" : 1785913200, 
        "Timestamp" : 1785913200000, 
        "Shape__Area" : 14986720040.546875, 
        "Shape__Length" : 521535.8031423557
      }
    }, 
    {
      "type" : "Feature", 
      "id" : 132, 
      "geometry" : 
      {
        "type" : "Polygon", 
        "coordinates" : 
        [
          [
            [-118.2922793652, 33.2673354191943], 
            [-118.488079761072, 33.303047497644], 
            [-118.527748856524, 33.391954475119], 
            [-118.617375291636, 33.431947326508], 
            [-118.623382762904, 33.5067439410801], 
            [-118.562345775637, 33.5018336427085], 
            [-118.527964693816, 33.5046035546104], 
            [-118.449552804618, 33.4608515370688], 
            [-118.366005786538, 33.4356974994402], 
            [-118.326867291093, 33.3902817361133], 
            [-118.266288958069, 33.3380850845591], 
            [-118.2922793652, 33.2673354191943]
          ]
        ]
      }, 
      "properties" : {
        "OBJECTID" : 132, 
        "Id" : 132, 
        "gridcode" : 2, 
        "Unixtime" : 1785913200, 
        "Timestamp" : 1785913200000, 
        "Shape__Area" : 658588055.16796875, 
        "Shape__Length" : 114338.21290197145
      }
    }, 
    {
      "type" : "Feature", 
      "id" : 135, 
      "geometry" : 
      {
        "type" : "Polygon", 
        "coordinates" : 
        [
          [
            [-118.404802539605, 32.7721956802865], 
            [-118.467764076051, 32.792133650048], 
            [-118.545519460155, 32.8641783391591], 
            [-118.640685719071, 33.0440337551537], 
            [-118.582841325067, 33.0705367758516], 
            [-118.304150416209, 32.8123234299824], 
            [-118.393983695391, 32.783877873665], 
            [-118.404802539605, 32.7721956802865]
          ]
        ]
      }, 
      "properties" : {
        "OBJECTID" : 135, 
        "Id" : 135, 
        "gridcode" : 2, 
        "Unixtime" : 1785913200, 
        "Timestamp" : 1785913200000, 
        "Shape__Area" : 575474050.07421875, 
        "Shape__Length" : 112678.16009731099
      }
    }, 
    {
      "type" : "Feature", 
      "id" : 136, 
      "geometry" : 
      {
        "type" : "Polygon", 
        "coordinates" : 
        [
          [
            [-79.1992086765391, 33.1322932207556], 
            [-79.20839974785, 33.1189832544737], 
            [-79.2915420710097, 33.0715260301023], 
            [-79.3604661126209, 32.9717012829879], 
            [-79.4368994933169, 32.9888423611861], 
            [-79.5276051148841, 32.9655589134132], 
            [-79.5582450169939, 32.883675641118], 
            [-79.6401372825095, 32.8530267457877], 
            [-79.7260405243506, 32.7813867515974], 
            [-79.8293816206652, 32.7271846118804], 
            [-79.8397957699587, 32.8293026302123], 
            [-79.8684391771263, 32.9339567367141], 
            [-79.9738577073672, 33.0247882633677], 
            [-80.1038367226865, 33.0639177655925], 
            [-80.3276599935138, 33.0233403548735], 
            [-80.3574365464594, 33.1210696816206], 
            [-80.2281679955565, 33.3527620203511], 
            [-80.0848790139553, 33.4762119576158], 
            [-79.9476154900627, 33.537464782174], 
            [-79.7824999624033, 33.524190788774], 
            [-79.5415895727006, 33.4227382687562], 
            [-79.304780091528, 33.2548348427539], 
            [-79.1992086765391, 33.1322932207556]
          ], 
          [
            [-79.5593062170083, 32.9522489471313], 
            [-79.5670044137227, 32.9784282118925], 
            [-79.5869243970432, 32.9603698252074], 
            [-79.5593062170083, 32.9522489471313]
          ]
        ]
      }, 
      "properties" : {
        "OBJECTID" : 136, 
        "Id" : 136, 
        "gridcode" : 2, 
        "Unixtime" : 1785913200, 
        "Timestamp" : 1785913200000, 
        "Shape__Area" : 7389446584.0605469, 
        "Shape__Length" : 382770.67391380004
      }
    }, 
    {
      "type" : "Feature", 
      "id" : 137, 
      "geometry" : 
      {
        "type" : "Polygon", 
        "coordinates" : 
        [
          [
            [-110.640208878537, 32.1195216985676], 
            [-110.808166263862, 32.1314107360167], 
            [-110.772723982026, 32.2849070228409], 
            [-110.634543149647, 32.2960046568895], 
            [-110.58522432864, 32.2076102929807], 
            [-110.640208878537, 32.1195216985676]
          ]
        ]
      }, 
      "properties" : {
        "OBJECTID" : 137, 
        "Id" : 137, 
        "gridcode" : 2, 
        "Unixtime" : 1785913200, 
        "Timestamp" : 1785913200000, 
        "Shape__Area" : 437398059.19921875, 
        "Shape__Length" : 80757.030168712372
      }
    }, 
    {
      "type" : "Feature", 
      "id" : 138, 
      "geometry" : 
      {
        "type" : "Polygon", 
        "coordinates" : 
        [
          [
            [-114.668793929696, 33.8524883016938], 
            [-114.639970658119, 33.8637478137107], 
            [-114.668793929696, 33.8749983325071], 
            [-114.668793929696, 33.8974993700999], 
            [-114.691303960509, 33.8974993700999], 
            [-114.701924953873, 33.9318984383623], 
            [-114.733617062777, 33.9902194730503], 
            [-114.769437059872, 34.1202704341333], 
            [-114.718400533758, 34.2624982157201], 
            [-114.656913885467, 34.2907279347465], 
            [-114.597477691442, 34.323022589421], 
            [-114.545595802604, 34.4045910990001], 
            [-114.515108785242, 34.402774468467], 
            [-114.433117594302, 34.4945502832691], 
            [-114.409339519403, 34.5157832767769], 
            [-114.343086464269, 34.607073457674], 
            [-114.207585611587, 34.7722249582153], 
            [-114.037703677083, 34.9240215263724], 
            [-113.760011015696, 35.0792175318637], 
            [-113.628179396962, 35.1098934068553], 
            [-113.532869246518, 35.2597564326134], 
            [-113.509100164841, 35.2809894261212], 
            [-113.46535714052, 35.3497785694255], 
            [-113.351817732203, 35.4219851365049], 
            [-113.218421293108, 35.6317340173111], 
            [-113.131187054639, 35.7566228698496], 
            [-112.97564930677, 35.8955861124093], 
            [-112.811415114716, 36.0236945378727], 
            [-112.640220170025, 36.1730089771826], 
            [-112.390352532743, 36.3543392813328], 
            [-112.362554488299, 36.2937699415297], 
            [-112.293774338215, 36.2725279548014], 
            [-112.272532351487, 36.2487588731236], 
            [-112.11372107137, 36.2275168863953], 
            [-112.092479084642, 36.203738811497], 
            [-111.708612462495, 36.1825058179892], 
            [-111.687370475767, 36.1587277430909], 
            [-111.528568188871, 36.1374947495831], 
            [-111.507326202142, 36.1137166746849], 
            [-111.393525990432, 36.0924746879565], 
            [-111.372284003704, 36.0687056062788], 
            [-111.30350385362, 36.0474636195504], 
            [-111.282261866892, 36.0236945378727], 
            [-111.213481716808, 36.0024525511444], 
            [-111.192239730079, 35.9786834694666], 
            [-111.123450586775, 35.9574414827383], 
            [-111.102217593267, 35.9336724010606], 
            [-111.078439518369, 35.9124304143322], 
            [-111.057206524861, 35.8886613326545], 
            [-111.033428449963, 35.8674193459262], 
            [-111.012186463235, 35.8436502642484], 
            [-110.943406313151, 35.8224082775201], 
            [-110.922164326422, 35.7986302026218], 
            [-110.898395244745, 35.777397209114], 
            [-110.877153258016, 35.7536191342157], 
            [-110.853384176339, 35.7323771474874], 
            [-110.83214218961, 35.7086080658097], 
            [-110.808373107933, 35.6873660790814], 
            [-110.787131121204, 35.6635969974036], 
            [-110.763353046306, 35.6423550106752], 
            [-110.742120052798, 35.6185859289975], 
            [-110.7183419779, 35.5973439422692], 
            [-110.697108984392, 35.5735748605914], 
            [-110.673330909494, 35.5523328738631], 
            [-110.652088922766, 35.5285637921854], 
            [-110.628319841088, 35.507321805457], 
            [-110.607077854359, 35.4835527237793], 
            [-110.572687779318, 35.4729317304151], 
            [-110.527676710911, 35.4729317304151], 
            [-110.527676710911, 35.427920662009], 
            [-110.437654574099, 35.427920662009], 
            [-110.437654574099, 35.3829006003825], 
            [-110.347623444067, 35.3829006003825], 
            [-110.347623444067, 35.3378895319764], 
            [-110.212590238848, 35.3378895319764], 
            [-110.212590238848, 35.2928784635703], 
            [-109.987534896818, 35.2928784635703], 
            [-109.998146896962, 35.2809894261212], 
            [-110.167273400947, 35.1582499532728], 
            [-110.387778173424, 34.910019082115], 
            [-110.506920358088, 34.6473181192359], 
            [-110.539565748361, 34.4945502832691], 
            [-110.550186741725, 34.3476280406016], 
            [-110.640208878537, 34.3476280406016], 
            [-110.640208878537, 34.4376501774138], 
            [-110.730231015349, 34.4376501774138], 
            [-110.730231015349, 34.527672314226], 
            [-110.820253152161, 34.527672314226], 
            [-110.820253152161, 34.6176944510382], 
            [-110.887774251381, 34.6176944510382], 
            [-110.910284282194, 34.6176944510382], 
            [-110.910284282194, 34.6402044818514], 
            [-110.910284282194, 34.7077255810708], 
            [-110.977796388193, 34.7077255810708], 
            [-111.000306419006, 34.7077255810708], 
            [-111.000306419006, 34.7977477178829], 
            [-111.18035069263, 34.7977477178829], 
            [-111.190764841924, 34.8773557054016], 
            [-111.703810082769, 34.8981840039887], 
            [-111.730915649238, 34.8081618671765], 
            [-111.983885947578, 34.7870188058733], 
            [-111.967005672774, 34.57693717591], 
            [-111.883440668252, 34.2979494907764], 
            [-111.750152147803, 34.0844054709358], 
            [-111.550061985772, 33.9120144279236], 
            [-111.363317762904, 33.8286832471342], 
            [-111.158704010981, 33.767079686978], 
            [-111.110158606934, 33.7107371607914], 
            [-111.134269430989, 33.410633394016], 
            [-111.092190152454, 33.2176928422509], 
            [-111.02048720572, 33.155918410906], 
            [-110.705616570948, 33.1938158419276], 
            [-110.505166680098, 33.1777089840824], 
            [-110.325230325119, 33.1921700825833], 
            [-110.145545780313, 33.3195770368508], 
            [-110.087971182924, 33.3452706677072], 
            [-110.07755703363, 33.3573575560065], 
            [-109.999208096976, 33.3424018303802], 
            [-110.021439337955, 32.5138114632285], 
            [-110.5313639313, 32.5410339415632], 
            [-110.74234488331, 32.5912880574979], 
            [-111.044598029775, 32.6704913500958], 
            [-111.112919525616, 32.6447347666962], 
            [-111.321328416573, 32.3142878740862], 
            [-111.432349723161, 32.2555441580366], 
            [-111.73779546289, 32.1216530918168], 
            [-111.900842549844, 31.9966203477509], 
            [-111.968066872788, 31.9939583544946], 
            [-112.035587972007, 31.9966293409714], 
            [-112.083332979433, 31.9947407646747], 
            [-112.136428953034, 32.2996828840579], 
            [-112.105537240751, 32.4446535978853], 
            [-111.957688696376, 32.6374592513434], 
            [-111.953947516665, 32.7319240390632], 
            [-112.001395747815, 32.8672899934385], 
            [-111.972311672845, 32.9366547028523], 
            [-111.88886358019, 32.9630677913456], 
            [-111.867216898541, 33.0089422089159], 
            [-111.777365632918, 33.1395147767856], 
            [-111.775477056621, 33.1872238113299], 
            [-111.821351474191, 33.2114965133535], 
            [-111.978885717002, 33.2415698425743], 
            [-111.929764746846, 33.3265377894875], 
            [-111.800613107809, 33.3214206470453], 
            [-111.769307707385, 33.4107323194411], 
            [-111.822205830135, 33.4356974994402], 
            [-111.843852511784, 33.4815719170105], 
            [-111.911607434735, 33.544353589047], 
            [-111.935007794374, 33.6912218723916], 
            [-112.002250103759, 33.8183050707225], 
            [-112.03368140927, 33.884890875014], 
            [-112.13615915642, 33.6912218723916], 
            [-112.159559516059, 33.544353589047], 
            [-112.271471151472, 33.4406617571345], 
            [-112.212223815077, 33.4270819942387], 
            [-112.113891942559, 33.4582165234739], 
            [-112.11625715954, 33.5179315073333], 
            [-111.979749066166, 33.4747190830193], 
            [-112.014121154767, 33.4127737804857], 
            [-112.091130101573, 33.4158224822219], 
            [-112.139216851377, 33.3413676100272], 
            [-112.33212143026, 33.3817291834551], 
            [-112.548894016246, 33.2154984964585], 
            [-112.717984547349, 33.0991442101373], 
            [-112.762312131, 33.097381538927], 
            [-112.947509519948, 33.1656220957832], 
            [-113.013744588642, 33.2006686759187], 
            [-113.205848770904, 33.2464351748435], 
            [-113.286814734712, 33.3214566199272], 
            [-113.361467457757, 33.4020178888146], 
            [-113.547887924688, 33.2590616563704], 
            [-113.679036058667, 33.2130973065955], 
            [-113.780236768512, 33.1889864825402], 
            [-113.835401182818, 33.1598034821451], 
            [-114.139470959817, 33.369039749385], 
            [-114.24864865621, 33.4395376045768], 
            [-114.630374891888, 33.7871345686056], 
            [-114.668793929696, 33.8524883016938]
          ], 
          [
            [-112.980838394976, 34.1225637053508], 
            [-112.970217401612, 34.179463811206], 
            [-112.909378265195, 34.3849139326319], 
            [-112.836820962517, 34.6967808317701], 
            [-112.727949035619, 34.7183375812145], 
            [-112.700141997955, 34.6283154444023], 
            [-112.198383248788, 34.607073457674], 
            [-112.206243323471, 34.7390219882742], 
            [-112.287344185586, 34.9339950078634], 
            [-112.468323754138, 35.1414955835544], 
            [-112.709575886218, 35.276339931143], 
            [-112.970217401612, 35.3034994569344], 
            [-113.022989619275, 35.3321788369838], 
            [-113.134577498752, 35.3255238538429], 
            [-113.229213157661, 35.2741006192483], 
            [-113.26627421918, 35.0755213182543], 
            [-113.232270852618, 34.8841725665108], 
            [-113.078774565794, 34.4563560759722], 
            [-112.992727432425, 34.1331846987149], 
            [-112.980838394976, 34.1225637053508]
          ]
        ]
      }, 
      "properties" : {
        "OBJECTID" : 138, 
        "Id" : 138, 
        "gridcode" : 2, 
        "Unixtime" : 1785913200, 
        "Timestamp" : 1785913200000, 
        "Shape__Area" : 138359567296.12891, 
        "Shape__Length" : 3263996.7702818979
      }
    }, 
    {
      "type" : "Feature", 
      "id" : 139, 
      "geometry" : 
      {
        "type" : "Polygon", 
        "coordinates" : 
        [
          [
            [-116.716847004885, 31.6919030588791], 
            [-116.794782253398, 31.7590464428391], 
            [-116.746164903587, 31.7730309006556], 
            [-116.638911756372, 31.7644153954542], 
            [-116.65974904818, 31.8165311080243], 
            [-116.759618761397, 31.8882340547579], 
            [-116.794782253398, 31.9290542824293], 
            [-116.905524770152, 31.9984189918431], 
            [-116.943709984228, 32.2077451912876], 
            [-117.062348548547, 32.2606882801401], 
            [-117.155203549804, 32.4811840593969], 
            [-117.181068051849, 32.6508951227118], 
            [-117.268518127609, 32.643871417532], 
            [-117.289912999086, 32.7842915618062], 
            [-117.314464490943, 32.8282953895207], 
            [-117.287116107522, 32.9027772413767], 
            [-117.34738867105, 33.1029933084945], 
            [-117.402445166711, 33.1668901398681], 
            [-117.42662793653, 33.1877274316757], 
            [-117.516398263169, 33.3037579620604], 
            [-117.672520570368, 33.4144555127118], 
            [-117.71920437778, 33.4352928045194], 
            [-117.8300638064, 33.5269876803372], 
            [-118.034290849843, 33.637847108957], 
            [-118.072610962226, 33.6823185841354], 
            [-118.168487685558, 33.6900257740703], 
            [-118.309762185776, 33.6786763298488], 
            [-118.444795390994, 33.7299197000342], 
            [-118.432906353545, 33.8778761630546], 
            [-118.555744751819, 34.0204456870189], 
            [-118.731984893188, 33.9996173884318], 
            [-118.812411263769, 33.9700836524387], 
            [-118.865345359401, 33.9996173884318], 
            [-119.012465452918, 34.0325415685386], 
            [-118.99454196454, 34.3127883045367], 
            [-118.922443316106, 34.3156481486432], 
            [-118.781168815888, 34.3100453722962], 
            [-118.735006615263, 34.3528171288076], 
            [-118.704861340279, 34.4097981736469], 
            [-118.713153089543, 34.6192053120756], 
            [-118.562354768857, 34.804501626449], 
            [-118.492162683161, 35.0991914745071], 
            [-118.38615959359, 35.3868666106057], 
            [-118.273879236138, 35.5399402160682], 
            [-118.213076072603, 35.5962827422549], 
            [-118.174549116149, 35.6378673936654], 
            [-117.99793125952, 35.7313159474731], 
            [-117.875479569726, 35.7096692658241], 
            [-117.853832888077, 35.686304879067], 
            [-117.807104114563, 35.6430115157689], 
            [-117.677790597558, 35.5034457274385], 
            [-117.519851659826, 35.3947626581702], 
            [-117.311892429892, 35.3865248682281], 
            [-117.121029312053, 35.4608448421159], 
            [-116.95995174038, 35.5789887793088], 
            [-116.908582465109, 35.7255692795986], 
            [-116.979574947426, 35.8948576615519], 
            [-117.21953205576, 36.1029787694548], 
            [-117.374188468023, 36.1665068787895], 
            [-117.754475788427, 36.0800190776184], 
            [-118.22921890333, 36.0043950867639], 
            [-118.327316952116, 35.9580979878319], 
            [-118.491775974681, 35.8710795866537], 
            [-118.675156733097, 35.8230198165114], 
            [-118.821593341859, 35.7996914026362], 
            [-118.955772191134, 35.7763360090996], 
            [-119.252557459559, 35.744742825621], 
            [-119.423086905936, 35.6196651154528], 
            [-119.709197221674, 35.3949695022408], 
            [-119.906400559938, 35.4717626117552], 
            [-120.267154605501, 35.7789800159151], 
            [-120.649420434405, 36.090082491314], 
            [-120.901905098841, 35.8964674480144], 
            [-121.155262105662, 35.7624055106059], 
            [-121.27390066998, 35.7313159474731], 
            [-121.353103962578, 35.7204971032588], 
            [-121.368095661086, 35.7729455649859], 
            [-121.497310252666, 35.8764125663869], 
            [-121.524883466599, 35.9728648558285], 
            [-121.602539925277, 36.0055821918647], 
            [-121.676554129669, 36.1274313358875], 
            [-121.861868430484, 36.2399994763948], 
            [-121.928256383925, 36.2931584025383], 
            [-121.94826629945, 36.3856716614181], 
            [-122.006947062957, 36.5911667489464], 
            [-121.956576035156, 36.6540833192898], 
            [-121.915755807484, 36.6657475262275], 
            [-121.915755807484, 36.6432464886346], 
            [-121.893245776671, 36.6432464886346], 
            [-121.882831627378, 36.6311506071149], 
            [-121.77904087004, 36.5999081592342], 
            [-121.643809813972, 36.5502475958499], 
            [-121.500233049316, 36.3835852342712], 
            [-121.463702587804, 36.3627569356841], 
            [-121.229627045652, 36.4933564832152], 
            [-121.033359002316, 36.5524419416424], 
            [-120.867254220406, 36.5390960024786], 
            [-120.670563495709, 36.2166800557401], 
            [-120.604463325322, 36.1827036688393], 
            [-120.317615565506, 36.3514614507854], 
            [-120.442441465501, 36.563638501116], 
            [-120.524306751355, 36.7615792834573], 
            [-120.561403785756, 36.8847953969901], 
            [-120.760423754553, 36.8303234606592], 
            [-120.846129145544, 36.8372122675322], 
            [-120.96882365229, 37.0500278365155], 
            [-121.113587522046, 37.2819629921984], 
            [-120.939289916297, 37.5277836802727], 
            [-120.715205842076, 37.7208411439037], 
            [-120.690006838345, 37.9264621365185], 
            [-120.735134818617, 38.0493365076738], 
            [-120.731843299928, 38.0902736472111], 
            [-120.907390963322, 38.1301495867341], 
            [-120.935899472183, 38.1632446380297], 
            [-121.036983270162, 38.2265569100734], 
            [-121.022845927597, 38.402428329404], 
            [-121.053458850046, 38.4857685034138], 
            [-121.106779654158, 38.5317058735273], 
            [-121.195192004507, 38.5711591316887], 
            [-121.263612425773, 38.5656642739871], 
            [-121.341008081058, 38.4328883671046], 
            [-121.181693180596, 38.2512343070177], 
            [-121.185209529796, 38.2073833640511], 
            [-121.455212987689, 38.0957235388104], 
            [-121.543571378716, 38.0081205783021], 
            [-121.4409767197, 37.8771253290707], 
            [-121.331385335165, 37.8481581659666], 
            [-121.117625478033, 37.9381803027788], 
            [-121.005093310408, 37.9482257300335], 
            [-121.056255741609, 37.8089117518759], 
            [-121.20344778089, 37.6013122507599], 
            [-121.230094693116, 37.3113168637823], 
            [-121.455212987689, 37.2855063210599], 
            [-121.588888216618, 37.2563503003262], 
            [-121.758383442642, 37.116145993343], 
            [-121.79113675156, 36.9012260107718], 
            [-121.825733670672, 36.823290762259], 
            [-121.837613714901, 36.8339117556231], 
            [-121.899307207262, 36.9309126315128], 
            [-122.093632714978, 36.9193383567798], 
            [-122.18794461795, 36.9626227268574], 
            [-122.25587940531, 37.0233179717471], 
            [-122.309038331454, 37.0828171183155], 
            [-122.337241070819, 37.0811353860893], 
            [-122.399006508943, 37.1502662717711], 
            [-122.442299872241, 37.1889461129728], 
            [-122.44598709263, 37.2509094019474], 
            [-122.439619892544, 37.3577128881394], 
            [-122.489028645755, 37.4653527438342], 
            [-122.540604765098, 37.511434005475], 
            [-122.529749948002, 37.6936456452304], 
            [-122.56798012818, 37.817482290975], 
            [-122.6659612651, 37.8707221561027], 
            [-122.729939035458, 37.8669090306274], 
            [-122.794753175319, 37.9248253703946], 
            [-122.84532205397, 37.9814197067541], 
            [-122.894766780063, 37.9843694830653], 
            [-123.070107599386, 37.9739193608899], 
            [-122.985427435528, 38.1297448918134], 
            [-123.02919743951, 38.2756419073483], 
            [-123.090297379321, 38.2719996530616], 
            [-123.127286495076, 38.3917893495989], 
            [-123.164212658287, 38.4331131976161], 
            [-123.354886918496, 38.5441255109836], 
            [-123.485981093153, 38.6908499028008], 
            [-123.770976249554, 38.9131353329294], 
            [-123.774483605534, 38.9720589133882], 
            [-123.728123554059, 39.01347269361], 
            [-123.749365540787, 39.1082972101482], 
            [-123.809988839913, 39.1950817875945], 
            [-123.861897708412, 39.3888856885238], 
            [-123.840655721684, 39.4683947506173], 
            [-123.808127243278, 39.5590643993027], 
            [-123.839387677599, 39.6934500926478], 
            [-123.863165752497, 39.7146920793761], 
            [-123.884407739226, 39.8059822602732], 
            [-123.920065858353, 39.8378452403656], 
            [-124.005024812045, 39.9329305602972], 
            [-124.108869528706, 40.0257136157908], 
            [-124.131973112069, 40.0760576639301], 
            [-124.17825222456, 40.0972996506584], 
            [-124.244505279695, 40.143569769929], 
            [-124.375599454351, 40.2269549100412], 
            [-124.402039522506, 40.3686341051799], 
            [-124.45268034692, 40.4411194620936], 
            [-124.382308396815, 40.594444877729], 
            [-124.268274361373, 40.7737427140551], 
            [-124.180923211037, 40.8987934445619], 
            [-124.149339020779, 41.0167215444638], 
            [-124.202237143529, 41.0639809179851], 
            [-124.199449245186, 41.1107006982787], 
            [-124.200825207917, 41.1337413290992], 
            [-124.145049254619, 41.2135921335702], 
            [-124.096449891249, 41.4410576586841], 
            [-124.173189041441, 41.6895583264557], 
            [-124.199485218068, 41.7190021302442], 
            [-124.288464141307, 41.7464764187518], 
            [-124.290847344729, 41.7863883311566], 
            [-124.267006317288, 41.8302662537847], 
            [-124.233884286331, 41.9096673972327], 
            [-123.988666144027, 42.0020457578055], 
            [-123.897330997028, 42.0530103381566], 
            [-123.712223540284, 41.921754285532], 
            [-123.552342066933, 41.9557126859917], 
            [-123.503266062878, 42.0893429488181], 
            [-123.540057327783, 42.2305814761543], 
            [-123.68501904839, 42.3114575077578], 
            [-123.885765715515, 42.2953326634717], 
            [-124.083760457179, 42.5251454191259], 
            [-124.198325092629, 42.5890602369404], 
            [-124.436438590768, 42.6298624781709], 
            [-124.492925008482, 42.6408881664558], 
            [-124.514985378273, 42.6863488958849], 
            [-124.537936076888, 42.7309192964884], 
            [-124.559996446679, 42.7763800259175], 
            [-124.596257111576, 42.8467699624639], 
            [-124.50146856792, 42.9866055474082], 
            [-124.470423970889, 43.1139675355734], 
            [-124.447464279053, 43.1810389737697], 
            [-124.424549553319, 43.2516447476071], 
            [-124.425637732995, 43.3050464907031], 
            [-124.424918275358, 43.3403808538933], 
            [-124.338061752148, 43.4238379397692], 
            [-124.288590046394, 43.4992910594349], 
            [-124.245359635639, 43.6766193804801], 
            [-124.221149886158, 43.747351059404], 
            [-124.177020153357, 43.973413642126], 
            [-124.17784752964, 44.0141529308132], 
            [-124.154887837803, 44.1713004651444], 
            [-124.109553013461, 44.5610126805908], 
            [-124.110560254152, 44.6103944541408], 
            [-124.109867776177, 44.6441550037505], 
            [-124.110560254152, 44.6779155533602], 
            [-124.109409121933, 44.7341771405627], 
            [-124.110767098223, 44.8006370397677], 
            [-124.065405294219, 44.9331431500364], 
            [-124.042805331201, 45.0719984739505], 
            [-124.01897329698, 45.1416239867577], 
            [-124.020304293608, 45.2068068486572], 
            [-124.018514642737, 45.2944727617087], 
            [-124.042922243067, 45.3418490470959], 
            [-124.018955310539, 45.3883619833189], 
            [-124.020744961411, 45.476234740441], 
            [-123.996894940749, 45.5225408325934], 
            [-123.997794262795, 45.5669043891264], 
            [-123.994682608516, 45.7195103471249], 
            [-124.020304293608, 45.7692518494933], 
            [-124.018694507146, 45.8482303115797], 
            [-124.020753954631, 45.9490622993857], 
            [-123.966380943726, 46.0292728326752], 
            [-124.004773001872, 46.1790639126695], 
            [-124.113078355881, 46.2316112998217], 
            [-124.098842087892, 46.6359464917373], 
            [-124.068957616301, 46.6510640953318], 
            [-124.053831019486, 46.6809575601434], 
            [-124.031329981893, 46.6809575601434], 
            [-124.007470968011, 46.6338061052676], 
            [-123.956245584266, 46.6703455599997], 
            [-124.00881995108, 46.6809575601434], 
            [-123.96685758441, 46.7296648421588], 
            [-123.780598995447, 46.812348511075], 
            [-123.595095837003, 46.8681964101363], 
            [-123.548286124505, 46.9956663169471], 
            [-123.612362820288, 47.1804949838565], 
            [-123.775014205541, 47.4098940513695], 
            [-123.881125213758, 47.6476837935723], 
            [-124.085676013137, 47.8949793698022], 
            [-124.09646787769, 48.0292121783994], 
            [-124.076341050299, 48.2338798896453], 
            [-123.997992113645, 48.1996876654535], 
            [-123.601561962515, 48.1759095905552], 
            [-123.54721593127, 48.1780679634658], 
            [-123.258794357873, 48.140458315499], 
            [-123.151127522517, 48.1974393603383], 
            [-123.084604670769, 48.2221976962667], 
            [-123.052741690676, 48.1546765970474], 
            [-123.041059497298, 48.1438487596126], 
            [-123.030645348004, 48.019229703688], 
            [-122.999043171305, 47.9331825703194], 
            [-122.775004063187, 47.9083792682887], 
            [-122.631112535815, 48.0103983611955], 
            [-122.570102528209, 48.2130425978377], 
            [-122.254287605289, 48.2706531681093], 
            [-122.113246928803, 48.3706667728534], 
            [-122.082607026693, 48.604841240431], 
            [-122.163698895588, 48.6944137162201], 
            [-122.396542366537, 48.6089061760792], 
            [-122.535505609097, 48.5835542876003], 
            [-122.614978698308, 48.45667793334], 
            [-122.725973025235, 48.4364341940829], 
            [-122.741531296632, 48.4433769602785], 
            [-122.761541212157, 48.4881811846141], 
            [-122.770984093641, 48.4364341940829], 
            [-122.846149430252, 48.4590611367622], 
            [-122.853406959164, 48.5493350837472], 
            [-122.81098593825, 48.644384430797], 
            [-122.738059913534, 48.6960864552258], 
            [-122.66887506853, 48.7394247846262], 
            [-122.482841310078, 48.8713283491241], 
            [-122.398026247913, 48.8781452102334], 
            [-122.210094919945, 48.8091312364175], 
            [-122.155281241236, 49.0094102560785], 
            [-122.226183791349, 49.1683024751792], 
            [-122.355461335472, 49.3245866603462], 
            [-122.394024264808, 49.4110115089741], 
            [-122.454458706304, 49.4447270924814], 
            [-122.727079191352, 49.3412780775213], 
            [-122.760569944347, 49.2812483309458], 
            [-122.789213351515, 49.1551543868655], 
            [-122.940614217972, 49.189553455128], 
            [-122.989699215247, 49.2465165135264], 
            [-123.052993500849, 49.2112091299974], 
            [-123.063560534891, 49.2691614426465], 
            [-123.140884244412, 49.2564540221355], 
            [-123.288624870142, 49.2466514118333], 
            [-123.311134900955, 49.2466514118333], 
            [-123.311134900955, 49.2691614426465], 
            [-123.266114839328, 49.2691614426465], 
            [-123.266114839328, 49.2916624802394], 
            [-123.235519903321, 49.3152786771693], 
            [-123.223001340439, 49.3999948139096], 
            [-123.268552002073, 49.4590083265731], 
            [-123.338663148785, 49.4170639463441], 
            [-123.356145969361, 49.3141725110526], 
            [-123.42365807536, 49.3141725110526], 
            [-123.345731820067, 49.5263945274855], 
            [-123.400608451319, 49.6513553257877], 
            [-123.595293687853, 49.8180716466893], 
            [-123.717196791199, 49.827865263771], 
            [-123.791426832882, 49.7639144730746], 
            [-123.804062307629, 49.6066770065387], 
            [-123.761254578236, 49.4266956854576], 
            [-123.94129885186, 49.4492057162708], 
            [-123.963808882674, 49.4492057162708], 
            [-123.986309920267, 49.4492057162708], 
            [-123.986309920267, 49.4717157470841], 
            [-124.00881995108, 49.4717157470841], 
            [-124.00881995108, 49.494216784677], 
            [-124.053831019486, 49.494216784677], 
            [-124.035430890423, 49.5312328800934], 
            [-124.098842087892, 49.539227853083], 
            [-124.098842087892, 49.5167268154902], 
            [-124.300002443158, 49.5041183204042], 
            [-124.323906423143, 49.4266956854576], 
            [-124.446241201071, 49.4919774727823], 
            [-124.426626987246, 49.5294252427808], 
            [-124.394952864783, 49.5538778092136], 
            [-124.53834976503, 49.6601866682802], 
            [-124.671773183785, 49.7147935029179], 
            [-124.684003963612, 49.7867932259267], 
            [-124.560266243292, 49.8734878711684], 
            [-124.488410411811, 49.9864696998169], 
            [-124.441978414572, 50.1860562415024], 
            [-124.468706265781, 50.6346110984235], 
            [-124.520884930895, 50.878795020374], 
            [-123.906908776819, 50.9002168715115], 
            [-123.88566679009, 50.9239859531893], 
            [-123.7718755716, 50.9452279399176], 
            [-123.750633584872, 50.9689970215953], 
            [-123.636833373162, 50.9902390083237], 
            [-123.615600379654, 51.0140080900014], 
            [-123.546811236349, 51.0352500767298], 
            [-123.525569249621, 51.0590281516279], 
            [-123.501800167943, 51.0802611451358], 
            [-123.480558181215, 51.104039220034], 
            [-123.411778031131, 51.1252722135419], 
            [-123.390536044403, 51.1490502884402], 
            [-123.321755894319, 51.1702922751684], 
            [-123.300513907591, 51.1940613568462], 
            [-123.276735832692, 51.2153033435745], 
            [-123.255502839185, 51.2390724252523], 
            [-123.231724764286, 51.2603144119806], 
            [-123.210482777558, 51.2840834936584], 
            [-123.18671369588, 51.3053254803867], 
            [-123.165471709152, 51.3741056304706], 
            [-123.141702627474, 51.3953476171989], 
            [-123.120460640746, 51.8952807426123], 
            [-123.165471709152, 51.9354984245128], 
            [-123.18671369588, 52.3643761150657], 
            [-123.210482777558, 52.385618101794], 
            [-123.231724764286, 52.4304672922318], 
            [-122.894137254631, 52.4531392010134], 
            [-122.710117977563, 52.4811261030873], 
            [-122.51313047659, 52.5338893275305], 
            [-122.243198964461, 52.6377340441909], 
            [-121.944012506172, 52.8125082906252], 
            [-121.678379753423, 53.0183721001924], 
            [-121.629996227344, 53.0154852764244], 
            [-121.590048342057, 52.9707709842936], 
            [-121.56627926038, 52.9495379907857], 
            [-121.545037273651, 52.9257599158875], 
            [-121.521268191973, 52.9045269223797], 
            [-121.500026205245, 52.8357377790753], 
            [-121.476257123567, 52.814495792347], 
            [-121.455015136839, 52.7907267106692], 
            [-121.431237061941, 52.7694847239409], 
            [-121.410004068433, 52.7007045738571], 
            [-121.386225993535, 52.6794625871288], 
            [-121.364984006806, 52.6106734438244], 
            [-121.341214925129, 52.5894404503166], 
            [-121.3199729384, 52.5206513070123], 
            [-121.296203856723, 52.499409320284], 
            [-121.274961869994, 52.4306291702001], 
            [-121.251192788316, 52.4093871834718], 
            [-121.229950801588, 52.340607033388], 
            [-121.20618171991, 52.3193650466596], 
            [-121.184939733182, 52.1605537665432], 
            [-121.161170651504, 52.1393117798149], 
            [-121.139928664776, 52.0255205613249], 
            [-121.116159583098, 52.0042785745966], 
            [-121.09491759637, 51.8904873561067], 
            [-121.071139521472, 51.8692453693784], 
            [-121.049906527964, 51.800456226074], 
            [-121.026128453066, 51.7792142393458], 
            [-121.004886466337, 51.755445157668], 
            [-120.98111738466, 51.7342031709397], 
            [-120.959875397931, 51.7104340892619], 
            [-120.902984285296, 51.6998130958978], 
            [-120.925035661866, 51.6768623972819], 
            [-121.031380493815, 51.5746814264068], 
            [-121.526412314077, 51.0452865107639], 
            [-121.864296600008, 50.7512171949177], 
            [-121.955739665653, 50.5971813148658], 
            [-121.921772271973, 50.5312520156681], 
            [-122.045725829583, 50.2037189264873], 
            [-122.10557571175, 49.9582219943496], 
            [-122.129335800207, 49.2978498159164], 
            [-122.081734684308, 49.0654200331081], 
            [-121.900341427615, 48.8263622468203], 
            [-121.859710057573, 48.73696064222], 
            [-121.94397653329, 48.4907712321067], 
            [-121.971792564175, 48.2837472971001], 
            [-121.901717390345, 48.0102994357704], 
            [-121.904784078522, 47.8599957422098], 
            [-121.972691886222, 47.7281641234756], 
            [-122.017415171573, 47.5447024260762], 
            [-122.072444687572, 47.4378809534433], 
            [-122.264602829157, 47.5368693310548], 
            [-122.331890104645, 47.5022004661786], 
            [-122.40344016663, 47.4789889641694], 
            [-122.489433340676, 47.4346883601797], 
            [-122.67942411613, 47.3540371590877], 
            [-122.897653603831, 47.3185139382677], 
            [-122.981218608352, 47.1462577935624], 
            [-123.084496752123, 47.0183202392877], 
            [-123.257265510395, 46.9845866693394], 
            [-123.336774572488, 46.90184004788], 
            [-123.373008257725, 46.3834618273016], 
            [-123.46464917422, 46.1575431361069], 
            [-123.502204862864, 46.0357839242887], 
            [-123.415141495583, 45.8667833253903], 
            [-123.186668729778, 45.7926432159118], 
            [-123.089919664061, 45.7428027881182], 
            [-123.030033809013, 45.4960827779979], 
            [-123.075503531663, 45.3632169389107], 
            [-123.147746071624, 45.3646918270662], 
            [-123.410545959928, 45.4546420181147], 
            [-123.444054699365, 45.4539585333597], 
            [-123.596471799734, 45.2214837844492], 
            [-123.793180510872, 45.0324912564664], 
            [-123.83980136574, 44.9793233371024], 
            [-123.730749574433, 44.7676409138971], 
            [-123.702627774052, 44.6809822415373], 
            [-123.705766407993, 44.5273780360676], 
            [-123.807551677168, 44.2764312123307], 
            [-123.750129964526, 43.9961035373484], 
            [-123.727718859138, 43.7211807878631], 
            [-123.703859845256, 43.6280919628739], 
            [-123.626751973025, 43.5540058127182], 
            [-123.35125365743, 43.5091566222804], 
            [-123.149140020795, 43.4217155397404], 
            [-122.949103818087, 43.2602422663676], 
            [-122.823063833329, 43.2039896723855], 
            [-122.642156210541, 43.2503587170812], 
            [-122.551279717785, 43.2971684295795], 
            [-122.512393032512, 43.3928293156205], 
            [-122.638720800325, 43.5593208060105], 
            [-122.671635987211, 43.6607463463668], 
            [-122.669423654978, 43.7689527749507], 
            [-122.621768579756, 43.8614660338305], 
            [-122.547007938066, 43.9332858924301], 
            [-122.395885861443, 43.9687461607068], 
            [-122.263038008797, 43.9003167462209], 
            [-122.214969245434, 43.8012294431844], 
            [-122.222001943835, 43.4566272215691], 
            [-121.977080577806, 43.3112338263801], 
            [-121.577448840192, 43.0238194936748], 
            [-121.199167007951, 42.8402948437321], 
            [-121.064916212913, 42.7967316838202], 
            [-120.953840947002, 42.7989979753763], 
            [-120.73694245593, 42.8732370102799], 
            [-120.531852063322, 42.9564242995419], 
            [-120.234194452512, 43.0289905954397], 
            [-119.940080170563, 43.0685068061443], 
            [-119.671353749976, 42.9996367238558], 
            [-119.563390138344, 42.9440226485265], 
            [-119.185405082379, 42.6878057975995], 
            [-119.136032302049, 42.6638478582921], 
            [-118.9789207406, 42.5733670672365], 
            [-118.955997021645, 42.5738347147004], 
            [-118.907919265062, 42.5490673855515], 
            [-118.8774322477, 42.5173303105455], 
            [-118.899942278513, 42.5173303105455], 
            [-118.899942278513, 42.4723192421394], 
            [-118.944953346919, 42.4723192421394], 
            [-118.944953346919, 42.4273081737333], 
            [-118.989964415325, 42.4273081737333], 
            [-118.989964415325, 42.3822971053272], 
            [-119.034975483732, 42.3822971053272], 
            [-119.034975483732, 42.3372860369212], 
            [-119.079986552138, 42.3372860369212], 
            [-119.079986552138, 42.2022438384824], 
            [-119.124997620544, 42.2022438384824], 
            [-119.124997620544, 41.8871663596399], 
            [-119.079986552138, 41.8871663596399], 
            [-119.079986552138, 41.7521241612012], 
            [-119.034975483732, 41.7521241612012], 
            [-119.034975483732, 41.707113092795], 
            [-118.989964415325, 41.707113092795], 
            [-118.989964415325, 41.6170909559829], 
            [-118.944953346919, 41.6170909559829], 
            [-118.944953346919, 41.5720798875768], 
            [-118.899942278513, 41.5720798875768], 
            [-118.899942278513, 41.4820487575442], 
            [-118.854931210107, 41.4820487575442], 
            [-118.854931210107, 41.4370376891382], 
            [-118.809911148481, 41.4370376891382], 
            [-118.809911148481, 41.392026620732], 
            [-118.764900080075, 41.392026620732], 
            [-118.764900080075, 41.3020044839199], 
            [-118.719889011668, 41.3020044839199], 
            [-118.719889011668, 41.2569934155138], 
            [-118.674877943262, 41.2569934155138], 
            [-118.674877943262, 41.1669712787016], 
            [-118.629866874856, 41.1669712787016], 
            [-118.629866874856, 41.076940148669], 
            [-118.58485580645, 41.076940148669], 
            [-118.58485580645, 40.9419069434508], 
            [-118.539844738044, 40.9419069434508], 
            [-118.539844738044, 40.7168426081999], 
            [-118.494833669638, 40.7168426081999], 
            [-118.494833669638, 40.6718315397938], 
            [-118.505652513852, 40.3675729051655], 
            [-118.529016900609, 40.3459262235165], 
            [-118.550663582258, 40.0974975015085], 
            [-118.574027969015, 40.0758508198595], 
            [-118.595674650665, 39.8499321286649], 
            [-118.619039037422, 39.8282854470158], 
            [-118.640685719071, 39.5999205998559], 
            [-118.595674650665, 39.5582100433589], 
            [-118.574027969015, 39.3097903145715], 
            [-118.550663582258, 39.2881346397019], 
            [-118.529016900609, 39.1747481161327], 
            [-118.505652513852, 39.1531014344837], 
            [-118.484005832203, 39.0847259793206], 
            [-118.460641445446, 39.0630792976715], 
            [-118.438994763797, 38.9947038425084], 
            [-118.41563037704, 38.9730571608593], 
            [-118.393983695391, 38.9046727124758], 
            [-118.370619308634, 38.8830260308267], 
            [-118.348972626985, 38.8146505756636], 
            [-118.325608240228, 38.7930038940146], 
            [-118.303952565359, 38.7696395072575], 
            [-118.280597171822, 38.7479928256085], 
            [-118.258941496952, 38.6928284113022], 
            [-118.619039037422, 38.6354606579831], 
            [-118.930600167064, 38.5775353249953], 
            [-119.220577567601, 38.4707138523624], 
            [-119.428401899228, 38.3403571217838], 
            [-119.206647069107, 38.235703015282], 
            [-119.144935590305, 38.1690992245496], 
            [-119.103899525343, 38.0394979244897], 
            [-119.116777817043, 37.7145728692426], 
            [-119.211170658999, 37.4452618893248], 
            [-119.317857233325, 37.3061367687969], 
            [-119.235812083061, 37.2301170762422], 
            [-119.11907108826, 37.1041220575869], 
            [-119.235164571188, 36.8381115895783], 
            [-119.169082387242, 36.8069231010204], 
            [-119.054904460273, 36.6836979942671], 
            [-119.004920140952, 36.5258220090785], 
            [-118.727668147367, 36.770905253075], 
            [-118.614875176348, 36.766435622506], 
            [-118.438994763797, 36.6315642952561], 
            [-118.389702922452, 36.6082988339241], 
            [-118.333675158981, 36.6105201593779], 
            [-118.169782709305, 36.7233041371763], 
            [-117.943387377426, 36.8694979289863], 
            [-117.663419431262, 36.9726591608916], 
            [-117.396059980184, 37.0152510529938], 
            [-117.253418510456, 37.2097204522371], 
            [-116.984269408506, 37.5013975714409], 
            [-116.785950910906, 37.6179856814941], 
            [-116.590186487916, 37.6443358174441], 
            [-116.54848492464, 37.599324749038], 
            [-116.453813292849, 37.5116048766638], 
            [-116.402542943002, 37.5669401621588], 
            [-116.344428752385, 37.3229540910585], 
            [-116.345957599863, 37.2844181413842], 
            [-116.322566233445, 37.1275583901077], 
            [-116.29105398895, 36.8969902039348], 
            [-116.255899490169, 36.3839989224124], 
            [-116.214395777743, 36.0256370734922], 
            [-116.25902913089, 35.8552695050837], 
            [-116.254829296934, 35.7493203748355], 
            [-116.188090607895, 35.6231814646529], 
            [-116.165877353357, 35.4828602458038], 
            [-116.223541882951, 35.4851445238008], 
            [-116.187524035006, 35.4170928245743], 
            [-116.165877353357, 35.3487173694111], 
            [-116.004026364725, 35.2576070529232], 
            [-115.898383003972, 35.1435910039217], 
            [-115.804925456944, 35.0569952841051], 
            [-115.79409761951, 35.0453130907266], 
            [-115.854891789824, 35.0357353109359], 
            [-115.816607650323, 34.9777919915073], 
            [-115.845430921899, 34.9665414727109], 
            [-115.816607650323, 34.9552909539145], 
            [-115.767189903891, 34.8439728710512], 
            [-115.827228643687, 34.8774726172675], 
            [-115.850997725365, 34.8755660545299], 
            [-115.951640855541, 34.9327809231012], 
            [-115.935875740073, 34.881735403766], 
            [-115.872167766329, 34.7644907886191], 
            [-115.875558210443, 34.7077255810708], 
            [-115.87217675955, 34.6510053396248], 
            [-115.896431475132, 34.5833853149804], 
            [-115.757890913935, 34.5575298061557], 
            [-115.445610326655, 34.427640723041], 
            [-115.302150473865, 34.338949582857], 
            [-115.194024984266, 34.3137955452283], 
            [-115.15331267524, 34.2682179039332], 
            [-114.849917389776, 34.0139166089644], 
            [-114.826337165728, 33.9875305001325], 
            [-114.883030427512, 33.9983493443468], 
            [-114.989051503524, 34.0355093312907], 
            [-115.140920017445, 33.9241193026638], 
            [-115.199250045353, 33.8611667594385], 
            [-115.540183033021, 33.6454283938054], 
            [-115.679371106092, 33.5966491660263], 
            [-115.990581500136, 33.5668276469784], 
            [-116.118788851025, 33.5063212597184], 
            [-116.162082214323, 33.4595924862044], 
            [-116.229540360999, 33.4277564857733], 
            [-116.321954694454, 33.2934517314123], 
            [-116.327467538596, 33.1543715769868], 
            [-116.28519040921, 33.0647811147567], 
            [-116.131721102047, 32.8001915755808], 
            [-116.088391765867, 32.5732836301355], 
            [-115.970733462579, 32.4462903640091], 
            [-115.872437562943, 32.5129481140643], 
            [-115.722313733792, 32.6351300072441], 
            [-115.569042277479, 32.70746247941], 
            [-115.428163478961, 32.8044093959769], 
            [-115.323365480932, 32.8085552706093], 
            [-115.163978634706, 32.7705948870445], 
            [-115.087302437058, 32.6995484454045], 
            [-115.040573663544, 32.5212128836677], 
            [-115.06412690793, 32.022502836237], 
            [-115.172225417869, 31.6810842146648], 
            [-115.648236576856, 31.7027308963139], 
            [-115.689947133353, 31.74774196472], 
            [-116.413442726201, 31.7260952830709], 
            [-116.43509840107, 31.7027308963139], 
            [-116.716847004885, 31.6919030588791]
          ], 
          [
            [-124.278463680155, 49.7290837302301], 
            [-124.311819534844, 49.6752233328906], 
            [-124.233884286331, 49.6517600207085], 
            [-124.278463680155, 49.7290837302301]
          ], 
          [
            [-124.112206013497, 49.6178735660124], 
            [-124.233884286331, 49.6517600207085], 
            [-124.213820411483, 49.6257786067973], 
            [-124.098842087892, 49.539227853083], 
            [-124.112206013497, 49.6178735660124]
          ], 
          [
            [-123.008279208718, 49.2833437513132], 
            [-122.986857357581, 49.4067577156961], 
            [-123.07115081296, 49.480906818395], 
            [-123.149679614023, 49.4297623736347], 
            [-123.185283773827, 49.3113486398279], 
            [-123.072760599422, 49.2824714089285], 
            [-123.063560534891, 49.2691614426465], 
            [-123.008279208718, 49.2833437513132]
          ], 
          [
            [-122.883516261266, 39.9066253904495], 
            [-122.872490572982, 39.9181007397574], 
            [-122.783529636184, 39.9612592047486], 
            [-122.437353600988, 40.2818315412927], 
            [-122.241867967832, 40.3452697184229], 
            [-122.091941989531, 40.4711298387711], 
            [-121.953797130033, 40.5159520495475], 
            [-121.812909338295, 40.4798442693976], 
            [-121.724514974387, 40.3450269014704], 
            [-121.544021039739, 40.4965536730137], 
            [-121.341205931908, 40.7076425436685], 
            [-121.342087267513, 40.7508010086597], 
            [-121.315755118004, 40.827729016481], 
            [-121.347402260806, 40.9512059334072], 
            [-121.41600254648, 41.0524156364725], 
            [-121.60336730156, 41.1636347939107], 
            [-121.807063744996, 41.2034028147881], 
            [-122.066239365454, 41.1981148011572], 
            [-122.625078084886, 41.1164473661531], 
            [-122.980085462574, 41.1817651263596], 
            [-123.19080561119, 41.1774573737589], 
            [-123.285881937901, 41.1284802951296], 
            [-123.391480332551, 41.0185831410991], 
            [-123.445052946836, 40.8534855998806], 
            [-123.434539872117, 40.3385248030773], 
            [-123.35866407109, 40.0424410058478], 
            [-123.156334597164, 39.9223365465944], 
            [-122.883516261266, 39.9066253904495]
          ], 
          [
            [-121.848234708265, 39.5015167815743], 
            [-121.837613714901, 39.5134058190234], 
            [-121.764184069839, 39.5601076128761], 
            [-121.725081547276, 39.6521712107329], 
            [-121.748275062844, 40.0412718871879], 
            [-121.797854687244, 40.1794527195674], 
            [-121.903866770035, 40.0972996506584], 
            [-122.03082406328, 40.0165495241413], 
            [-122.151432142879, 39.8627114949396], 
            [-122.061320073862, 39.6968765096433], 
            [-121.936341289119, 39.517965381797], 
            [-121.848234708265, 39.5015167815743]
          ], 
          [
            [-121.465636130203, 38.4887452593863], 
            [-121.43609340099, 38.553307589074], 
            [-121.511186791837, 38.5871400844474], 
            [-121.541529917672, 38.4994921578369], 
            [-121.465636130203, 38.4887452593863]
          ], 
          [
            [-121.690691472234, 38.3537030609476], 
            [-121.635311220636, 38.4441568723419], 
            [-121.681581339907, 38.6653091566923], 
            [-121.776324917461, 38.7530919816098], 
            [-121.930010061915, 38.7469945781373], 
            [-121.974121808275, 38.6993844690181], 
            [-121.971270957389, 38.6274207188911], 
            [-121.897211786894, 38.4874502356399], 
            [-121.785129280292, 38.3836055189796], 
            [-121.690691472234, 38.3537030609476]
          ], 
          [
            [-122.25334331714, 37.768550178448], 
            [-122.274585303869, 37.8448126879553], 
            [-122.330667026662, 37.7816802803208], 
            [-122.25334331714, 37.768550178448]
          ], 
          [
            [-115.959339052255, 34.9589691810829], 
            [-115.979259035576, 34.9409018011773], 
            [-115.951640855541, 34.9327809231012], 
            [-115.959339052255, 34.9589691810829]
          ], 
          [
            [-117.46996626593, 34.3372048980876], 
            [-117.55604037896, 34.4471110453385], 
            [-117.627509501962, 34.6072803017446], 
            [-117.656206868452, 34.6587215227801], 
            [-117.745329683218, 34.6956296995511], 
            [-117.735913781396, 34.5784030708451], 
            [-117.622365379858, 34.3964792141445], 
            [-117.459552116637, 34.3026079789751], 
            [-117.46996626593, 34.3372048980876]
          ], 
          [
            [-117.437042085824, 34.3026079789751], 
            [-117.459552116637, 34.3026079789751], 
            [-117.459552116637, 34.2801069413823], 
            [-117.437042085824, 34.2801069413823], 
            [-117.437042085824, 34.3026079789751]
          ], 
          [
            [-117.414541048231, 34.2801069413823], 
            [-117.437042085824, 34.2801069413823], 
            [-117.437042085824, 34.2350958729762], 
            [-117.414541048231, 34.2350958729762], 
            [-117.414541048231, 34.2801069413823]
          ], 
          [
            [-117.392031017417, 34.2350958729762], 
            [-117.414541048231, 34.2350958729762], 
            [-117.414541048231, 34.1900848045702], 
            [-117.392031017417, 34.1900848045702], 
            [-117.392031017417, 34.2350958729762]
          ], 
          [
            [-117.392031017417, 34.1900848045702], 
            [-117.349547043961, 34.1425376479941], 
            [-117.284454114266, 34.0843694980539], 
            [-117.134258339351, 34.0379914601378], 
            [-116.916730322846, 34.0844684234791], 
            [-116.634702929197, 34.110935471295], 
            [-116.645458820868, 34.2913574601787], 
            [-116.636735397021, 34.4376501774138], 
            [-116.640575502158, 34.5020776087947], 
            [-116.741848157766, 34.5382933075902], 
            [-116.94003175706, 34.467183913407], 
            [-117.107764311873, 34.2521290325289], 
            [-117.236987896674, 34.1569537803927], 
            [-117.392031017417, 34.1900848045702]
          ], 
          [
            [-117.842150694699, 33.6949450656624], 
            [-117.812050385817, 33.817513667322], 
            [-117.855946294886, 33.8849268478958], 
            [-117.97118542187, 33.9066994346313], 
            [-118.031395032854, 33.8154272401751], 
            [-117.985178872907, 33.7053951878377], 
            [-117.842150694699, 33.6949450656624]
          ]
        ]
      }, 
      "properties" : {
        "OBJECTID" : 139, 
        "Id" : 139, 
        "gridcode" : 2, 
        "Unixtime" : 1785913200, 
        "Timestamp" : 1785913200000, 
        "Shape__Area" : 877264157405.57422, 
        "Shape__Length" : 14480039.104278674
      }
    }, 
    {
      "type" : "Feature", 
      "id" : 141, 
      "geometry" : 
      {
        "type" : "Polygon", 
        "coordinates" : 
        [
          [
            [-102.920617292654, 31.0167280395674], 
            [-102.920617292654, 31.0617391079736], 
            [-102.96562836106, 31.0617391079736], 
            [-102.96562836106, 31.1067501763796], 
            [-103.010648422687, 31.1067501763796], 
            [-103.010648422687, 31.1517612447857], 
            [-103.055659491093, 31.1517612447857], 
            [-103.055659491093, 31.1967723131918], 
            [-103.100670559499, 31.1967723131918], 
            [-103.100670559499, 31.2417833815979], 
            [-103.145681627905, 31.2417833815979], 
            [-103.145681627905, 31.2867944500039], 
            [-103.190692696311, 31.2867944500039], 
            [-103.190692696311, 31.33180551841], 
            [-103.235703764717, 31.33180551841], 
            [-103.235703764717, 31.3768255800365], 
            [-103.280714833123, 31.3768255800365], 
            [-103.280714833123, 31.4668477168487], 
            [-103.325725901529, 31.4668477168487], 
            [-103.325725901529, 31.5118587852548], 
            [-103.370745963156, 31.5118587852548], 
            [-103.370745963156, 31.5568698536609], 
            [-103.415757031562, 31.5568698536609], 
            [-103.415757031562, 31.601880922067], 
            [-103.460768099968, 31.601880922067], 
            [-103.460768099968, 31.6468919904731], 
            [-103.505779168374, 31.6468919904731], 
            [-103.505779168374, 31.7369231205057], 
            [-103.55079023678, 31.7369231205057], 
            [-103.55079023678, 31.7819341889117], 
            [-103.595801305186, 31.7819341889117], 
            [-103.595801305186, 31.8269452573179], 
            [-103.640812373592, 31.8269452573179], 
            [-103.640812373592, 31.8719563257239], 
            [-103.685823441998, 31.8719563257239], 
            [-103.685823441998, 31.91696739413], 
            [-103.730843503625, 31.91696739413], 
            [-103.730843503625, 32.0069895309422], 
            [-103.775854572031, 32.0069895309422], 
            [-103.775854572031, 32.0520005993483], 
            [-103.820865640437, 32.0520005993483], 
            [-103.820865640437, 32.0970206609748], 
            [-103.865876708843, 32.0970206609748], 
            [-103.865876708843, 32.1870427977869], 
            [-103.910887777249, 32.1870427977869], 
            [-103.910887777249, 32.2770649345991], 
            [-103.955898845655, 32.2770649345991], 
            [-103.955898845655, 32.3670870714113], 
            [-104.000909914061, 32.3670870714113], 
            [-104.000909914061, 32.5921514066622], 
            [-104.045920982467, 32.5921514066622], 
            [-104.045920982467, 32.8172067486926], 
            [-104.000909914061, 32.8172067486926], 
            [-104.000909914061, 32.9972600155374], 
            [-103.955898845655, 32.9972600155374], 
            [-103.955898845655, 33.1322932207556], 
            [-103.910887777249, 33.1322932207556], 
            [-103.910887777249, 33.1773042891617], 
            [-103.865876708843, 33.1773042891617], 
            [-103.865876708843, 33.2673354191943], 
            [-103.820865640437, 33.2673354191943], 
            [-103.820865640437, 33.3123464876004], 
            [-103.775854572031, 33.3123464876004], 
            [-103.775854572031, 33.3573575560065], 
            [-103.730843503625, 33.3573575560065], 
            [-103.730843503625, 33.4023686244126], 
            [-103.685823441998, 33.4023686244126], 
            [-103.685823441998, 33.4473796928186], 
            [-103.640812373592, 33.4473796928186], 
            [-103.640812373592, 33.4923907612247], 
            [-103.595801305186, 33.4923907612247], 
            [-103.595801305186, 33.5374018296308], 
            [-103.55079023678, 33.5374018296308], 
            [-103.55079023678, 33.5824218912574], 
            [-103.460768099968, 33.5824218912574], 
            [-103.460768099968, 33.6274329596634], 
            [-103.415757031562, 33.6274329596634], 
            [-103.415757031562, 33.6724440280695], 
            [-103.325725901529, 33.6724440280695], 
            [-103.325725901529, 33.7174550964756], 
            [-103.235703764717, 33.7174550964756], 
            [-103.235703764717, 33.7624661648817], 
            [-103.145681627905, 33.7624661648817], 
            [-103.145681627905, 33.8074772332878], 
            [-103.100670559499, 33.8074772332878], 
            [-103.100670559499, 33.8524883016938], 
            [-103.055659491093, 33.8524883016938], 
            [-103.055659491093, 33.8974993700999], 
            [-102.96562836106, 33.8974993700999], 
            [-102.96562836106, 33.9425194317265], 
            [-102.920617292654, 33.9425194317265], 
            [-102.920617292654, 33.9875305001325], 
            [-102.875606224248, 33.9875305001325], 
            [-102.875606224248, 34.0775526369447], 
            [-102.830595155842, 34.0775526369447], 
            [-102.830595155842, 34.1225637053508], 
            [-102.785584087436, 34.1225637053508], 
            [-102.785584087436, 34.212585842163], 
            [-102.74057301903, 34.212585842163], 
            [-102.74057301903, 34.3476280406016], 
            [-102.695561950623, 34.3476280406016], 
            [-102.695561950623, 35.3829006003825], 
            [-102.650550882217, 35.3829006003825], 
            [-102.650550882217, 35.5179427988212], 
            [-102.605530820591, 35.5179427988212], 
            [-102.605530820591, 35.6079649356333], 
            [-102.560519752185, 35.6079649356333], 
            [-102.560519752185, 35.6979870724455], 
            [-102.515508683779, 35.6979870724455], 
            [-102.515508683779, 35.7429981408516], 
            [-102.470497615373, 35.7429981408516], 
            [-102.470497615373, 35.7880182024782], 
            [-102.425486546967, 35.7880182024782], 
            [-102.425486546967, 35.8330292708842], 
            [-102.425486546967, 35.8780403392903], 
            [-102.335464410154, 35.8780403392903], 
            [-102.335464410154, 35.9230514076964], 
            [-102.290453341748, 35.9230514076964], 
            [-102.290453341748, 35.9680624761025], 
            [-102.245442273342, 35.9680624761025], 
            [-102.245442273342, 36.0130735445085], 
            [-102.15541114331, 36.0130735445085], 
            [-102.15541114331, 36.0580846129146], 
            [-102.020377938091, 36.0580846129146], 
            [-102.020377938091, 36.1030956813207], 
            [-101.885344732873, 36.1030956813207], 
            [-101.885344732873, 36.1481067497268], 
            [-101.57025826081, 36.1481067497268], 
            [-101.57025826081, 36.1030956813207], 
            [-101.390204993965, 36.1030956813207], 
            [-101.390204993965, 36.0580846129146], 
            [-101.300182857153, 36.0580846129146], 
            [-101.300182857153, 36.0130735445085], 
            [-101.210160720341, 36.0130735445085], 
            [-101.210160720341, 35.9680624761025], 
            [-101.120129590308, 35.9680624761025], 
            [-101.120129590308, 35.9230514076964], 
            [-101.075118521902, 35.9230514076964], 
            [-101.075118521902, 35.8780403392903], 
            [-101.030107453496, 35.8780403392903], 
            [-101.030107453496, 35.8330292708842], 
            [-100.98509638509, 35.8330292708842], 
            [-100.98509638509, 35.7429981408516], 
            [-100.940085316684, 35.7429981408516], 
            [-100.940085316684, 35.6979870724455], 
            [-100.895074248278, 35.6979870724455], 
            [-100.895074248278, 35.6079649356333], 
            [-100.850063179872, 35.6079649356333], 
            [-100.850063179872, 35.427920662009], 
            [-100.805052111466, 35.427920662009], 
            [-100.805052111466, 34.9327809231012], 
            [-100.850063179872, 34.9327809231012], 
            [-100.850063179872, 34.7077255810708], 
            [-100.895074248278, 34.7077255810708], 
            [-100.895074248278, 34.3926391090077], 
            [-100.940085316684, 34.3926391090077], 
            [-100.940085316684, 34.3026079789751], 
            [-100.895074248278, 34.3026079789751], 
            [-100.895074248278, 33.8524883016938], 
            [-100.850063179872, 33.8524883016938], 
            [-100.850063179872, 33.8074772332878], 
            [-100.850063179872, 33.6274329596634], 
            [-100.895074248278, 33.6274329596634], 
            [-100.895074248278, 33.3573575560065], 
            [-100.940085316684, 33.3573575560065], 
            [-100.940085316684, 33.2223243507882], 
            [-100.98509638509, 33.2223243507882], 
            [-100.98509638509, 33.0872821523495], 
            [-101.030107453496, 33.0872821523495], 
            [-101.030107453496, 33.0422710839434], 
            [-101.075118521902, 33.0422710839434], 
            [-101.075118521902, 32.9522489471313], 
            [-101.120129590308, 32.9522489471313], 
            [-101.120129590308, 32.8622268103191], 
            [-101.165149651935, 32.8622268103191], 
            [-101.165149651935, 32.7721956802865], 
            [-101.210160720341, 32.7721956802865], 
            [-101.210160720341, 32.7271846118804], 
            [-101.255171788747, 32.7271846118804], 
            [-101.255171788747, 32.6371624750682], 
            [-101.300182857153, 32.6371624750682], 
            [-101.300182857153, 32.5471403382561], 
            [-101.345193925559, 32.5471403382561], 
            [-101.345193925559, 32.3670870714113], 
            [-101.390204993965, 32.3670870714113], 
            [-101.390204993965, 31.91696739413], 
            [-101.435216062371, 31.91696739413], 
            [-101.435216062371, 31.6919030588791], 
            [-101.480227130777, 31.6919030588791], 
            [-101.480227130777, 31.5568698536609], 
            [-101.525247192404, 31.5568698536609], 
            [-101.525247192404, 31.4668477168487], 
            [-101.57025826081, 31.4668477168487], 
            [-101.57025826081, 31.3768255800365], 
            [-101.615269329216, 31.3768255800365], 
            [-101.615269329216, 31.33180551841], 
            [-101.660280397622, 31.33180551841], 
            [-101.660280397622, 31.2417833815979], 
            [-101.705291466028, 31.2417833815979], 
            [-101.705291466028, 31.1967723131918], 
            [-101.750302534434, 31.1967723131918], 
            [-101.750302534434, 31.1517612447857], 
            [-101.79531360284, 31.1517612447857], 
            [-101.79531360284, 31.1067501763796], 
            [-101.885344732873, 31.1067501763796], 
            [-101.885344732873, 31.0617391079736], 
            [-101.930355801279, 31.0617391079736], 
            [-101.930355801279, 31.0167280395674], 
            [-102.020377938091, 31.0167280395674], 
            [-102.020377938091, 30.9717079779409], 
            [-102.110400074903, 30.9717079779409], 
            [-102.110400074903, 30.9266969095348], 
            [-102.245442273342, 30.9266969095348], 
            [-102.245442273342, 30.8816858411287], 
            [-102.695561950623, 30.8816858411287], 
            [-102.695561950623, 30.9266969095348], 
            [-102.785584087436, 30.9266969095348], 
            [-102.785584087436, 30.9717079779409], 
            [-102.875606224248, 30.9717079779409], 
            [-102.875606224248, 31.0167280395674], 
            [-102.920617292654, 31.0167280395674]
          ]
        ]
      }, 
      "properties" : {
        "OBJECTID" : 141, 
        "Id" : 141, 
        "gridcode" : 2, 
        "Unixtime" : 1785913200, 
        "Timestamp" : 1785913200000, 
        "Shape__Area" : 159653794119.03906, 
        "Shape__Length" : 2148839.1913886135
      }
    }, 
    {
      "type" : "Feature", 
      "id" : 142, 
      "geometry" : 
      {
        "type" : "Polygon", 
        "coordinates" : 
        [
          [
            [-106.296528362094, 30.7916637043166], 
            [-106.420949567169, 30.8022846976808], 
            [-106.442191553897, 30.8260537793585], 
            [-106.736036039232, 30.8472957660868], 
            [-106.75727802596, 30.8710648477646], 
            [-106.87106924445, 30.8923068344929], 
            [-106.892311231178, 30.9160759161707], 
            [-106.961091381262, 30.937317902899], 
            [-106.98233336799, 30.9610959777972], 
            [-107.051122511295, 30.982328971305], 
            [-107.072355504803, 31.0061070462033], 
            [-107.141144648107, 31.0273400397111], 
            [-107.162386634835, 31.0511181146094], 
            [-107.186155716513, 31.0723601013377], 
            [-107.207397703241, 31.0961291830155], 
            [-107.276177853325, 31.1173711697437], 
            [-107.297419840054, 31.1411402514215], 
            [-107.321188921731, 31.1623822381499], 
            [-107.34243090846, 31.1861513198276], 
            [-107.366208983358, 31.2073933065559], 
            [-107.387441976866, 31.2311623882337], 
            [-107.411220051764, 31.252404374962], 
            [-107.432453045272, 31.2761734566398], 
            [-107.45623112017, 31.2974154433681], 
            [-107.477473106898, 31.3211935182663], 
            [-107.546253256982, 31.3424265117742], 
            [-107.56749524371, 31.3662045866724], 
            [-107.591264325388, 31.3874375801803], 
            [-107.612506312117, 31.4112156550785], 
            [-107.636275393794, 31.4324576418068], 
            [-107.657517380523, 31.4562267234846], 
            [-107.6812864622, 31.4774687102129], 
            [-107.702528448929, 31.5012377918907], 
            [-107.726306523827, 31.522479778619], 
            [-107.747539517335, 31.5462488602968], 
            [-107.816328660639, 31.5674908470251], 
            [-107.837570647367, 31.5912599287028], 
            [-107.861339729045, 31.6125019154311], 
            [-107.882581715773, 31.6362709971089], 
            [-107.951361865857, 31.6575129838372], 
            [-107.972603852586, 31.6812910587354], 
            [-108.086395071076, 31.7025240522433], 
            [-108.107637057804, 31.7263021271415], 
            [-108.221437269514, 31.7475351206494], 
            [-108.242679256243, 31.7713131955476], 
            [-108.356470474733, 31.7925551822759], 
            [-108.377712461461, 31.8163242639537], 
            [-108.491512673171, 31.837566250682], 
            [-108.512745666679, 31.8613353323598], 
            [-108.585240016813, 31.8837194580866], 
            [-108.55902477917, 31.996368537578], 
            [-108.535255697492, 32.0626215927124], 
            [-108.514013710764, 32.1764218044228], 
            [-108.471268933914, 32.2146160117197], 
            [-108.369654535928, 32.3743895664254], 
            [-108.265108348072, 32.4677931541308], 
            [-108.267788327769, 32.5127412699937], 
            [-108.12415760379, 32.469241062625], 
            [-108.001445110603, 32.3911978954666], 
            [-107.766946887089, 32.2094718896161], 
            [-107.520011039678, 32.0752840471211], 
            [-107.226184540784, 31.9965843748691], 
            [-107.127501932668, 32.1070301153476], 
            [-107.005472924236, 32.1143056307004], 
            [-106.743788195269, 32.0987113864214], 
            [-106.419699509525, 32.2474592528423], 
            [-106.290134182347, 32.3632199866132], 
            [-106.140900682021, 32.5768629318789], 
            [-105.983411405312, 33.0078810089015], 
            [-105.947051814989, 32.9866390221732], 
            [-105.925818821481, 32.9178588720894], 
            [-105.902040746583, 32.896616885361], 
            [-105.880807753075, 32.8728388104628], 
            [-105.857029678177, 32.851605816955], 
            [-105.835787691449, 32.7828166736506], 
            [-105.812018609771, 32.7615746869224], 
            [-105.790776623043, 32.7378056052445], 
            [-105.767007541365, 32.7165636185163], 
            [-105.745765554637, 32.6477834684324], 
            [-105.721996472959, 32.6265414817041], 
            [-105.70075448623, 32.6027724000263], 
            [-105.676985404553, 32.581530413298], 
            [-105.655743417824, 32.5127412699937], 
            [-105.631974336147, 32.4915082764858], 
            [-105.610732349418, 32.4227191331815], 
            [-105.58695427452, 32.4014771464532], 
            [-105.565721281012, 32.3777080647754], 
            [-105.541943206114, 32.3564660780472], 
            [-105.520710212606, 32.2876859279633], 
            [-105.496932137708, 32.266443941235], 
            [-105.47569015098, 32.152652722745], 
            [-105.451921069302, 32.1314107360167], 
            [-105.430679082574, 32.0176105243063], 
            [-105.385668014167, 31.9773928424058], 
            [-105.406910000896, 31.522479778619], 
            [-105.430679082574, 31.5012377918907], 
            [-105.451921069302, 31.3874375801803], 
            [-105.47569015098, 31.3662045866724], 
            [-105.496932137708, 31.2974154433681], 
            [-105.520710212606, 31.2761734566398], 
            [-105.541943206114, 31.252404374962], 
            [-105.565721281012, 31.2311623882337], 
            [-105.58695427452, 31.1623822381499], 
            [-105.610732349418, 31.1411402514215], 
            [-105.631974336147, 31.1173711697437], 
            [-105.655743417824, 31.0961291830155], 
            [-105.676985404553, 31.0723601013377], 
            [-105.70075448623, 31.0511181146094], 
            [-105.721996472959, 31.0273400397111], 
            [-105.790776623043, 31.0061070462033], 
            [-105.812018609771, 30.982328971305], 
            [-105.835787691449, 30.9610959777972], 
            [-105.857029678177, 30.937317902899], 
            [-105.925818821481, 30.9160759161707], 
            [-105.947051814989, 30.8923068344929], 
            [-106.0608520267, 30.8710648477646], 
            [-106.082094013428, 30.8472957660868], 
            [-106.285916361951, 30.8260537793585], 
            [-106.296528362094, 30.7916637043166]
          ]
        ]
      }, 
      "properties" : {
        "OBJECTID" : 142, 
        "Id" : 142, 
        "gridcode" : 2, 
        "Unixtime" : 1785913200, 
        "Timestamp" : 1785913200000, 
        "Shape__Area" : 50677595918.355469, 
        "Shape__Length" : 1122563.4344938288
      }
    }, 
    {
      "type" : "Feature", 
      "id" : 143, 
      "geometry" : 
      {
        "type" : "Polygon", 
        "coordinates" : 
        [
          [
            [-87.0763345052331, 30.4315661638475], 
            [-87.2201540868416, 30.4430774860372], 
            [-87.3527051632126, 30.5492244671355], 
            [-87.3755389499625, 30.73278508996], 
            [-87.2687894230933, 30.8660915968498], 
            [-87.0707227356656, 30.8907330209123], 
            [-86.934394506701, 30.7815553245187], 
            [-86.9129636623431, 30.6092811933725], 
            [-86.9823193785364, 30.4950942731822], 
            [-87.0663340440808, 30.4440667402879], 
            [-87.0763345052331, 30.4315661638475]
          ]
        ]
      }, 
      "properties" : {
        "OBJECTID" : 143, 
        "Id" : 143, 
        "gridcode" : 2, 
        "Unixtime" : 1785913200, 
        "Timestamp" : 1785913200000, 
        "Shape__Area" : 2345244207.5996094, 
        "Shape__Length" : 176597.4523919794
      }
    }, 
    {
      "type" : "Feature", 
      "id" : 144, 
      "geometry" : 
      {
        "type" : "Polygon", 
        "coordinates" : 
        [
          [
            [-88.899332238392, 30.2515128970027], 
            [-88.899332238392, 30.274022927816], 
            [-88.8768222075788, 30.274022927816], 
            [-88.8768222075788, 30.2515128970027], 
            [-88.899332238392, 30.2515128970027]
          ]
        ]
      }, 
      "properties" : {
        "OBJECTID" : 144, 
        "Id" : 144, 
        "gridcode" : 2, 
        "Unixtime" : 1785913200, 
        "Timestamp" : 1785913200000, 
        "Shape__Area" : 7269758.9375, 
        "Shape__Length" : 10813.94407416787
      }
    }, 
    {
      "type" : "Feature", 
      "id" : 147, 
      "geometry" : 
      {
        "type" : "Polygon", 
        "coordinates" : 
        [
          [
            [-88.899332238392, 30.2515128970027], 
            [-88.899332238392, 30.2065018285966], 
            [-88.9218332759849, 30.2065018285966], 
            [-88.9218332759849, 30.1840007910038], 
            [-89.0020528024948, 30.193803401306], 
            [-89.0216670163197, 30.2307385577383], 
            [-88.899332238392, 30.2515128970027]
          ]
        ]
      }, 
      "properties" : {
        "OBJECTID" : 147, 
        "Id" : 147, 
        "gridcode" : 2, 
        "Unixtime" : 1785913200, 
        "Timestamp" : 1785913200000, 
        "Shape__Area" : 79366884.130859375, 
        "Shape__Length" : 39334.601698292419
      }
    }, 
    {
      "type" : "Feature", 
      "id" : 150, 
      "geometry" : 
      {
        "type" : "Polygon", 
        "coordinates" : 
        [
          [
            [-82.732662982011, 29.8239032505347], 
            [-82.9406671780478, 29.8412871456853], 
            [-83.0898467190508, 29.9347267062725], 
            [-83.1481857401797, 30.0936009389322], 
            [-83.0871307664717, 30.2697151752153], 
            [-82.8819144687777, 30.5079006191184], 
            [-82.7177971885893, 30.5770225115798], 
            [-82.5948598648908, 30.5374613347728], 
            [-82.5480411591721, 30.3663922951684], 
            [-82.5082551518537, 29.9617962998594], 
            [-82.5735369391783, 29.8860284174776], 
            [-82.6530549944923, 29.8568274306415], 
            [-82.7222488327174, 29.8359901388339], 
            [-82.732662982011, 29.8239032505347]
          ]
        ]
      }, 
      "properties" : {
        "OBJECTID" : 150, 
        "Id" : 150, 
        "gridcode" : 2, 
        "Unixtime" : 1785913200, 
        "Timestamp" : 1785913200000, 
        "Shape__Area" : 5080026245.5117188, 
        "Shape__Length" : 268928.68580872356
      }
    }, 
    {
      "type" : "Feature", 
      "id" : 155, 
      "geometry" : 
      {
        "type" : "Polygon", 
        "coordinates" : 
        [
          [
            [-102.875606224248, 28.4960452562837], 
            [-103.370745963156, 28.4960452562837], 
            [-103.370745963156, 28.5410563246897], 
            [-103.505779168374, 28.5410563246897], 
            [-103.505779168374, 28.5860673930958], 
            [-103.595801305186, 28.5860673930958], 
            [-103.595801305186, 28.6310784615019], 
            [-103.640812373592, 28.6310784615019], 
            [-103.640812373592, 28.676089529908], 
            [-103.730843503625, 28.676089529908], 
            [-103.730843503625, 28.721100598314], 
            [-103.775854572031, 28.721100598314], 
            [-103.775854572031, 28.7661116667201], 
            [-103.820865640437, 28.7661116667201], 
            [-103.820865640437, 28.8561427967527], 
            [-103.865876708843, 28.8561427967527], 
            [-103.865876708843, 28.9011538651589], 
            [-103.910887777249, 28.9011538651589], 
            [-103.910887777249, 28.991176001971], 
            [-103.955898845655, 28.991176001971], 
            [-103.955898845655, 29.1262092071892], 
            [-104.000909914061, 29.1262092071892], 
            [-104.000909914061, 29.576337877691], 
            [-103.955898845655, 29.576337877691], 
            [-103.955898845655, 29.7113710829092], 
            [-103.910887777249, 29.7113710829092], 
            [-103.910887777249, 29.8013932197214], 
            [-103.865876708843, 29.8013932197214], 
            [-103.865876708843, 29.8464042881275], 
            [-103.820865640437, 29.8464042881275], 
            [-103.820865640437, 29.9364354181601], 
            [-103.775854572031, 29.9364354181601], 
            [-103.775854572031, 29.9814464865662], 
            [-103.730843503625, 29.9814464865662], 
            [-103.730843503625, 30.0264575549722], 
            [-103.685823441998, 30.0264575549722], 
            [-103.685823441998, 30.0714686233783], 
            [-103.595801305186, 30.0714686233783], 
            [-103.595801305186, 30.1164796917844], 
            [-103.55079023678, 30.1164796917844], 
            [-103.55079023678, 30.1614907601905], 
            [-103.460768099968, 30.1614907601905], 
            [-103.460768099968, 30.2065018285966], 
            [-103.370745963156, 30.2065018285966], 
            [-103.370745963156, 30.2515128970027], 
            [-103.190692696311, 30.2515128970027], 
            [-103.190692696311, 30.2965329586292], 
            [-102.920617292654, 30.2965329586292], 
            [-102.920617292654, 30.2515128970027], 
            [-102.785584087436, 30.2515128970027], 
            [-102.785584087436, 30.2065018285966], 
            [-102.695561950623, 30.2065018285966], 
            [-102.695561950623, 30.1614907601905], 
            [-102.650550882217, 30.1614907601905], 
            [-102.650550882217, 30.1164796917844], 
            [-102.605530820591, 30.1164796917844], 
            [-102.605530820591, 30.0714686233783], 
            [-102.560519752185, 30.0714686233783], 
            [-102.560519752185, 30.0264575549722], 
            [-102.515508683779, 30.0264575549722], 
            [-102.515508683779, 29.9814464865662], 
            [-102.470497615373, 29.9814464865662], 
            [-102.470497615373, 29.9364354181601], 
            [-102.425486546967, 29.9364354181601], 
            [-102.425486546967, 29.891424349754], 
            [-102.38047547856, 29.891424349754], 
            [-102.38047547856, 29.8013932197214], 
            [-102.335464410154, 29.8013932197214], 
            [-102.335464410154, 29.7113710829092], 
            [-102.290453341748, 29.7113710829092], 
            [-102.290453341748, 29.621348946097], 
            [-102.245442273342, 29.621348946097], 
            [-102.245442273342, 29.4412956792523], 
            [-102.200422211716, 29.4412956792523], 
            [-102.200422211716, 29.1712292688158], 
            [-102.245442273342, 29.1712292688158], 
            [-102.245442273342, 29.0361870703771], 
            [-102.290453341748, 29.0361870703771], 
            [-102.290453341748, 28.9461649335649], 
            [-102.335464410154, 28.9461649335649], 
            [-102.335464410154, 28.8561427967527], 
            [-102.38047547856, 28.8561427967527], 
            [-102.38047547856, 28.8111317283467], 
            [-102.425486546967, 28.8111317283467], 
            [-102.425486546967, 28.7661116667201], 
            [-102.470497615373, 28.7661116667201], 
            [-102.470497615373, 28.721100598314], 
            [-102.515508683779, 28.721100598314], 
            [-102.515508683779, 28.676089529908], 
            [-102.560519752185, 28.676089529908], 
            [-102.560519752185, 28.6310784615019], 
            [-102.650550882217, 28.6310784615019], 
            [-102.650550882217, 28.5860673930958], 
            [-102.74057301903, 28.5860673930958], 
            [-102.74057301903, 28.5410563246897], 
            [-102.875606224248, 28.5410563246897], 
            [-102.875606224248, 28.4960452562837]
          ]
        ]
      }, 
      "properties" : {
        "OBJECTID" : 155, 
        "Id" : 155, 
        "gridcode" : 2, 
        "Unixtime" : 1785913200, 
        "Timestamp" : 1785913200000, 
        "Shape__Area" : 35813383670.523438, 
        "Shape__Length" : 860988.14684187528
      }
    }, 
    {
      "type" : "Feature", 
      "id" : 157, 
      "geometry" : 
      {
        "type" : "Polygon", 
        "coordinates" : 
        [
          [
            [-81.3147828509478, 28.293490951846], 
            [-81.448548012081, 28.307133667285], 
            [-81.5277513046789, 28.4491006454785], 
            [-81.461390330899, 28.4937699715071], 
            [-81.3291899901259, 28.4347744452845], 
            [-81.3147828509478, 28.293490951846]
          ]
        ]
      }, 
      "properties" : {
        "OBJECTID" : 157, 
        "Id" : 157, 
        "gridcode" : 2, 
        "Unixtime" : 1785913200, 
        "Timestamp" : 1785913200000, 
        "Shape__Area" : 391427149.38085938, 
        "Shape__Length" : 78753.190218169781
      }
    }, 
    {
      "type" : "Feature", 
      "id" : 160, 
      "geometry" : 
      {
        "type" : "Polygon", 
        "coordinates" : 
        [
          [
            [-100.715020981433, 27.6408079769067], 
            [-100.715020981433, 27.6858280385333], 
            [-100.760032049839, 27.6858280385333], 
            [-100.760032049839, 27.7308391069393], 
            [-100.805052111466, 27.7308391069393], 
            [-100.805052111466, 27.7758501753454], 
            [-100.850063179872, 27.7758501753454], 
            [-100.850063179872, 27.8208612437515], 
            [-100.895074248278, 27.8208612437515], 
            [-100.895074248278, 27.8658723121575], 
            [-100.940085316684, 27.8658723121575], 
            [-100.940085316684, 27.9108833805636], 
            [-100.98509638509, 27.9108833805636], 
            [-100.98509638509, 27.9558944489697], 
            [-101.030107453496, 27.9558944489697], 
            [-101.030107453496, 28.0009055173758], 
            [-101.075118521902, 28.0009055173758], 
            [-101.075118521902, 28.0459255790024], 
            [-101.120129590308, 28.0459255790024], 
            [-101.120129590308, 28.1359477158145], 
            [-101.165149651935, 28.1359477158145], 
            [-101.165149651935, 28.1809587842206], 
            [-101.210160720341, 28.1809587842206], 
            [-101.210160720341, 28.2259698526267], 
            [-101.255171788747, 28.2259698526267], 
            [-101.255171788747, 28.3159919894388], 
            [-101.300182857153, 28.3159919894388], 
            [-101.300182857153, 28.406014126251], 
            [-101.345193925559, 28.406014126251], 
            [-101.345193925559, 28.5410563246897], 
            [-101.390204993965, 28.5410563246897], 
            [-101.390204993965, 29.0361870703771], 
            [-101.345193925559, 29.0361870703771], 
            [-101.345193925559, 29.1262092071892], 
            [-101.300182857153, 29.1262092071892], 
            [-101.300182857153, 29.1712292688158], 
            [-101.255171788747, 29.1712292688158], 
            [-101.255171788747, 29.2612514056279], 
            [-101.210160720341, 29.2612514056279], 
            [-101.210160720341, 29.306262474034], 
            [-101.165149651935, 29.306262474034], 
            [-101.165149651935, 29.3512735424401], 
            [-101.120129590308, 29.3512735424401], 
            [-101.120129590308, 29.3962846108462], 
            [-101.030107453496, 29.3962846108462], 
            [-101.030107453496, 29.4412956792523], 
            [-100.98509638509, 29.4412956792523], 
            [-100.98509638509, 29.4863067476584], 
            [-100.895074248278, 29.4863067476584], 
            [-100.895074248278, 29.5313268092849], 
            [-100.805052111466, 29.5313268092849], 
            [-100.805052111466, 29.576337877691], 
            [-100.670009913027, 29.576337877691], 
            [-100.670009913027, 29.621348946097], 
            [-100.444954570997, 29.621348946097], 
            [-100.444954570997, 29.6663600145031], 
            [-99.9948259004948, 29.6663600145031], 
            [-99.9948259004948, 29.7113710829092], 
            [-99.9048037636827, 29.7113710829092], 
            [-99.8147816268705, 29.7113710829092], 
            [-99.8147816268705, 29.7563821513153], 
            [-99.7697705584645, 29.7563821513153], 
            [-99.7697705584645, 29.8013932197214], 
            [-99.6797484216523, 29.8013932197214], 
            [-99.6797484216523, 29.8464042881275], 
            [-99.6347283600257, 29.8464042881275], 
            [-99.6347283600257, 29.891424349754], 
            [-99.5897172916197, 29.891424349754], 
            [-99.5897172916197, 29.9814464865662], 
            [-99.5447062232136, 29.9814464865662], 
            [-99.5447062232136, 30.0264575549722], 
            [-99.4996951548075, 30.0264575549722], 
            [-99.4996951548075, 30.0714686233783], 
            [-99.4546840864014, 30.0714686233783], 
            [-99.4546840864014, 30.1164796917844], 
            [-99.4096730179953, 30.1164796917844], 
            [-99.4096730179953, 30.2065018285966], 
            [-99.3646619495892, 30.2065018285966], 
            [-99.3646619495892, 30.2515128970027], 
            [-99.3196508811832, 30.2515128970027], 
            [-99.3196508811832, 30.2965329586292], 
            [-99.2746308195566, 30.2965329586292], 
            [-99.2746308195566, 30.3415440270353], 
            [-99.2296197511506, 30.3415440270353], 
            [-99.2296197511506, 30.4315661638475], 
            [-99.1846086827445, 30.4315661638475], 
            [-99.1846086827445, 30.4765772322535], 
            [-99.1395976143384, 30.4765772322535], 
            [-99.1395976143384, 30.5665993690657], 
            [-99.0945865459323, 30.5665993690657], 
            [-99.0945865459323, 30.6116104374718], 
            [-99.0495754775262, 30.6116104374718], 
            [-99.0495754775262, 30.6566304990984], 
            [-99.0045644091201, 30.6566304990984], 
            [-99.0045644091201, 30.7466526359105], 
            [-98.959553340714, 30.7466526359105], 
            [-98.959553340714, 30.7916637043166], 
            [-98.9145332790875, 30.7916637043166], 
            [-98.9145332790875, 30.8816858411287], 
            [-98.8695222106814, 30.8816858411287], 
            [-98.8695222106814, 30.9266969095348], 
            [-98.8245111422754, 30.9266969095348], 
            [-98.8245111422754, 31.0167280395674], 
            [-98.7795000738693, 31.0167280395674], 
            [-98.7795000738693, 31.0617391079736], 
            [-98.7344890054632, 31.0617391079736], 
            [-98.7344890054632, 31.1517612447857], 
            [-98.6894779370571, 31.1517612447857], 
            [-98.6894779370571, 31.1967723131918], 
            [-98.644466868651, 31.1967723131918], 
            [-98.644466868651, 31.2867944500039], 
            [-98.5994558002449, 31.2867944500039], 
            [-98.5994558002449, 31.3768255800365], 
            [-98.5544447318388, 31.3768255800365], 
            [-98.5544447318388, 31.4218366484427], 
            [-98.5094246702123, 31.4218366484427], 
            [-98.5094246702123, 31.5118587852548], 
            [-98.4644136018062, 31.5118587852548], 
            [-98.4644136018062, 31.601880922067], 
            [-98.4194025334002, 31.601880922067], 
            [-98.4194025334002, 31.7369231205057], 
            [-98.3743914649941, 31.7369231205057], 
            [-98.3743914649941, 31.8719563257239], 
            [-98.329380396588, 31.8719563257239], 
            [-98.329380396588, 32.5471403382561], 
            [-98.3743914649941, 32.5471403382561], 
            [-98.3743914649941, 32.9522489471313], 
            [-98.4194025334002, 32.9522489471313], 
            [-98.4194025334002, 33.1773042891617], 
            [-98.4644136018062, 33.1773042891617], 
            [-98.4644136018062, 33.3123464876004], 
            [-98.5094246702123, 33.3123464876004], 
            [-98.5094246702123, 33.4023686244126], 
            [-98.5544447318388, 33.4023686244126], 
            [-98.5544447318388, 33.4473796928186], 
            [-98.5994558002449, 33.4473796928186], 
            [-98.5994558002449, 33.4923907612247], 
            [-98.644466868651, 33.4923907612247], 
            [-98.644466868651, 33.5824218912574], 
            [-98.6894779370571, 33.5824218912574], 
            [-98.6894779370571, 33.6274329596634], 
            [-98.7344890054632, 33.6274329596634], 
            [-98.7344890054632, 33.6724440280695], 
            [-98.8245111422754, 33.6724440280695], 
            [-98.8245111422754, 33.7174550964756], 
            [-98.8695222106814, 33.7174550964756], 
            [-98.8695222106814, 33.7624661648817], 
            [-98.9145332790875, 33.7624661648817], 
            [-98.9145332790875, 33.8074772332878], 
            [-98.959553340714, 33.8074772332878], 
            [-98.959553340714, 33.8524883016938], 
            [-99.0045644091201, 33.8524883016938], 
            [-99.0045644091201, 33.8974993700999], 
            [-99.0495754775262, 33.8974993700999], 
            [-99.0495754775262, 33.9425194317265], 
            [-99.0945865459323, 33.9425194317265], 
            [-99.0945865459323, 33.9875305001325], 
            [-99.1395976143384, 33.9875305001325], 
            [-99.1395976143384, 34.0775526369447], 
            [-99.1846086827445, 34.0775526369447], 
            [-99.1846086827445, 34.1225637053508], 
            [-99.2296197511506, 34.1225637053508], 
            [-99.2296197511506, 34.212585842163], 
            [-99.2746308195566, 34.212585842163], 
            [-99.2746308195566, 34.257596910569], 
            [-99.3196508811832, 34.257596910569], 
            [-99.3196508811832, 34.3926391090077], 
            [-99.3646619495892, 34.3926391090077], 
            [-99.3646619495892, 34.4826612458199], 
            [-99.4096730179953, 34.4826612458199], 
            [-99.4096730179953, 34.6627055194443], 
            [-99.4546840864014, 34.6627055194443], 
            [-99.4546840864014, 34.842758786289], 
            [-99.4996951548075, 34.842758786289], 
            [-99.4996951548075, 35.0228030599134], 
            [-99.5447062232136, 35.0228030599134], 
            [-99.5447062232136, 35.1578452583521], 
            [-99.5897172916197, 35.1578452583521], 
            [-99.5897172916197, 35.2478673951642], 
            [-99.6347283600257, 35.2478673951642], 
            [-99.6347283600257, 35.3378895319764], 
            [-99.6797484216523, 35.3378895319764], 
            [-99.6797484216523, 35.3829006003825], 
            [-99.7247594900584, 35.3829006003825], 
            [-99.7247594900584, 35.4729317304151], 
            [-99.7697705584645, 35.4729317304151], 
            [-99.7697705584645, 35.5629538672273], 
            [-99.8147816268705, 35.5629538672273], 
            [-99.8147816268705, 35.6529760040394], 
            [-99.8597926952766, 35.6529760040394], 
            [-99.8597926952766, 35.7429981408516], 
            [-99.9048037636827, 35.7429981408516], 
            [-99.9048037636827, 35.8330292708842], 
            [-99.9498148320887, 35.8330292708842], 
            [-99.9498148320887, 35.9680624761025], 
            [-99.9948259004948, 35.9680624761025], 
            [-99.9948259004948, 36.1481067497268], 
            [-100.039845962121, 36.1481067497268], 
            [-100.039845962121, 36.3281600165716], 
            [-100.084857030527, 36.3281600165716], 
            [-100.084857030527, 36.4181821533837], 
            [-100.129868098934, 36.4181821533837], 
            [-100.129868098934, 36.5082042901959], 
            [-100.17487916734, 36.5082042901959], 
            [-100.17487916734, 36.5532243518225], 
            [-100.219890235746, 36.5532243518225], 
            [-100.219890235746, 36.6432464886346], 
            [-100.264901304152, 36.6432464886346], 
            [-100.264901304152, 36.6882575570407], 
            [-100.309912372558, 36.6882575570407], 
            [-100.345732369653, 36.6974486283516], 
            [-100.364123505495, 36.7240775541359], 
            [-100.390743438059, 36.7424596967577], 
            [-100.409134573901, 36.769088622542], 
            [-100.435763499686, 36.7874707651638], 
            [-100.454145642307, 36.8140996909481], 
            [-100.480774568092, 36.8324818335698], 
            [-100.499156710714, 36.8591107593542], 
            [-100.525785636498, 36.8775018951964], 
            [-100.54416777912, 36.9041218277602], 
            [-100.570796704904, 36.9225129636025], 
            [-100.589178847526, 36.9491418893868], 
            [-100.61580777331, 36.9675240320086], 
            [-100.634189915932, 36.9941529577928], 
            [-100.660818841716, 37.0125351004147], 
            [-100.679200984338, 37.0391640261989], 
            [-100.705829910122, 37.0575461688207], 
            [-100.724221045964, 37.084175094605], 
            [-100.750840978528, 37.1025572372268], 
            [-100.769232114371, 37.1741972314172], 
            [-100.795852046934, 37.192579374039], 
            [-100.814243182777, 37.2192082998233], 
            [-100.840872108561, 37.2375994356655], 
            [-100.859254251183, 37.3092394298559], 
            [-100.885883176967, 37.3276215724776], 
            [-100.904265319589, 37.399261566668], 
            [-100.930894245373, 37.4176437092898], 
            [-100.949276387995, 37.4892837034802], 
            [-100.975905313779, 37.507665846102], 
            [-100.994287456401, 37.6243169086985], 
            [-101.020916382185, 37.6427080445407], 
            [-101.039298524807, 37.8043701755432], 
            [-101.065927450591, 37.822752318165], 
            [-101.084309593213, 37.9394033807615], 
            [-101.110938518997, 37.9577855233833], 
            [-101.12932965484, 38.0744455792002], 
            [-101.155949587403, 38.092827721822], 
            [-101.174340723246, 38.1194566476063], 
            [-101.20096964903, 38.137838790228], 
            [-101.219351791652, 38.1644677160124], 
            [-101.245980717436, 38.1828498586341], 
            [-101.264362860058, 38.2094787844184], 
            [-101.290991785842, 38.2278609270402], 
            [-101.309373928464, 38.2544898528245], 
            [-101.381013922654, 38.2728719954463], 
            [-101.399396065276, 38.2995009212306], 
            [-101.516047127873, 38.3178830638524], 
            [-101.534438263715, 38.3445119896367], 
            [-101.696100394717, 38.362903125479], 
            [-101.714482537339, 38.3895230580428], 
            [-101.876144668342, 38.407914193885], 
            [-101.894535804184, 38.4345431196693], 
            [-101.966175798374, 38.4529252622911], 
            [-101.984557940996, 38.4795541880754], 
            [-102.056197935187, 38.4979363306972], 
            [-102.074580077808, 38.5245652564815], 
            [-102.146220071999, 38.5429473991032], 
            [-102.16460221462, 38.5695763248876], 
            [-102.191231140405, 38.5879584675093], 
            [-102.209622276247, 38.6145873932937], 
            [-102.281262270437, 38.6329695359154], 
            [-102.299644413059, 38.6595984616997], 
            [-102.326273338843, 38.6779806043215], 
            [-102.344655481465, 38.7046095301058], 
            [-102.37128440725, 38.7230006659481], 
            [-102.389666549871, 38.7496205985119], 
            [-102.416295475656, 38.7680117343542], 
            [-102.434677618277, 38.7946406601384], 
            [-102.461306544062, 38.8130228027602], 
            [-102.479688686684, 38.8846627969506], 
            [-102.506317612468, 38.9030449395724], 
            [-102.52469975509, 38.9296738653567], 
            [-102.551328680874, 38.9480560079785], 
            [-102.569719816716, 39.0196960021689], 
            [-102.59633974928, 39.0380781447906], 
            [-102.614730885122, 39.1997492690136], 
            [-102.659741953528, 39.2308208457055], 
            [-102.641350817686, 39.5148267478562], 
            [-102.614730885122, 39.5332178836985], 
            [-102.59633974928, 39.6498689462949], 
            [-102.569719816716, 39.6682510889167], 
            [-102.551328680874, 39.7398910831071], 
            [-102.52469975509, 39.7582732257289], 
            [-102.506317612468, 39.8299132199192], 
            [-102.479688686684, 39.8483043557615], 
            [-102.461306544062, 39.8749242883253], 
            [-102.434677618277, 39.8933154241676], 
            [-102.416295475656, 39.9199443499519], 
            [-102.389666549871, 39.9383264925737], 
            [-102.362093335939, 39.9782653846399], 
            [-102.254633344653, 40.005847591793], 
            [-102.236242208811, 40.0324675243568], 
            [-102.209622276247, 40.0508586601991], 
            [-102.191231140405, 40.0774875859834], 
            [-102.119591146214, 40.0958697286052], 
            [-102.101209003593, 40.1224986543895], 
            [-101.984557940996, 40.1408807970113], 
            [-101.953477371084, 40.1858918654173], 
            [-101.489427195309, 40.1675097227955], 
            [-101.471036059467, 40.1408807970113], 
            [-101.35438499687, 40.1224986543895], 
            [-101.336002854248, 40.0958697286052], 
            [-101.219351791652, 40.0774875859834], 
            [-101.20096964903, 40.0508586601991], 
            [-101.174340723246, 40.0324675243568], 
            [-101.155949587403, 40.005847591793], 
            [-100.994287456401, 39.9649554183579], 
            [-100.975905313779, 39.9383264925737], 
            [-100.949276387995, 39.9199443499519], 
            [-100.930894245373, 39.8933154241676], 
            [-100.904265319589, 39.8749242883253], 
            [-100.885883176967, 39.8483043557615], 
            [-100.814243182777, 39.8299132199192], 
            [-100.795852046934, 39.8032932873554], 
            [-100.769232114371, 39.7849021515132], 
            [-100.750840978528, 39.7582732257289], 
            [-100.724221045964, 39.7398910831071], 
            [-100.705829910122, 39.7132621573228], 
            [-100.589178847526, 39.694880014701], 
            [-100.570796704904, 39.6682510889167], 
            [-100.489965639403, 39.6590600176058], 
            [-99.600751973125, 39.6480343293209], 
            [-99.5786916033348, 39.6250746374846], 
            [-99.4657097746863, 39.6030232609148], 
            [-99.4436583981165, 39.5800635690785], 
            [-99.3756876378742, 39.5580031992883], 
            [-99.3536272680839, 39.5350525006724], 
            [-99.2856655010619, 39.5129921308822], 
            [-99.2636051312717, 39.4900414322664], 
            [-99.1956343710294, 39.4679810624761], 
            [-99.1735829944596, 39.4450303638603], 
            [-99.1506233026233, 39.42296999407], 
            [-99.1285719260535, 39.4000192954542], 
            [-99.1056122342172, 39.377958925664], 
            [-99.0835608576474, 39.3549992338276], 
            [-99.0606011658111, 39.3329478572578], 
            [-99.0385497892413, 39.3099881654216], 
            [-99.015590097405, 39.2879367888518], 
            [-98.9935297276148, 39.2649770970155], 
            [-98.9705790289989, 39.2429257204457], 
            [-98.9485186592087, 39.2199660286094], 
            [-98.9255679605928, 39.1979146520396], 
            [-98.9035075908026, 39.1299438917973], 
            [-98.8805568921867, 39.107883522007], 
            [-98.8584965223965, 39.0399217549851], 
            [-98.8355458237807, 39.0178613851949], 
            [-98.8134854539904, 38.9498906249524], 
            [-98.7905257621541, 38.9278392483827], 
            [-98.7684743855844, 38.8598684881403], 
            [-98.7455146937481, 38.8378171115705], 
            [-98.7234633171783, 38.7248352829221], 
            [-98.700503625342, 38.7027749131318], 
            [-98.6784522487722, 38.5447820160772], 
            [-98.6554925569359, 38.5227306395075], 
            [-98.6334411803661, 38.409748810859], 
            [-98.6104814885299, 38.3876884410688], 
            [-98.5884211187396, 38.3197266740469], 
            [-98.5654704201237, 38.2976663042566], 
            [-98.5434100503335, 38.2747066124203], 
            [-98.4066141739049, 38.2526552358505], 
            [-98.3633657767091, 38.2976663042566], 
            [-98.2953950164668, 38.3197266740469], 
            [-98.273343639897, 38.3426773726627], 
            [-98.2053728796546, 38.3647377424529], 
            [-98.1833125098644, 38.3876884410688], 
            [-98.1603618112485, 38.409748810859], 
            [-98.1383014414583, 38.4326995094748], 
            [-98.0703306812159, 38.4547598792651], 
            [-98.0482793046461, 38.4777195711014], 
            [-98.0253196128098, 38.4997709476712], 
            [-98.00326823624, 38.5227306395075], 
            [-97.9352974759977, 38.5447820160772], 
            [-97.9132460994279, 38.5677417079136], 
            [-97.8452753391855, 38.5897930844834], 
            [-97.8232149693953, 38.6127527763197], 
            [-97.8002642707794, 38.6348041528894], 
            [-97.7782039009892, 38.6577638447257], 
            [-97.7102331407468, 38.679824214516], 
            [-97.688181764177, 38.7027749131318], 
            [-97.6202110039346, 38.7248352829221], 
            [-97.5981596273648, 38.7477859815379], 
            [-97.5751999355285, 38.7698463513281], 
            [-97.5531485589588, 38.792797049944], 
            [-97.4851777987164, 38.8148574197342], 
            [-97.4631174289261, 38.8378171115705], 
            [-97.4401667303103, 38.8598684881403], 
            [-97.4181063605201, 38.8828281799766], 
            [-97.3951556619042, 38.9048795565464], 
            [-97.373095292114, 38.9278392483827], 
            [-97.3501356002777, 38.9498906249524], 
            [-97.3280842237079, 39.062872453601], 
            [-97.2931815350997, 39.0964081726991], 
            [-97.3280842237079, 39.1299438917973], 
            [-97.3501356002777, 39.2429257204457], 
            [-97.373095292114, 39.2649770970155], 
            [-97.3951556619042, 39.3329478572578], 
            [-97.4181063605201, 39.3549992338276], 
            [-97.4401667303103, 39.42296999407], 
            [-97.4631174289261, 39.4450303638603], 
            [-97.4851777987164, 39.4679810624761], 
            [-97.5081284973322, 39.4900414322664], 
            [-97.5301888671225, 39.5580031992883], 
            [-97.5531485589588, 39.5800635690785], 
            [-97.5751999355285, 39.6480343293209], 
            [-97.5981596273648, 39.6700857058907], 
            [-97.6202110039346, 39.7380564661331], 
            [-97.6431706957709, 39.7601078427028], 
            [-97.6652220723407, 39.8730896713514], 
            [-97.688181764177, 39.8951500411415], 
            [-97.7102331407468, 39.9856218389768], 
            [-97.7331928325831, 40.007682208767], 
            [-97.7552532023734, 40.5946067556973], 
            [-97.7102331407468, 40.6378461596726], 
            [-97.688181764177, 40.8408501251333], 
            [-97.6652220723407, 40.8629104949235], 
            [-97.6431706957709, 40.9758923235719], 
            [-97.6202110039346, 40.9979437001417], 
            [-97.5981596273648, 41.1559365971963], 
            [-97.5751999355285, 41.1779969669865], 
            [-97.5531485589588, 41.290978795635], 
            [-97.5301888671225, 41.3130301722048], 
            [-97.5081284973322, 41.4260120008532], 
            [-97.4851777987164, 41.4480723706434], 
            [-97.4631174289261, 41.606065267698], 
            [-97.4401667303103, 41.6281166442678], 
            [-97.4181063605201, 41.9661628081672], 
            [-97.0655541320175, 41.9908042322296], 
            [-96.7867373180727, 42.0622553687903], 
            [-96.3977535534837, 42.2626423070969], 
            [-96.0717672982222, 42.4970865712883], 
            [-95.862018417416, 42.6664019329029], 
            [-95.7689385856472, 42.8083779043169], 
            [-95.6176186581745, 43.2039896723855], 
            [-95.5469859046757, 43.3672436034096], 
            [-95.4407579845932, 43.5239594631588], 
            [-95.2049197712304, 43.750552645888], 
            [-95.0291562705454, 43.8808464239234], 
            [-94.8787086854574, 43.9296616245844], 
            [-94.7257969579632, 43.89834723094], 
            [-94.1352121703054, 43.5150561749026], 
            [-93.9538908593756, 43.4435420857987], 
            [-93.6000436071267, 43.3859315155271], 
            [-93.3851236245555, 43.4299533296825], 
            [-93.2994991725487, 43.4740650760425], 
            [-93.2540294498991, 43.4961254458327], 
            [-93.2319780733293, 43.5190761444486], 
            [-93.1713637674239, 43.5484839753553], 
            [-93.1401482992046, 43.7083834351475], 
            [-93.0937882477294, 43.8892640782747], 
            [-93.0031185990441, 44.0652703959121], 
            [-92.8081185997935, 44.3222516705782], 
            [-92.5485113047529, 44.5146975952179], 
            [-92.4196564419912, 44.5772184638611], 
            [-92.3767497871729, 44.6218787966692], 
            [-92.2909634571977, 44.7042926689716], 
            [-92.2399269310829, 44.7821379852799], 
            [-92.1966965203281, 44.959466306325], 
            [-92.1696898792844, 45.0383728226477], 
            [-92.0450078708165, 45.2804073649081], 
            [-91.7197140935305, 45.5929397623602], 
            [-91.4796760462125, 45.7354373405609], 
            [-91.2546476838435, 45.790286992151], 
            [-90.8611133497013, 45.7399879101141], 
            [-90.5031112295995, 45.7472993983486], 
            [-90.2334135412019, 45.8396058131578], 
            [-90.0390790402654, 45.9870676490528], 
            [-89.900646397713, 46.1311480340546], 
            [-89.6085016310454, 46.557399704233], 
            [-89.4680275274484, 46.7202669267773], 
            [-89.0697807457847, 46.9515275909256], 
            [-89.0458497861387, 46.8045154160537], 
            [-89.0228900943024, 46.7824640394839], 
            [-89.0008297245121, 46.7144932792415], 
            [-88.9328679574902, 46.6924329094513], 
            [-88.9108075876999, 46.6694822108354], 
            [-88.8878568890841, 46.6474218410452], 
            [-88.8657965192939, 46.6244711424293], 
            [-88.7978257590515, 46.6024107726391], 
            [-88.7757743824817, 46.5794510808028], 
            [-88.6627925538332, 46.557399704233], 
            [-88.640732184043, 46.5344400123967], 
            [-88.572770417021, 46.5123886358269], 
            [-88.5507100472309, 46.4894289439907], 
            [-88.4827392869884, 46.4673775674209], 
            [-88.4606879104187, 46.4444178755846], 
            [-88.3927171501763, 46.4223664990148], 
            [-88.3706657736065, 46.3994068071785], 
            [-88.3477060817702, 46.3773464373883], 
            [-88.3256547052004, 46.3543957387724], 
            [-88.257683944958, 46.3323353689822], 
            [-88.2356235751678, 46.3093846703663], 
            [-88.212672876552, 46.2873243005761], 
            [-88.1906125067617, 46.2643736019602], 
            [-88.1676618081459, 46.24231323217], 
            [-88.1456014383556, 46.2193535403337], 
            [-88.0776306781132, 46.1973021637639], 
            [-88.0555793015434, 46.1743424719276], 
            [-88.0326196097072, 46.1522910953578], 
            [-88.0105682331374, 46.1293314035215], 
            [-87.9876085413011, 46.1072800269517], 
            [-87.9655571647313, 46.0843203351155], 
            [-87.942597472895, 46.0622689585457], 
            [-87.9205371031048, 46.0393092667094], 
            [-87.8975864044889, 46.0172578901396], 
            [-87.8755260346987, 45.9942981983033], 
            [-87.8525753360829, 45.9722378285131], 
            [-87.8305149662926, 45.9492871298972], 
            [-87.8075642676768, 45.927226760107], 
            [-87.7855038978866, 45.9042760614911], 
            [-87.7625442060502, 45.8822156917009], 
            [-87.7404928294804, 45.859264993085], 
            [-87.7175331376441, 45.8372046232948], 
            [-87.6954817610744, 45.8142449314585], 
            [-87.627511000832, 45.7921935548887], 
            [-87.6054596242622, 45.7692338630524], 
            [-87.5824999324259, 45.7471824864826], 
            [-87.5604395626356, 45.7242227946463], 
            [-87.4924777956137, 45.7021714180765], 
            [-87.4704174258235, 45.6792117262403], 
            [-87.4024556588016, 45.6571603496705], 
            [-87.3803952890113, 45.6342006578342], 
            [-87.1985793509562, 45.6121402880439], 
            [-87.1553309537604, 45.6571603496705], 
            [-87.1323802551446, 45.6792117262403], 
            [-87.1103198853544, 45.7021714180765], 
            [-87.0873691867385, 45.7242227946463], 
            [-87.0653088169483, 45.7471824864826], 
            [-87.0423581183325, 45.7692338630524], 
            [-87.0202977485422, 45.8822156917009], 
            [-86.9973380567059, 45.9042760614911], 
            [-86.9752866801361, 46.1072800269517], 
            [-86.9523269882998, 46.1293314035215], 
            [-86.9302756117301, 46.2873243005761], 
            [-86.9073159198937, 46.3093846703663], 
            [-86.885264543324, 46.4223664990148], 
            [-86.8623048514876, 46.4444178755846], 
            [-86.8512791632028, 46.5234143241119], 
            [-86.8062680947967, 46.5234143241119], 
            [-86.8062680947967, 46.613436460924], 
            [-86.7612570263906, 46.613436460924], 
            [-86.7612570263906, 46.6584475293301], 
            [-86.7162369647641, 46.6584475293301], 
            [-86.7162369647641, 46.7484786593627], 
            [-86.671225896358, 46.7484786593627], 
            [-86.671225896358, 46.7934897277688], 
            [-86.6262148279519, 46.7934897277688], 
            [-86.6262148279519, 46.8385007961749], 
            [-86.5812037595458, 46.8385007961749], 
            [-86.5812037595458, 46.8835118645809], 
            [-86.5361926911397, 46.8835118645809], 
            [-86.5361926911397, 46.9285229329871], 
            [-86.4461705543276, 46.9285229329871], 
            [-86.4461705543276, 46.9735340013931], 
            [-86.4011594859215, 46.9735340013931], 
            [-86.4011594859215, 47.0185450697992], 
            [-86.3111283558889, 47.0185450697992], 
            [-86.3111283558889, 47.0635651314258], 
            [-86.1760951506706, 47.0635651314258], 
            [-86.1760951506706, 47.1085761998318], 
            [-85.9960418838258, 47.1085761998318], 
            [-85.9960418838258, 47.1535872682379], 
            [-85.3208668645141, 47.1535872682379], 
            [-85.1966525035102, 47.1644061124522], 
            [-85.1750058218611, 47.1877704992093], 
            [-85.0165992366654, 47.2094261740788], 
            [-84.9949525550164, 47.2327815676154], 
            [-84.8815660314471, 47.2544372424848], 
            [-84.8599193497981, 47.2778016292419], 
            [-84.7465328262289, 47.2994483108909], 
            [-84.7248771513594, 47.322812697648], 
            [-84.5664795593841, 47.344459379297], 
            [-84.5247779961076, 47.3894704477031], 
            [-84.1613709505089, 47.367823766054], 
            [-84.1397242688599, 47.344459379297], 
            [-83.9813266768846, 47.322812697648], 
            [-83.9596710020151, 47.2994483108909], 
            [-83.8912955468519, 47.2778016292419], 
            [-83.8696488652029, 47.2544372424848], 
            [-83.8012734100398, 47.2327815676154], 
            [-83.7796267283907, 47.2094261740788], 
            [-83.7562623416337, 47.1877704992093], 
            [-83.7346156599847, 47.1644061124522], 
            [-83.7112512732276, 47.1427594308032], 
            [-83.6896045915786, 47.1193950440461], 
            [-83.6662402048215, 47.0977483623971], 
            [-83.6445935231725, 47.07438397564], 
            [-83.6212291364155, 47.052737293991], 
            [-83.599573461546, 47.0293729072339], 
            [-83.5762090747889, 47.0077262255849], 
            [-83.5545623931399, 46.9843618388279], 
            [-83.5311980063828, 46.9627151571788], 
            [-83.5095513247338, 46.8943397020157], 
            [-83.4861869379768, 46.8726840271462], 
            [-83.4645402563277, 46.8043085719831], 
            [-83.4411758695707, 46.782661890334], 
            [-83.4195291879216, 46.6692753667648], 
            [-83.3745181195155, 46.6275738034883], 
            [-83.3961648011646, 46.3091778262958], 
            [-83.4195291879216, 46.2875311446467], 
            [-83.4411758695707, 46.1291335526714], 
            [-83.4645402563277, 46.1074778778019], 
            [-83.4861869379768, 46.0391024226388], 
            [-83.5095513247338, 46.0174557409898], 
            [-83.5311980063828, 45.9490802858266], 
            [-83.5545623931399, 45.9274336041776], 
            [-83.5762090747889, 45.8590581490145], 
            [-83.599573461546, 45.8374114673654], 
            [-83.6212291364155, 45.8140470806084], 
            [-83.6445935231725, 45.7924003989593], 
            [-83.6662402048215, 45.7690360122023], 
            [-83.6896045915786, 45.7473803373328], 
            [-83.7112512732276, 45.6790048821696], 
            [-83.7346156599847, 45.6573582005206], 
            [-83.7562623416337, 45.6339938137636], 
            [-83.7796267283907, 45.6123471321146], 
            [-83.8012734100398, 45.5889827453575], 
            [-83.8246377967968, 45.5673360637085], 
            [-83.8462844784459, 45.5439716769514], 
            [-83.8696488652029, 45.5223249953024], 
            [-83.8912955468519, 45.4989606085453], 
            [-83.914659933609, 45.4773139268963], 
            [-83.936306615258, 45.4089384717332], 
            [-83.9596710020151, 45.3872827968636], 
            [-84.001381558512, 45.3422717284576], 
            [-84.2838406267435, 45.3802860713452], 
            [-84.803684742257, 45.4985109475223], 
            [-85.0941747563598, 45.5100312629325], 
            [-85.3085461524829, 45.4421594281152], 
            [-85.5413266708891, 45.3465435081765], 
            [-85.7253459479571, 45.2983218600659], 
            [-86.2436432295514, 45.2690579206866], 
            [-86.4261606388024, 45.2112764792262], 
            [-86.6041094920594, 45.1066583456063], 
            [-86.7636312365922, 44.9106421124436], 
            [-86.8767479635476, 44.6514485055442], 
            [-86.9296191066364, 44.296854815997], 
            [-86.8942937366666, 44.0181998800205], 
            [-86.7966273624627, 43.7531426933806], 
            [-86.6370426653866, 43.5642940569253], 
            [-86.6153959837376, 43.5184286325754], 
            [-86.5522905557645, 43.4267247635371], 
            [-86.7284137852679, 43.170777709224], 
            [-86.7270378225374, 43.1359289799386], 
            [-86.7727683485804, 42.9614155368976], 
            [-86.7945859014181, 42.3481048811354], 
            [-86.8865505738498, 42.2628941172697], 
            [-86.8845091128052, 42.211506855557], 
            [-86.9418498864631, 42.1583749090749], 
            [-87.0640497660838, 41.9807947778568], 
            [-87.0733487560402, 41.7462425950198], 
            [-86.9819686429385, 41.4576321639932], 
            [-86.8629613565813, 41.2327207134902], 
            [-86.9189261675086, 41.1345687053815], 
            [-87.0196412434486, 41.0652579552905], 
            [-87.3255636238621, 40.8973095631859], 
            [-87.6060711632535, 40.7042880724367], 
            [-87.6687988759673, 40.7067702012839], 
            [-87.7415540294948, 40.6393660139305], 
            [-87.7848473927929, 40.5926372404164], 
            [-87.8627106955421, 40.5204846326598], 
            [-87.7857107419571, 40.1524280920829], 
            [-87.8433303054492, 39.9926365509361], 
            [-87.9490905780677, 39.9198634109677], 
            [-88.0475033895697, 39.9159603532877], 
            [-88.1835438354796, 39.9590288860743], 
            [-88.2748340163767, 40.0436191177281], 
            [-88.3247823628157, 40.1380119596843], 
            [-88.331131576461, 40.2981902093108], 
            [-88.2983333014407, 40.4549420419418], 
            [-88.3838858076838, 40.5002139137412], 
            [-88.5465641725984, 40.3951641055391], 
            [-88.6850957405759, 40.1938418723046], 
            [-88.6290769703259, 39.9445408079121], 
            [-88.5175250637306, 39.6900686417545], 
            [-88.4259291133379, 39.5482275686475], 
            [-88.1466266654882, 39.2403716458348], 
            [-88.1444862790185, 39.1864303095112], 
            [-88.1471572654954, 39.1189182035124], 
            [-88.1449179536006, 39.0622789010505], 
            [-88.1744696760347, 39.0064220087688], 
            [-88.0830266103897, 38.8648147593937], 
            [-87.9563571002, 38.7676789851971], 
            [-87.481982707336, 38.5143759376995], 
            [-87.3123795626666, 38.2932146601286], 
            [-87.2230588970504, 38.1244029188597], 
            [-87.2579795720995, 37.9671834387648], 
            [-87.3953869875194, 37.6760369195683], 
            [-87.4862634802753, 37.5779478640028], 
            [-87.7239363106122, 37.5685319621804], 
            [-87.9234419133136, 37.616052139095], 
            [-88.2149931274308, 37.7432792289533], 
            [-88.6214776990365, 37.6677002042011], 
            [-88.7984822641451, 37.6893468858502], 
            [-89.1003397089104, 37.7343579542563], 
            [-89.2885138538312, 37.6839059874714], 
            [-89.5107992839597, 37.4440028384603], 
            [-89.5861984443027, 37.4201348313575], 
            [-89.7115999104075, 37.2259352287279], 
            [-89.8890271568777, 37.0720432402035], 
            [-90.0588191591768, 36.9475051232629], 
            [-90.1000440817689, 36.903024654864], 
            [-90.1488502892094, 36.8799840240435], 
            [-90.1930609609945, 36.8565926576251], 
            [-90.2377212938026, 36.8583643220559], 
            [-90.32804020689, 36.7891075312876], 
            [-90.3964156620531, 36.7449508188253], 
            [-90.4630734121082, 36.6990853944754], 
            [-90.5527088404406, 36.6567812854281], 
            [-90.4547366967411, 36.449181784312], 
            [-90.3277164509534, 36.2759993378992], 
            [-90.0495921149841, 35.9476748453179], 
            [-89.7695252433952, 35.6912061842181], 
            [-89.4571007645886, 35.4709532219138], 
            [-89.3217617898746, 35.2499178494293], 
            [-89.2382057785738, 35.0465001958274], 
            [-89.1810898354275, 34.7734750158594], 
            [-89.2276207580915, 34.6070105051308], 
            [-89.290186592837, 34.5394894059114], 
            [-89.3356743019274, 34.5376907618193], 
            [-89.6897014185855, 34.8618783729886], 
            [-90.0039605143662, 35.0034856223636], 
            [-90.1548847401386, 34.9322593163145], 
            [-90.2736132366615, 34.8222542436385], 
            [-90.3288945628337, 34.7419088120421], 
            [-90.4859521649604, 34.4511310148845], 
            [-90.5854351696973, 34.4471919843227], 
            [-90.9475381983291, 34.4814831339395], 
            [-91.1120511802177, 34.4293944010309], 
            [-91.3200823559159, 34.2366427068955], 
            [-91.468794249455, 33.9802549847798], 
            [-91.5412796063687, 33.7036145301865], 
            [-91.4798199377399, 33.5094958665411], 
            [-91.3613702310512, 33.3479956135068], 
            [-91.2847120198438, 33.2652669784883], 
            [-91.1321510279475, 33.1482741735144], 
            [-90.9439678898062, 33.0989643457281], 
            [-90.6685505131956, 33.1349282343506], 
            [-90.3729163769892, 33.2438541205713], 
            [-90.1400729060397, 33.3807489224249], 
            [-90.012953734827, 33.4807085678462], 
            [-89.7112491748095, 33.7513145715104], 
            [-89.4928757955814, 33.8850257733209], 
            [-89.3225531932752, 33.8917796818869], 
            [-89.2675776365986, 33.8408420811972], 
            [-89.271138951901, 33.7508109511646], 
            [-89.2139420697707, 33.6978139029893], 
            [-89.1810898354275, 33.5257196362523], 
            [-89.1222202142914, 33.497939578249], 
            [-89.1802264862633, 32.7177956897194], 
            [-89.1240818109268, 32.2855815143754], 
            [-88.9839494497073, 32.0472251992836], 
            [-88.3944798213866, 31.4795641305802], 
            [-88.3095478473552, 31.4346250079378], 
            [-87.8395171799738, 31.4024202854679], 
            [-87.6307395669774, 31.3038905620999], 
            [-87.5606464067063, 31.133244203857], 
            [-87.5822930883553, 30.9150147161563], 
            [-87.6056574751123, 30.8033458976951], 
            [-87.6373585772365, 30.4066099770688], 
            [-87.6948252559807, 30.2848507652507], 
            [-87.7181896427378, 30.2406940527884], 
            [-87.7290174801725, 30.2065018285966], 
            [-88.0441039522356, 30.2065018285966], 
            [-88.1600805232974, 30.4570259709719], 
            [-88.3522656445438, 30.6844555232039], 
            [-88.5193596807047, 30.9812857577316], 
            [-88.6133658141809, 30.9850089510024], 
            [-88.8383851833295, 30.8527276712451], 
            [-88.9551711442328, 30.7092228523528], 
            [-88.9110144317705, 30.5774272065005], 
            [-88.8876500450135, 30.5107694564454], 
            [-88.8768222075788, 30.3640450646281], 
            [-89.0247696773786, 30.3544492983965], 
            [-89.0664712406552, 30.3286387556741], 
            [-89.1598028825969, 30.3094382299904], 
            [-89.2465245074999, 30.283627687268], 
            [-89.3693359261121, 30.2583567377733], 
            [-89.4108486317589, 30.191285299577], 
            [-89.4018464180777, 30.1389897225977], 
            [-89.4151204114777, 30.0618728571467], 
            [-89.3590566751254, 30.0810733828304], 
            [-89.2696640637455, 30.1483336786564], 
            [-89.1632472860334, 30.1911054351678], 
            [-89.1560527096648, 30.1493049464662], 
            [-89.1837068625816, 30.1046176339967], 
            [-89.1467896925902, 30.0771523387095], 
            [-89.1826366693468, 29.9254367095366], 
            [-89.1750643777188, 29.8814418750426], 
            [-89.204813951003, 29.8593095594887], 
            [-89.2240144766867, 29.8109979791735], 
            [-89.2498250194091, 29.7917974534898], 
            [-89.2690255450928, 29.7434768799541], 
            [-89.3636342243399, 29.7058852184282], 
            [-89.3570871598445, 29.6678618823201], 
            [-89.4895393107905, 29.589863681264], 
            [-89.5110870670145, 29.4647230185525], 
            [-89.4222700217441, 29.4097564550964], 
            [-89.2867961487232, 29.4330848689716], 
            [-89.2320544157786, 29.3594933459412], 
            [-89.1768270489291, 29.3689991799683], 
            [-89.1373018450041, 29.3158582402656], 
            [-89.1114823090613, 29.296657714582], 
            [-89.1018865428296, 29.2612514056279], 
            [-89.1468976112357, 29.2612514056279], 
            [-89.1468976112357, 29.2162403372218], 
            [-89.2819308164539, 29.2162403372218], 
            [-89.2819308164539, 29.1712292688158], 
            [-89.4169730148927, 29.1712292688158], 
            [-89.4169730148927, 29.1262092071892], 
            [-89.4394740524855, 29.1262092071892], 
            [-89.4519746289259, 29.1362186615621], 
            [-89.4986944092195, 29.194557682691], 
            [-89.6095178649575, 29.2262497915947], 
            [-89.6824798625556, 29.269138459972], 
            [-89.8563008276211, 29.2907581619597], 
            [-89.9446232457661, 29.2262497915947], 
            [-90.0146264738327, 29.1837208520358], 
            [-90.0892612104365, 29.1292039496027], 
            [-90.2165872257198, 29.0543623689282], 
            [-90.3458737630637, 29.038273497524], 
            [-90.3802368584442, 29.0811801523423], 
            [-90.4674351240317, 29.0299277889364], 
            [-90.5763430238114, 29.0717912301812], 
            [-90.6322988415183, 29.0361870703771], 
            [-90.6216778481541, 29.070577145419], 
            [-90.5188493654059, 29.2369157510611], 
            [-90.4650519206096, 29.4377703368317], 
            [-90.4509685373681, 29.6741751230836], 
            [-90.521916053583, 29.9317319638591], 
            [-90.5972702478236, 30.05022663665], 
            [-90.7319257377825, 30.2429963172264], 
            [-90.6666889165602, 30.6718380348975], 
            [-90.7085073917027, 30.8868119767914], 
            [-90.8101937354525, 31.0614783045802], 
            [-90.9241288454698, 31.1497737430639], 
            [-91.1445796586243, 31.2288691170162], 
            [-91.375066905813, 31.2426107578802], 
            [-91.5520085183784, 31.1745860383151], 
            [-91.6969072864421, 31.045119636562], 
            [-91.7414147345023, 30.8367916845887], 
            [-91.6807284828332, 30.5759523183449], 
            [-91.5677106813029, 30.1539634346648], 
            [-91.5250558366575, 29.9139253873468], 
            [-91.5669372643432, 29.6782490519523], 
            [-91.5775582577074, 29.5988389152838], 
            [-91.6585601943974, 29.609909569671], 
            [-91.6542254621353, 29.7194200152216], 
            [-91.7466937549128, 29.7230802559491], 
            [-91.875206875297, 29.6780422078817], 
            [-91.9069529435235, 29.7016494115912], 
            [-91.9025732451591, 29.8122210571561], 
            [-91.949337991555, 29.7905743755071], 
            [-91.9934857107968, 29.76720998875], 
            [-92.0844521357574, 29.7242763542704], 
            [-92.0830491933655, 29.6888610520959], 
            [-92.0844431425369, 29.6537515194171], 
            [-92.0276779349887, 29.6559998245323], 
            [-91.9714073545657, 29.6537695058581], 
            [-91.8422826951902, 29.6588866483003], 
            [-91.7697163992923, 29.6204855969328], 
            [-91.6591267672864, 29.5682979385991], 
            [-91.7649949585505, 29.4540390726452], 
            [-91.8348542950896, 29.4512691607433], 
            [-92.0946684342008, 29.5646556843125], 
            [-92.1743933335854, 29.5430090026634], 
            [-92.302816521765, 29.4979889410369], 
            [-92.6755945030838, 29.5690353826769], 
            [-92.992461632798, 29.6899492317717], 
            [-93.2531750939553, 29.758270727612], 
            [-93.3229714779513, 29.7213355711797], 
            [-93.6141090039273, 29.7328738730309], 
            [-93.7885684876455, 29.6913162012817], 
            [-93.8185788643231, 29.6277251394038], 
            [-93.9735590325233, 29.6601456991648], 
            [-94.1034121427561, 29.6292180140002], 
            [-94.6716038114667, 29.4099273262852], 
            [-94.6726020589378, 29.3846653700109], 
            [-94.6438147602429, 29.3302563862233], 
            [-94.7806825824352, 29.2656580836537], 
            [-95.0457577555159, 29.1020264373703], 
            [-95.257727961776, 28.9353370961302], 
            [-95.2936199046349, 28.8966032956057], 
            [-95.3693967802371, 28.8444606033742], 
            [-95.4748153104782, 28.8110867622444], 
            [-95.8208564473671, 28.6279758004429], 
            [-95.9095475875511, 28.5968952305305], 
            [-95.9662408493357, 28.5860673930958], 
            [-96.3488484206181, 28.5860673930958], 
            [-96.3488484206181, 28.4960452562837], 
            [-96.3938594890241, 28.4960452562837], 
            [-96.3938594890241, 28.3385020202521], 
            [-96.4237349673947, 28.3062613249003], 
            [-96.6725863707643, 28.1661739297831], 
            [-96.9164015706759, 27.9744474627803], 
            [-97.01641517542, 27.8440097932175], 
            [-97.0590790132858, 27.7633945650073], 
            [-97.056857687832, 27.7075016998437], 
            [-97.1555582823888, 27.6609258110774], 
            [-97.325997796561, 27.282670958498], 
            [-97.3424643832246, 26.8672471257543], 
            [-97.2841343553162, 26.6830120113953], 
            [-97.2226207273646, 26.5075183073241], 
            [-97.1525275670935, 26.2400149647189], 
            [-97.1032267325276, 25.9093882076997], 
            [-97.1552345264522, 25.6552218110378], 
            [-97.3282910677785, 25.3568717222523], 
            [-97.4066310112121, 25.2101563236555], 
            [-97.5191631788376, 25.2101563236555], 
            [-97.5191631788376, 25.2551673920616], 
            [-97.9242717877128, 25.2551673920616], 
            [-97.9242717877128, 25.3001784604676], 
            [-98.1943471913697, 25.3001784604676], 
            [-98.1943471913697, 25.3451895288737], 
            [-98.4194025334002, 25.3451895288737], 
            [-98.4194025334002, 25.3902005972798], 
            [-98.5544447318388, 25.3902005972798], 
            [-98.5544447318388, 25.4352116656859], 
            [-98.644466868651, 25.4352116656859], 
            [-98.644466868651, 25.4802317273124], 
            [-98.7344890054632, 25.4802317273124], 
            [-98.7344890054632, 25.5252427957186], 
            [-98.7795000738693, 25.5252427957186], 
            [-98.7795000738693, 25.5702538641246], 
            [-98.8245111422754, 25.5702538641246], 
            [-98.8245111422754, 25.6152649325307], 
            [-98.9145332790875, 25.6152649325307], 
            [-98.9145332790875, 25.6602760009368], 
            [-98.959553340714, 25.6602760009368], 
            [-98.959553340714, 25.7502981377489], 
            [-99.0045644091201, 25.7502981377489], 
            [-99.0045644091201, 25.795309206155], 
            [-99.0495754775262, 25.795309206155], 
            [-99.0495754775262, 25.8403292677815], 
            [-99.0945865459323, 25.8403292677815], 
            [-99.0945865459323, 25.9303514045937], 
            [-99.1395976143384, 25.9303514045937], 
            [-99.1395976143384, 25.9753624729998], 
            [-99.1846086827445, 25.9753624729998], 
            [-99.1846086827445, 26.065384609812], 
            [-99.2296197511506, 26.065384609812], 
            [-99.2296197511506, 26.1554067466241], 
            [-99.2746308195566, 26.1554067466241], 
            [-99.2746308195566, 26.2454378766567], 
            [-99.3196508811832, 26.2454378766567], 
            [-99.3196508811832, 26.3354600134689], 
            [-99.3646619495892, 26.3354600134689], 
            [-99.3646619495892, 26.380471081875], 
            [-99.4096730179953, 26.380471081875], 
            [-99.4096730179953, 26.4254821502811], 
            [-99.4546840864014, 26.4254821502811], 
            [-99.4546840864014, 26.4704932186872], 
            [-99.4996951548075, 26.4704932186872], 
            [-99.4996951548075, 26.5155042870933], 
            [-99.5447062232136, 26.5155042870933], 
            [-99.5447062232136, 26.5605153554993], 
            [-99.5897172916197, 26.5605153554993], 
            [-99.5897172916197, 26.6055354171259], 
            [-99.6797484216523, 26.6055354171259], 
            [-99.6797484216523, 26.6505464855319], 
            [-99.7247594900584, 26.6505464855319], 
            [-99.7247594900584, 26.695557553938], 
            [-99.8147816268705, 26.695557553938], 
            [-99.8147816268705, 26.7405686223441], 
            [-99.9048037636827, 26.7405686223441], 
            [-99.9048037636827, 26.7855796907502], 
            [-99.9498148320887, 26.7855796907502], 
            [-99.9498148320887, 26.8305907591563], 
            [-99.9948259004948, 26.8305907591563], 
            [-99.9948259004948, 26.8756018275624], 
            [-100.084857030527, 26.8756018275624], 
            [-100.084857030527, 26.9206128959685], 
            [-100.129868098934, 26.9206128959685], 
            [-100.129868098934, 26.965632957595], 
            [-100.17487916734, 26.965632957595], 
            [-100.17487916734, 27.0106440260011], 
            [-100.219890235746, 27.0106440260011], 
            [-100.219890235746, 27.0556550944071], 
            [-100.264901304152, 27.0556550944071], 
            [-100.264901304152, 27.1006661628132], 
            [-100.309912372558, 27.1006661628132], 
            [-100.309912372558, 27.1906882996254], 
            [-100.354923440964, 27.1906882996254], 
            [-100.354923440964, 27.2356993680315], 
            [-100.399943502591, 27.2356993680315], 
            [-100.399943502591, 27.2807104364376], 
            [-100.444954570997, 27.2807104364376], 
            [-100.444954570997, 27.3707415664702], 
            [-100.489965639403, 27.3707415664702], 
            [-100.489965639403, 27.4157526348763], 
            [-100.534976707809, 27.4157526348763], 
            [-100.534976707809, 27.5057747716884], 
            [-100.579987776215, 27.5057747716884], 
            [-100.579987776215, 27.5507858400945], 
            [-100.624998844621, 27.5507858400945], 
            [-100.624998844621, 27.5957969085006], 
            [-100.670009913027, 27.5957969085006], 
            [-100.670009913027, 27.6408079769067], 
            [-100.715020981433, 27.6408079769067]
          ], 
          [
            [-88.1341260890477, 40.9419069434508], 
            [-88.1235050956836, 40.9537959808999], 
            [-88.0617846236614, 41.0089424087652], 
            [-87.9931123922231, 41.1169060203966], 
            [-88.035173684318, 41.2739276496414], 
            [-88.2127628087566, 41.3554332066772], 
            [-88.3831213839447, 41.2845756226669], 
            [-88.4148134928484, 41.1005473523785], 
            [-88.3365634816194, 40.9565389131404], 
            [-88.1341260890477, 40.9419069434508]
          ], 
          [
            [-94.9084582587416, 39.4339956823549], 
            [-94.8976304213068, 39.4456778757334], 
            [-94.754701168524, 39.490931761092], 
            [-94.6081026817933, 39.5685072807864], 
            [-94.455424778031, 39.7332810660684], 
            [-94.3468136545265, 39.9634175776592], 
            [-94.3583969224799, 40.2555533511064], 
            [-94.6084174445094, 40.5311236124648], 
            [-94.6041726444519, 40.6380709901841], 
            [-94.6059622953236, 40.6830910518107], 
            [-94.5944239934724, 40.9740487133775], 
            [-94.6587614926487, 41.1575823565406], 
            [-94.7875803825286, 41.3158720298704], 
            [-94.9586314356922, 41.3700292034851], 
            [-95.1389724855917, 41.3068248500868], 
            [-95.282810053641, 41.1515838784933], 
            [-95.3306989525945, 41.0003089171229], 
            [-95.3240889355559, 40.8336015894419], 
            [-95.2706781992395, 40.6812204619549], 
            [-95.1185938480276, 40.4943413407804], 
            [-95.1230275057148, 40.382357759603], 
            [-95.2702645110983, 40.2459306052133], 
            [-95.3337116814489, 40.1774652178456], 
            [-95.4236258996155, 40.0382231854517], 
            [-95.4139851672816, 39.7950554974133], 
            [-95.3140884744035, 39.6062698135012], 
            [-95.1471743026519, 39.4516134012376], 
            [-94.9084582587416, 39.4339956823549]
          ], 
          [
            [-90.4297445370806, 38.2186698557293], 
            [-90.4199419267784, 38.2313682830199], 
            [-90.3368985290438, 38.2653626563616], 
            [-90.307409759153, 38.4239221263052], 
            [-90.361845722602, 38.5141690936288], 
            [-90.4600876629153, 38.5435589380946], 
            [-90.5868111324278, 38.4937454899625], 
            [-90.6196004142277, 38.3449436642188], 
            [-90.5398395419612, 38.2373757542877], 
            [-90.4297445370806, 38.2186698557293]
          ], 
          [
            [-89.5745162509242, 37.6560180108226], 
            [-89.5642999524808, 37.6683117431925], 
            [-89.4522444255397, 37.7169111065624], 
            [-89.353759668274, 37.8354687318965], 
            [-89.3618535666887, 37.9148428956832], 
            [-89.3503782173808, 38.0273660700881], 
            [-89.3638770412924, 38.1597192956091], 
            [-89.4375944694092, 38.2884302668434], 
            [-89.4968328125842, 38.3376411692047], 
            [-89.6582880995161, 38.4076623837121], 
            [-89.8828488144212, 38.3576780643912], 
            [-90.0094823517291, 38.2052249911405], 
            [-90.0348432334284, 37.9906557441673], 
            [-89.9773405818024, 37.8376271048071], 
            [-89.8358232646319, 37.7200677269441], 
            [-89.6070177496694, 37.6907947943444], 
            [-89.6095178649575, 37.6662882685888], 
            [-89.5745162509242, 37.6560180108226]
          ], 
          [
            [-91.6225693261135, 35.8330292708842], 
            [-91.6117414886787, 35.8672125018555], 
            [-91.5433660335155, 35.8888591835046], 
            [-91.5217193518665, 35.9122235702616], 
            [-91.4983549651095, 35.9338702519107], 
            [-91.4767082834605, 36.0022547002943], 
            [-91.4533438967034, 36.0239013819433], 
            [-91.4316972150544, 36.5223416327602], 
            [-91.4767082834605, 36.5640431960367], 
            [-91.4983549651095, 36.8374281048232], 
            [-91.4533438967034, 36.8791296680998], 
            [-91.4316972150544, 37.1275583901077], 
            [-91.4083328282973, 37.1492050717567], 
            [-91.3866861466483, 37.3526137321381], 
            [-91.3633217598912, 37.3742604137872], 
            [-91.3416660850218, 37.9177117330101], 
            [-91.3866861466483, 37.9594222895071], 
            [-91.4083328282973, 38.2078510115151], 
            [-91.4316972150544, 38.2294976931641], 
            [-91.4533438967034, 38.6129596203903], 
            [-91.4767082834605, 38.6346063020393], 
            [-91.4983549651095, 39.2881346397019], 
            [-91.5217193518665, 39.3097903145715], 
            [-91.5433660335155, 39.4231768381406], 
            [-91.5667304202726, 39.4448235197897], 
            [-91.5883771019217, 39.4681879065467], 
            [-91.6117414886787, 39.4898345881958], 
            [-91.6333881703277, 39.5131989749528], 
            [-91.6567525570848, 39.5348456566019], 
            [-91.6783992387338, 39.5582100433589], 
            [-91.7467836871174, 39.5798567250079], 
            [-91.7684303687665, 39.603221111765], 
            [-91.9408124185582, 39.6267833493721], 
            [-91.6244848820716, 39.8127541552801], 
            [-91.5524581794014, 39.8904915529429], 
            [-91.3992406824115, 39.9894259712317], 
            [-91.2932285996201, 40.1038467151538], 
            [-91.2386757243052, 40.3328680674074], 
            [-91.2562214974241, 40.7755413581472], 
            [-91.1724496488322, 40.7722228597972], 
            [-91.0797385391023, 40.7758920937452], 
            [-90.9073205164286, 40.8671283153196], 
            [-90.8108952066484, 41.0714452909675], 
            [-90.8246188610715, 41.4177652176907], 
            [-90.9180404352178, 41.6842882992657], 
            [-91.0306895147093, 41.7179409302298], 
            [-91.1475923874787, 41.6560765666803], 
            [-91.26141058563, 41.50089854763], 
            [-91.3289496712902, 41.3577804372175], 
            [-91.3670989124848, 41.1579960446818], 
            [-91.3333203764342, 40.8664268441236], 
            [-91.3843479093285, 40.8410569692039], 
            [-91.7454077243869, 41.0621283145701], 
            [-91.9607593815402, 41.1459900953667], 
            [-92.2043047848379, 41.1777901229159], 
            [-92.3924969161997, 41.1284802951296], 
            [-92.5392303012374, 41.0159571207246], 
            [-92.6296661261907, 40.8759146917097], 
            [-92.7281239037951, 40.623079291676], 
            [-92.7619114330661, 40.3406741827674], 
            [-92.7347968733769, 40.132678979951], 
            [-92.737081151374, 40.0750504232385], 
            [-92.7136807917351, 40.0308397514535], 
            [-92.6812152658717, 39.9620326217082], 
            [-92.6232629532226, 39.8525221761576], 
            [-92.6269681600525, 39.8282854470158], 
            [-92.668669723329, 39.8732965154219], 
            [-92.7370451784921, 39.894943197071], 
            [-92.7586918601412, 39.918307583828], 
            [-92.8270673153043, 39.9399542654771], 
            [-92.8547034817802, 39.9697847777454], 
            [-93.0521316505552, 40.0074753646964], 
            [-93.0737783322042, 40.0308397514535], 
            [-93.1220989057398, 40.0524864331025], 
            [-93.1638004690164, 40.0074753646964], 
            [-93.2762876705395, 39.9718622116718], 
            [-93.298842667455, 39.7599099918527], 
            [-93.3222070542121, 39.7382633102037], 
            [-93.3438537358612, 39.644931668262], 
            [-93.298842667455, 39.603221111765], 
            [-93.277195985806, 38.9046727124758], 
            [-93.253831599049, 38.8830260308267], 
            [-93.2321849173999, 38.7246284388514], 
            [-93.2088205306429, 38.7029817572024], 
            [-93.1871648557734, 38.6346063020393], 
            [-93.1638004690164, 38.6129596203903], 
            [-93.1421537873674, 38.5445841652271], 
            [-93.1187894006103, 38.5229284903576], 
            [-93.0971427189613, 38.4995641036005], 
            [-93.0737783322042, 38.4779174219515], 
            [-93.0521316505552, 38.4545530351945], 
            [-93.0287672637981, 38.4329063535454], 
            [-93.0071205821491, 38.4095419667884], 
            [-92.9837561953921, 38.3878952851394], 
            [-92.962109513743, 38.3195198299762], 
            [-92.938745126986, 38.2978731483272], 
            [-92.9170984453369, 38.2745087615702], 
            [-92.8937340585799, 38.2528620799211], 
            [-92.8720873769308, 38.2294976931641], 
            [-92.8478506477891, 38.2070416216735], 
            [-93.3058843590758, 38.1795673331659], 
            [-93.7486295955793, 38.2150276014427], 
            [-93.961256306933, 38.206600953871], 
            [-94.1643771842596, 38.1533790751843], 
            [-94.353225820715, 38.0377532397203], 
            [-94.4638963917051, 37.9183052855606], 
            [-94.4916674564878, 37.7003186148123], 
            [-94.3688380514349, 37.4681946014998], 
            [-94.2185613375356, 37.3289615623263], 
            [-93.9039425129366, 37.1590256684999], 
            [-93.7723267314934, 36.9916618357252], 
            [-93.6017882918961, 36.7987392704011], 
            [-93.289120996137, 36.6270856714667], 
            [-93.1023408003876, 36.5679462537167], 
            [-92.7737914772948, 36.5423965143877], 
            [-92.5823617865672, 36.5925606981178], 
            [-92.4167246521209, 36.6801996315079], 
            [-92.376947638023, 36.6741292076969], 
            [-92.4219587064291, 36.6324186511999], 
            [-92.4436143812986, 36.5640431960367], 
            [-92.4669697748352, 36.5423965143877], 
            [-92.4886254497047, 36.4740210592246], 
            [-92.5119898364617, 36.4523743775756], 
            [-92.5336365181108, 36.3389878540063], 
            [-92.5570009048678, 36.3173321791368], 
            [-92.5786475865169, 36.0889673319769], 
            [-92.5336365181108, 36.0472657687004], 
            [-92.5119898364617, 36.0239013819433], 
            [-92.4886254497047, 36.0022547002943], 
            [-92.4669697748352, 35.9788903135372], 
            [-92.4436143812986, 35.9572346386677], 
            [-92.4219587064291, 35.9338702519107], 
            [-92.3085721828599, 35.9122235702616], 
            [-92.2869255012109, 35.8888591835046], 
            [-92.0835168408295, 35.8672125018555], 
            [-92.06186116596, 35.8438481150985], 
            [-91.6225693261135, 35.8330292708842]
          ], 
          [
            [-92.0726890033947, 31.3768255800365], 
            [-92.0726890033947, 31.4218366484427], 
            [-91.8926357365499, 31.4218366484427], 
            [-91.8926357365499, 31.4668477168487], 
            [-91.7576025313317, 31.4668477168487], 
            [-91.7576025313317, 31.5118587852548], 
            [-91.6675803945195, 31.5118587852548], 
            [-91.6675803945195, 31.5568698536609], 
            [-91.5775582577074, 31.5568698536609], 
            [-91.5775582577074, 31.601880922067], 
            [-91.4875271276748, 31.601880922067], 
            [-91.4875271276748, 31.6468919904731], 
            [-91.4425160592687, 31.6468919904731], 
            [-91.4425160592687, 31.6919030588791], 
            [-91.3975049908626, 31.6919030588791], 
            [-91.3975049908626, 31.7819341889117], 
            [-91.3524939224565, 31.7819341889117], 
            [-91.3524939224565, 31.91696739413], 
            [-91.3074828540504, 31.91696739413], 
            [-91.3074828540504, 32.3220760030052], 
            [-91.3524939224565, 32.3220760030052], 
            [-91.3524939224565, 32.5921514066622], 
            [-91.3975049908626, 32.5921514066622], 
            [-91.3975049908626, 32.7271846118804], 
            [-91.4425160592687, 32.7271846118804], 
            [-91.4425160592687, 32.8172067486926], 
            [-91.4875271276748, 32.8172067486926], 
            [-91.4875271276748, 32.9072378787252], 
            [-91.5325381960808, 32.9072378787252], 
            [-91.5325381960808, 32.9972600155374], 
            [-91.5775582577074, 32.9972600155374], 
            [-91.5775582577074, 33.0422710839434], 
            [-91.6225693261135, 33.0422710839434], 
            [-91.6225693261135, 33.0872821523495], 
            [-91.6675803945195, 33.0872821523495], 
            [-91.6675803945195, 33.1773042891617], 
            [-91.7125914629256, 33.1773042891617], 
            [-91.7125914629256, 33.2223243507882], 
            [-91.7576025313317, 33.2223243507882], 
            [-91.7576025313317, 33.2673354191943], 
            [-91.8026135997378, 33.2673354191943], 
            [-91.8026135997378, 33.3123464876004], 
            [-91.8476246681439, 33.3123464876004], 
            [-91.8476246681439, 33.3573575560065], 
            [-91.8926357365499, 33.3573575560065], 
            [-91.8926357365499, 33.4023686244126], 
            [-91.9826668665826, 33.4023686244126], 
            [-91.9826668665826, 33.4473796928186], 
            [-92.1177000718008, 33.4473796928186], 
            [-92.1177000718008, 33.4923907612247], 
            [-92.4327865438639, 33.4923907612247], 
            [-92.4327865438639, 33.4473796928186], 
            [-92.5678197490821, 33.4473796928186], 
            [-92.5678197490821, 33.4023686244126], 
            [-92.6128308174882, 33.4023686244126], 
            [-92.6128308174882, 33.3573575560065], 
            [-92.6578508791147, 33.3573575560065], 
            [-92.6578508791147, 33.2673354191943], 
            [-92.7028619475208, 33.2673354191943], 
            [-92.7028619475208, 32.9972600155374], 
            [-92.7478730159269, 32.9972600155374], 
            [-92.7478730159269, 32.2770649345991], 
            [-92.792884084333, 32.2770649345991], 
            [-92.792884084333, 32.0970206609748], 
            [-92.8378951527391, 32.0970206609748], 
            [-92.8378951527391, 31.91696739413], 
            [-92.8829062211451, 31.91696739413], 
            [-92.8829062211451, 31.5568698536609], 
            [-92.8378951527391, 31.5568698536609], 
            [-92.8378951527391, 31.5118587852548], 
            [-92.792884084333, 31.5118587852548], 
            [-92.792884084333, 31.4668477168487], 
            [-92.7028619475208, 31.4668477168487], 
            [-92.7028619475208, 31.4218366484427], 
            [-92.6128308174882, 31.4218366484427], 
            [-92.6128308174882, 31.3768255800365], 
            [-92.0726890033947, 31.3768255800365]
          ], 
          [
            [-89.7770705553618, 30.1389897225977], 
            [-89.792475942011, 30.1928591131576], 
            [-89.8320910781407, 30.1547188651836], 
            [-89.7770705553618, 30.1389897225977]
          ], 
          [
            [-90.2046802018298, 30.0489585925651], 
            [-90.0044011821687, 30.065703969063], 
            [-89.8421814714977, 30.2054586150231], 
            [-89.9955878261172, 30.2403073443086], 
            [-90.0472268980029, 30.3002471586795], 
            [-90.1345510686768, 30.3489634339154], 
            [-90.2114071307344, 30.355141776372], 
            [-90.2392771209423, 30.3311298777417], 
            [-90.3017800031446, 30.2585815682849], 
            [-90.3961458654393, 30.1772828553196], 
            [-90.4072345062674, 30.1164796917844], 
            [-90.4297175574193, 30.0249646803758], 
            [-90.3553706038702, 29.9290429909414], 
            [-90.2579920127212, 29.9508695369996], 
            [-90.2046802018298, 30.0489585925651]
          ], 
          [
            [-89.5069951517048, 29.5988389152838], 
            [-89.5146933484193, 29.6250271732655], 
            [-89.5346133317398, 29.6069597933599], 
            [-89.5069951517048, 29.5988389152838]
          ]
        ]
      }, 
      "properties" : {
        "OBJECTID" : 160, 
        "Id" : 160, 
        "gridcode" : 2, 
        "Unixtime" : 1785913200, 
        "Timestamp" : 1785913200000, 
        "Shape__Area" : 2567967385870.25, 
        "Shape__Length" : 18437018.133147921
      }
    }, 
    {
      "type" : "Feature", 
      "id" : 166, 
      "geometry" : 
      {
        "type" : "Polygon", 
        "coordinates" : 
        [
          [
            [-102.605530820591, 21.5641698505582], 
            [-102.560519752185, 21.5641698505582], 
            [-102.560519752185, 21.6091809189643], 
            [-102.515508683779, 21.6091809189643], 
            [-102.515508683779, 21.6541919873704], 
            [-102.425486546967, 21.6541919873704], 
            [-102.425486546967, 21.6992030557765], 
            [-102.335464410154, 21.6992030557765], 
            [-102.335464410154, 21.7442141241826], 
            [-102.290453341748, 21.7442141241826], 
            [-102.290453341748, 21.7892341858091], 
            [-102.200422211716, 21.7892341858091], 
            [-102.200422211716, 21.8342452542152], 
            [-102.110400074903, 21.8342452542152], 
            [-102.110400074903, 21.8792563226212], 
            [-102.020377938091, 21.8792563226212], 
            [-102.020377938091, 21.9242673910273], 
            [-101.885344732873, 21.9242673910273], 
            [-101.885344732873, 21.9692784594334], 
            [-101.750302534434, 21.9692784594334], 
            [-101.750302534434, 22.0142895278395], 
            [-101.525247192404, 22.0142895278395], 
            [-101.525247192404, 22.0593005962456], 
            [-101.210160720341, 22.0593005962456], 
            [-101.210160720341, 22.1043116646517], 
            [-100.805052111466, 22.1043116646517], 
            [-100.805052111466, 22.1493317262782], 
            [-100.579987776215, 22.1493317262782], 
            [-100.579987776215, 22.1043116646517], 
            [-100.354923440964, 22.1043116646517], 
            [-100.354923440964, 22.0593005962456], 
            [-100.219890235746, 22.0593005962456], 
            [-100.219890235746, 22.0142895278395], 
            [-100.129868098934, 22.0142895278395], 
            [-100.129868098934, 21.9692784594334], 
            [-100.039845962121, 21.9692784594334], 
            [-100.039845962121, 21.9242673910273], 
            [-99.9948259004948, 21.9242673910273], 
            [-99.9948259004948, 21.8792563226212], 
            [-99.9498148320887, 21.8792563226212], 
            [-99.9498148320887, 21.8342452542152], 
            [-99.9048037636827, 21.8342452542152], 
            [-99.9048037636827, 21.7892341858091], 
            [-99.8597926952766, 21.7892341858091], 
            [-99.8597926952766, 21.7442141241826], 
            [-99.8147816268705, 21.7442141241826], 
            [-99.8147816268705, 21.6541919873704], 
            [-99.7697705584645, 21.6541919873704], 
            [-99.7697705584645, 21.6091809189643], 
            [-99.7247594900584, 21.6091809189643], 
            [-99.7247594900584, 21.5191587821521], 
            [-99.6797484216523, 21.5191587821521], 
            [-99.6797484216523, 21.3841165837134], 
            [-99.6347283600257, 21.3841165837134], 
            [-99.6347283600257, 21.2490833784952], 
            [-99.5897172916197, 21.2490833784952], 
            [-99.5897172916197, 21.0690391048709], 
            [-99.5447062232136, 21.0690391048709], 
            [-99.5447062232136, 20.9339969064322], 
            [-99.4996951548075, 20.9339969064322], 
            [-99.4996951548075, 20.84397476962], 
            [-99.4546840864014, 20.84397476962], 
            [-99.4546840864014, 20.7539526328079], 
            [-99.4096730179953, 20.7539526328079], 
            [-99.4096730179953, 20.7089415644018], 
            [-99.3646619495892, 20.7089415644018], 
            [-99.3646619495892, 20.6639304959957], 
            [-99.3196508811832, 20.6639304959957], 
            [-99.3196508811832, 20.6189104343691], 
            [-99.2296197511506, 20.6189104343691], 
            [-99.2296197511506, 20.573899365963], 
            [-99.1395976143384, 20.573899365963], 
            [-99.1395976143384, 20.528888297557], 
            [-99.0495754775262, 20.528888297557], 
            [-99.0495754775262, 20.4838772291509], 
            [-98.959553340714, 20.4838772291509], 
            [-98.959553340714, 20.4388661607448], 
            [-98.8695222106814, 20.4388661607448], 
            [-98.8695222106814, 20.3938550923387], 
            [-98.7795000738693, 20.3938550923387], 
            [-98.7795000738693, 20.3488440239326], 
            [-98.6894779370571, 20.3488440239326], 
            [-98.6894779370571, 20.3038329555266], 
            [-98.5994558002449, 20.3038329555266], 
            [-98.5994558002449, 20.2588128939], 
            [-98.5544447318388, 20.2588128939], 
            [-98.5544447318388, 20.2138018254939], 
            [-98.5094246702123, 20.2138018254939], 
            [-98.5094246702123, 20.1687907570878], 
            [-98.4644136018062, 20.1687907570878], 
            [-98.4644136018062, 20.1237796886818], 
            [-98.4194025334002, 20.1237796886818], 
            [-98.4194025334002, 20.0787686202757], 
            [-98.3743914649941, 20.0787686202757], 
            [-98.3743914649941, 20.0337575518696], 
            [-98.329380396588, 20.0337575518696], 
            [-98.329380396588, 19.9887464834635], 
            [-103.910887777249, 19.9887464834635], 
            [-103.910887777249, 20.0337575518696], 
            [-103.955898845655, 20.0337575518696], 
            [-103.955898845655, 20.0787686202757], 
            [-104.000909914061, 20.0787686202757], 
            [-104.000909914061, 20.1687907570878], 
            [-104.045920982467, 20.1687907570878], 
            [-104.045920982467, 20.2588128939], 
            [-104.090941044094, 20.2588128939], 
            [-104.090941044094, 20.7989637012139], 
            [-104.045920982467, 20.7989637012139], 
            [-104.045920982467, 20.8889858380261], 
            [-104.000909914061, 20.8889858380261], 
            [-104.000909914061, 20.9790079748382], 
            [-103.955898845655, 20.9790079748382], 
            [-103.955898845655, 21.0240190432443], 
            [-103.910887777249, 21.0240190432443], 
            [-103.910887777249, 21.114050173277], 
            [-103.865876708843, 21.114050173277], 
            [-103.865876708843, 21.159061241683], 
            [-103.775854572031, 21.159061241683], 
            [-103.775854572031, 21.2040723100891], 
            [-103.730843503625, 21.2040723100891], 
            [-103.730843503625, 21.2490833784952], 
            [-103.685823441998, 21.2490833784952], 
            [-103.685823441998, 21.2940944469013], 
            [-103.595801305186, 21.2940944469013], 
            [-103.595801305186, 21.3391055153074], 
            [-103.460768099968, 21.3391055153074], 
            [-103.460768099968, 21.3841165837134], 
            [-103.280714833123, 21.3841165837134], 
            [-103.280714833123, 21.42913664534], 
            [-103.010648422687, 21.42913664534], 
            [-103.010648422687, 21.474147713746], 
            [-102.785584087436, 21.474147713746], 
            [-102.785584087436, 21.5191587821521], 
            [-102.650550882217, 21.5191587821521], 
            [-102.650550882217, 21.5641698505582], 
            [-102.605530820591, 21.5641698505582]
          ]
        ]
      }, 
      "properties" : {
        "OBJECTID" : 166, 
        "Id" : 166, 
        "gridcode" : 2, 
        "Unixtime" : 1785913200, 
        "Timestamp" : 1785913200000, 
        "Shape__Area" : 111991542044.52344, 
        "Shape__Length" : 1798279.8290878013
      }
    }, 
    {
      "type" : "Feature", 
      "id" : 16, 
      "geometry" : 
      {
        "type" : "Polygon", 
        "coordinates" : 
        [
          [
            [-123.761254578236, 49.4266956854576], 
            [-123.804062307629, 49.6066770065387], 
            [-123.791426832882, 49.7639144730746], 
            [-123.717196791199, 49.827865263771], 
            [-123.595293687853, 49.8180716466893], 
            [-123.400608451319, 49.6513553257877], 
            [-123.345731820067, 49.5263945274855], 
            [-123.42365807536, 49.3141725110526], 
            [-123.481988103268, 49.3233635823635], 
            [-123.620825440741, 49.3862891459274], 
            [-123.747935618734, 49.4175046141467], 
            [-123.761254578236, 49.4266956854576]
          ]
        ]
      }, 
      "properties" : {
        "OBJECTID" : 16, 
        "Id" : 16, 
        "gridcode" : 3, 
        "Unixtime" : 1785913200, 
        "Timestamp" : 1785913200000, 
        "Shape__Area" : 3133701249.125, 
        "Shape__Length" : 224191.25032081702
      }
    }, 
    {
      "type" : "Feature", 
      "id" : 19, 
      "geometry" : 
      {
        "type" : "Polygon", 
        "coordinates" : 
        [
          [
            [-123.063560534891, 49.2691614426465], 
            [-123.072760599422, 49.2824714089285], 
            [-123.185283773827, 49.3113486398279], 
            [-123.149679614023, 49.4297623736347], 
            [-123.07115081296, 49.480906818395], 
            [-122.986857357581, 49.4067577156961], 
            [-123.008279208718, 49.2833437513132], 
            [-123.063560534891, 49.2691614426465]
          ]
        ]
      }, 
      "properties" : {
        "OBJECTID" : 19, 
        "Id" : 19, 
        "gridcode" : 3, 
        "Unixtime" : 1785913200, 
        "Timestamp" : 1785913200000, 
        "Shape__Area" : 528143995.1640625, 
        "Shape__Length" : 92575.379014824779
      }
    }, 
    {
      "type" : "Feature", 
      "id" : 32, 
      "geometry" : 
      {
        "type" : "Polygon", 
        "coordinates" : 
        [
          [
            [-119.507605191826, 47.1760883058307], 
            [-119.564505297681, 47.1867092991949], 
            [-119.672181126258, 47.2253531675147], 
            [-119.782375056564, 47.1654673124666], 
            [-119.982645083004, 47.1953787637191], 
            [-120.027233470049, 47.277432907203], 
            [-119.961520008142, 47.3807470238561], 
            [-119.902092807337, 47.4130416785307], 
            [-119.788292595627, 47.4567847028518], 
            [-119.561672433236, 47.6580889496454], 
            [-119.272666300509, 47.6753199600482], 
            [-119.159387695586, 47.5741102569829], 
            [-119.19851719781, 47.4409026755181], 
            [-119.428195055158, 47.231720367601], 
            [-119.496984198462, 47.1879773432798], 
            [-119.507605191826, 47.1760883058307]
          ]
        ]
      }, 
      "properties" : {
        "OBJECTID" : 32, 
        "Id" : 32, 
        "gridcode" : 3, 
        "Unixtime" : 1785913200, 
        "Timestamp" : 1785913200000, 
        "Shape__Area" : 4949519904.828125, 
        "Shape__Length" : 287445.78056160815
      }
    }, 
    {
      "type" : "Feature", 
      "id" : 43, 
      "geometry" : 
      {
        "type" : "Polygon", 
        "coordinates" : 
        [
          [
            [-119.012465452918, 45.9607624792051], 
            [-119.044984938104, 45.9732630556456], 
            [-119.114988166171, 45.9932729711708], 
            [-119.180018143323, 46.0182741240517], 
            [-119.39720441745, 46.0498852939712], 
            [-119.45009354698, 46.1398624646811], 
            [-119.428069150071, 46.3527769590895], 
            [-119.355493860953, 46.4434016416725], 
            [-119.203535414827, 46.415225881969], 
            [-119.114313674636, 46.3437747454083], 
            [-119.09115613195, 46.2107200486914], 
            [-118.958937804736, 46.1177841084499], 
            [-118.94653615372, 46.0180492935402], 
            [-119.002464991766, 45.9732630556456], 
            [-119.012465452918, 45.9607624792051]
          ]
        ]
      }, 
      "properties" : {
        "OBJECTID" : 43, 
        "Id" : 43, 
        "gridcode" : 3, 
        "Unixtime" : 1785913200, 
        "Timestamp" : 1785913200000, 
        "Shape__Area" : 2728536401.484375, 
        "Shape__Length" : 215351.42744119602
      }
    }, 
    {
      "type" : "Feature", 
      "id" : 51, 
      "geometry" : 
      {
        "type" : "Polygon", 
        "coordinates" : 
        [
          [
            [-122.951037360486, 45.0380130938293], 
            [-122.920964031265, 44.9775246930103], 
            [-122.984483147379, 44.9404276586096], 
            [-123.013324405397, 44.981364798147], 
            [-122.988485130484, 45.0304497954218], 
            [-122.951037360486, 45.0380130938293]
          ]
        ]
      }, 
      "properties" : {
        "OBJECTID" : 51, 
        "Id" : 51, 
        "gridcode" : 3, 
        "Unixtime" : 1785913200, 
        "Timestamp" : 1785913200000, 
        "Shape__Area" : 94547758.484375, 
        "Shape__Length" : 39003.241369801057
      }
    }, 
    {
      "type" : "Feature", 
      "id" : 60, 
      "geometry" : 
      {
        "type" : "Polygon", 
        "coordinates" : 
        [
          [
            [-120.902984285296, 51.6998130958978], 
            [-120.880474254483, 51.6998130958978], 
            [-120.880474254483, 51.6548020274916], 
            [-120.34033244039, 51.6548020274916], 
            [-120.34033244039, 51.6097909590856], 
            [-120.025245968327, 51.6097909590856], 
            [-120.025245968327, 51.5647798906795], 
            [-119.845192701482, 51.5647798906795], 
            [-119.845192701482, 51.5197688222734], 
            [-119.710159496264, 51.5197688222734], 
            [-119.710159496264, 51.4747577538673], 
            [-119.665148427858, 51.4747577538673], 
            [-119.654320590423, 51.4405655296756], 
            [-119.596242372687, 51.2748654426861], 
            [-119.63610931899, 51.0075419644901], 
            [-119.788301588847, 50.5733043145426], 
            [-119.931140909425, 50.3033638091925], 
            [-120.121968054382, 50.0545213990434], 
            [-120.200263031714, 49.9213407972401], 
            [-120.193437177384, 49.7490037135506], 
            [-120.094754569268, 49.6055978200834], 
            [-119.908747790478, 49.452740051912], 
            [-119.668736722821, 49.3592825048838], 
            [-119.180836526385, 49.3258547044312], 
            [-119.109637199997, 49.3008985176526], 
            [-119.034345958299, 49.1413587866787], 
            [-119.058312890827, 48.5367355818817], 
            [-119.019435198775, 48.3883654307201], 
            [-118.933675848462, 48.2262896115764], 
            [-118.685705780697, 47.9529766485535], 
            [-118.626008783279, 47.8605353354375], 
            [-118.560753975615, 47.6929736518127], 
            [-118.426916868718, 47.5345940462783], 
            [-118.229344808416, 47.4184466040276], 
            [-118.06449008415, 47.3903248036469], 
            [-117.954547964017, 47.4659847673832], 
            [-117.921353987297, 47.6989901163009], 
            [-117.991258289938, 47.9377691127544], 
            [-117.987903818706, 48.0223593444083], 
            [-117.550122839897, 48.262703161222], 
            [-117.482242011859, 48.2947370125032], 
            [-117.391581356394, 48.2629549713949], 
            [-117.27281688699, 48.079034619752], 
            [-116.995358049334, 47.8998626885124], 
            [-117.004953815566, 47.657846132693], 
            [-116.927036553494, 47.4023847122847], 
            [-116.931362292536, 47.2934408396231], 
            [-117.021114632734, 47.2102805300225], 
            [-117.176112787375, 47.0429886430115], 
            [-117.436115784116, 46.8966329732332], 
            [-117.470370960851, 46.7704580901688], 
            [-117.357847786446, 46.5125954798976], 
            [-117.336192111577, 46.3434779691331], 
            [-117.381239152865, 46.0848149622408], 
            [-117.379521447757, 46.0414766328404], 
            [-117.411438387172, 45.9504112824548], 
            [-117.512333327521, 45.7597280290254], 
            [-117.546579511036, 45.6515575733234], 
            [-117.535661741396, 45.3759603323036], 
            [-117.440198706205, 45.1435485359363], 
            [-117.284768876982, 44.9995311034778], 
            [-117.17191295342, 44.9462732519091], 
            [-116.90451752946, 44.9142753735098], 
            [-116.791652612678, 44.8545513964299], 
            [-116.560364968868, 44.5392131141939], 
            [-116.493626279829, 44.3978127088895], 
            [-116.504615995232, 44.1205607153049], 
            [-116.669857427978, 43.8506831624981], 
            [-116.705164811507, 43.7503368085969], 
            [-116.592353854047, 43.7146247301472], 
            [-116.495694720535, 43.6481108716195], 
            [-116.458453794607, 43.5016382899752], 
            [-116.555094941678, 43.375625284879], 
            [-116.89162125132, 43.3889622308224], 
            [-117.064407996032, 43.2024788113482], 
            [-117.099454576168, 43.1700132854848], 
            [-117.099454576168, 43.1925143230776], 
            [-117.144465644574, 43.1925143230776], 
            [-117.144465644574, 43.2375253914837], 
            [-117.18947671298, 43.2375253914837], 
            [-117.18947671298, 43.2825364598898], 
            [-117.234487781386, 43.2825364598898], 
            [-117.234487781386, 43.3275475282959], 
            [-117.279498849792, 43.3275475282959], 
            [-117.279498849792, 43.3725675899224], 
            [-117.324509918198, 43.3725675899224], 
            [-117.324509918198, 43.4175786583285], 
            [-117.414541048231, 43.4175786583285], 
            [-117.414541048231, 43.4625897267346], 
            [-117.729618527073, 43.4625897267346], 
            [-117.729618527073, 43.4175786583285], 
            [-117.819649657106, 43.4175786583285], 
            [-117.819649657106, 43.3725675899224], 
            [-117.909671793918, 43.3725675899224], 
            [-117.909671793918, 43.3275475282959], 
            [-117.954682862324, 43.3275475282959], 
            [-117.954682862324, 43.2825364598898], 
            [-117.99969393073, 43.2825364598898], 
            [-117.99969393073, 43.2375253914837], 
            [-118.044704999136, 43.2375253914837], 
            [-118.044704999136, 43.1925143230776], 
            [-118.089716067542, 43.1925143230776], 
            [-118.089716067542, 43.1475032546716], 
            [-118.134736129169, 43.1475032546716], 
            [-118.134736129169, 43.1024921862655], 
            [-118.179747197575, 43.1024921862655], 
            [-118.179747197575, 43.0574811178594], 
            [-118.224758265981, 43.0574811178594], 
            [-118.224758265981, 43.0124700494533], 
            [-118.269769334387, 43.0124700494533], 
            [-118.269769334387, 42.9674499878267], 
            [-118.314780402793, 42.9674499878267], 
            [-118.314780402793, 42.9224389194207], 
            [-118.359791471199, 42.9224389194207], 
            [-118.359791471199, 42.8774278510146], 
            [-118.404802539605, 42.8774278510146], 
            [-118.404802539605, 42.8324167826085], 
            [-118.494833669638, 42.8324167826085], 
            [-118.494833669638, 42.7874057142024], 
            [-118.539844738044, 42.7874057142024], 
            [-118.539844738044, 42.7423946457964], 
            [-118.58485580645, 42.7423946457964], 
            [-118.58485580645, 42.6973835773903], 
            [-118.629866874856, 42.6973835773903], 
            [-118.629866874856, 42.6523725089842], 
            [-118.719889011668, 42.6523725089842], 
            [-118.719889011668, 42.6073524473576], 
            [-118.764900080075, 42.6073524473576], 
            [-118.764900080075, 42.5623413789515], 
            [-118.854931210107, 42.5623413789515], 
            [-118.854931210107, 42.5173303105455], 
            [-118.8774322477, 42.5173303105455], 
            [-118.907919265062, 42.5490673855515], 
            [-118.955997021645, 42.5738347147004], 
            [-118.9789207406, 42.5733670672365], 
            [-119.136032302049, 42.6638478582921], 
            [-119.185405082379, 42.6878057975995], 
            [-119.563390138344, 42.9440226485265], 
            [-119.671353749976, 42.9996367238558], 
            [-119.940080170563, 43.0685068061443], 
            [-120.234194452512, 43.0289905954397], 
            [-120.531852063322, 42.9564242995419], 
            [-120.73694245593, 42.8732370102799], 
            [-120.953840947002, 42.7989979753763], 
            [-121.064916212913, 42.7967316838202], 
            [-121.199167007951, 42.8402948437321], 
            [-121.577448840192, 43.0238194936748], 
            [-121.977080577806, 43.3112338263801], 
            [-122.222001943835, 43.4566272215691], 
            [-122.214969245434, 43.8012294431844], 
            [-122.263038008797, 43.9003167462209], 
            [-122.395885861443, 43.9687461607068], 
            [-122.547007938066, 43.9332858924301], 
            [-122.621768579756, 43.8614660338305], 
            [-122.669423654978, 43.7689527749507], 
            [-122.671635987211, 43.6607463463668], 
            [-122.638720800325, 43.5593208060105], 
            [-122.512393032512, 43.3928293156205], 
            [-122.551279717785, 43.2971684295795], 
            [-122.642156210541, 43.2503587170812], 
            [-122.823063833329, 43.2039896723855], 
            [-122.949103818087, 43.2602422663676], 
            [-123.149140020795, 43.4217155397404], 
            [-123.35125365743, 43.5091566222804], 
            [-123.626751973025, 43.5540058127182], 
            [-123.703859845256, 43.6280919628739], 
            [-123.727718859138, 43.7211807878631], 
            [-123.750129964526, 43.9961035373484], 
            [-123.807551677168, 44.2764312123307], 
            [-123.705766407993, 44.5273780360676], 
            [-123.702627774052, 44.6809822415373], 
            [-123.730749574433, 44.7676409138971], 
            [-123.83980136574, 44.9793233371024], 
            [-123.793180510872, 45.0324912564664], 
            [-123.596471799734, 45.2214837844492], 
            [-123.444054699365, 45.4539585333597], 
            [-123.410545959928, 45.4546420181147], 
            [-123.147746071624, 45.3646918270662], 
            [-123.075503531663, 45.3632169389107], 
            [-123.030033809013, 45.4960827779979], 
            [-123.089919664061, 45.7428027881182], 
            [-123.186668729778, 45.7926432159118], 
            [-123.415141495583, 45.8667833253903], 
            [-123.502204862864, 46.0357839242887], 
            [-123.46464917422, 46.1575431361069], 
            [-123.373008257725, 46.3834618273016], 
            [-123.336774572488, 46.90184004788], 
            [-123.257265510395, 46.9845866693394], 
            [-123.084496752123, 47.0183202392877], 
            [-122.981218608352, 47.1462577935624], 
            [-122.897653603831, 47.3185139382677], 
            [-122.67942411613, 47.3540371590877], 
            [-122.489433340676, 47.4346883601797], 
            [-122.40344016663, 47.4789889641694], 
            [-122.331890104645, 47.5022004661786], 
            [-122.264602829157, 47.5368693310548], 
            [-122.072444687572, 47.4378809534433], 
            [-122.017415171573, 47.5447024260762], 
            [-121.972691886222, 47.7281641234756], 
            [-121.904784078522, 47.8599957422098], 
            [-121.901717390345, 48.0102994357704], 
            [-121.971792564175, 48.2837472971001], 
            [-121.94397653329, 48.4907712321067], 
            [-121.859710057573, 48.73696064222], 
            [-121.900341427615, 48.8263622468203], 
            [-122.081734684308, 49.0654200331081], 
            [-122.129335800207, 49.2978498159164], 
            [-122.10557571175, 49.9582219943496], 
            [-122.045725829583, 50.2037189264873], 
            [-121.921772271973, 50.5312520156681], 
            [-121.955739665653, 50.5971813148658], 
            [-121.864296600008, 50.7512171949177], 
            [-121.526412314077, 51.0452865107639], 
            [-121.031380493815, 51.5746814264068], 
            [-120.925035661866, 51.6768623972819], 
            [-120.902984285296, 51.6998130958978]
          ], 
          [
            [-117.076944545354, 47.6037069455192], 
            [-117.046655378843, 47.6742767464747], 
            [-117.15336893283, 47.7027223027921], 
            [-117.175959902627, 47.6146876677018], 
            [-117.076944545354, 47.6037069455192]
          ], 
          [
            [-122.90602629208, 46.4108821564864], 
            [-122.896214688557, 46.4235895769975], 
            [-122.75828566635, 46.4431947976019], 
            [-122.660619292147, 46.4815868557489], 
            [-122.62614827812, 46.6013315861838], 
            [-122.695935668896, 46.7170383606319], 
            [-122.926818617785, 46.8424128470753], 
            [-123.109488911784, 46.8708134372904], 
            [-123.246968272967, 46.7688842765881], 
            [-123.275926442851, 46.6056033659027], 
            [-123.216220452212, 46.4537348519819], 
            [-123.062337456908, 46.4212603328981], 
            [-122.90602629208, 46.4108821564864]
          ], 
          [
            [-122.590939820017, 45.600664938736], 
            [-122.580111982582, 45.6123471321146], 
            [-122.536288019277, 45.6529515224948], 
            [-122.590319287805, 45.7240159505757], 
            [-122.646769732637, 45.6524029360468], 
            [-122.590939820017, 45.600664938736]
          ], 
          [
            [-122.455897621578, 45.3530995658923], 
            [-122.444871933293, 45.3645749152002], 
            [-122.242632391572, 45.5249240360155], 
            [-122.288794592197, 45.6145324846865], 
            [-122.426327912703, 45.656701695427], 
            [-122.534885076885, 45.5437198667785], 
            [-122.601605779483, 45.5450778430681], 
            [-122.624466545894, 45.532370422557], 
            [-122.556954439895, 45.499617113639], 
            [-122.534894070105, 45.4316463533966], 
            [-122.502167740849, 45.3681092508413], 
            [-122.455897621578, 45.3530995658923]
          ], 
          [
            [-122.861006230453, 45.3530995658923], 
            [-122.780993548014, 45.4531311570773], 
            [-122.760974639268, 45.505219889986], 
            [-122.860691467737, 45.5472362159787], 
            [-122.906170183607, 45.5415794803088], 
            [-122.938536784045, 45.3752678543281], 
            [-122.861006230453, 45.3530995658923]
          ], 
          [
            [-122.951037360486, 45.0380130938293], 
            [-122.983502886349, 45.0730596739648], 
            [-123.043262836311, 45.1284219391213], 
            [-123.141909471545, 45.0938519996701], 
            [-123.219341099712, 45.0722053180211], 
            [-123.43694106198, 45.1873455195802], 
            [-123.53824069725, 45.1833345432547], 
            [-123.719867777676, 44.9873093168716], 
            [-123.659550248045, 44.7571188459581], 
            [-123.637894573176, 44.6297118916905], 
            [-123.71799718782, 44.2468435170148], 
            [-123.674398055026, 43.8284159486372], 
            [-123.6227409967, 43.6810530381672], 
            [-123.297636077043, 43.5612543484095], 
            [-123.052741690676, 43.4509075333561], 
            [-122.886555969782, 43.3861923189204], 
            [-122.799753405895, 43.4321206958135], 
            [-122.75438260867, 43.7641503952246], 
            [-122.707429004645, 43.8981044139876], 
            [-122.523364761475, 44.0686428535849], 
            [-122.310081545027, 44.1194545491881], 
            [-122.147448146215, 44.0333894293788], 
            [-122.073254077414, 43.8761699492838], 
            [-122.039970168488, 43.5634397009815], 
            [-122.013170371515, 43.4611687979018], 
            [-121.861445749122, 43.3205957688797], 
            [-121.558545090783, 43.1249932238583], 
            [-121.310026436571, 43.0204110631201], 
            [-121.048557544895, 42.9704896963425], 
            [-120.869493532301, 43.0016691916799], 
            [-120.846398942157, 43.0007518831929], 
            [-120.710142658956, 43.0364549684221], 
            [-120.461327228469, 43.1450391122653], 
            [-120.266624005493, 43.2480654458637], 
            [-120.123901596781, 43.3642128881144], 
            [-120.040120754969, 43.6288473933926], 
            [-120.013563774948, 43.6534618377936], 
            [-119.92439599408, 43.9919126966137], 
            [-119.856020538917, 44.2386147202932], 
            [-119.83324071149, 44.3816069256192], 
            [-119.758453090138, 44.5229443783804], 
            [-119.671857370321, 44.5788642232054], 
            [-119.576646145303, 44.6816297534104], 
            [-119.481389954183, 44.7431343881416], 
            [-119.346392721847, 44.8068513551061], 
            [-119.148847641206, 44.8539038845567], 
            [-118.923801292396, 44.8449826098596], 
            [-118.769720446242, 44.7909783209928], 
            [-118.638428420735, 44.700632428244], 
            [-118.523009429342, 44.5218921715866], 
            [-118.431683275563, 44.2873579751905], 
            [-118.358604366099, 44.1492580817951], 
            [-118.207518262358, 44.009269612103], 
            [-118.103610593154, 43.9602295809305], 
            [-117.984351496624, 43.9243915973944], 
            [-117.754943435891, 44.064856707771], 
            [-117.471782896463, 44.4249452550196], 
            [-117.334555345453, 44.647248671589], 
            [-117.291181043171, 44.7750243478954], 
            [-117.403713210796, 44.9588098012314], 
            [-117.474543815145, 45.0793009689646], 
            [-117.57009678254, 45.4220955532672], 
            [-117.629110295204, 45.7540892797965], 
            [-117.676198797536, 45.8884300070393], 
            [-117.977031015169, 46.0577723483153], 
            [-118.106137688104, 46.1567877055882], 
            [-118.198983696141, 46.3005623210943], 
            [-118.258087141009, 46.5125954798976], 
            [-118.321426392714, 46.7289363913015], 
            [-118.136624705466, 47.0209822325441], 
            [-118.101398260921, 47.159540780183], 
            [-118.195979960507, 47.2828738055817], 
            [-118.358946108476, 47.3597838269622], 
            [-118.690112458723, 47.4125380581849], 
            [-118.784145571861, 47.4622975469943], 
            [-118.892343007224, 47.6915617162003], 
            [-118.886452447822, 47.8400217995665], 
            [-118.889645041086, 47.9205381023516], 
            [-119.001646608704, 48.1771866278607], 
            [-119.077279592779, 48.356898152328], 
            [-119.115437827194, 48.5964325793002], 
            [-119.105536291467, 48.8460663928498], 
            [-119.137714034275, 49.0618227449238], 
            [-119.185126292544, 49.1514311935948], 
            [-119.268142710618, 49.2283502081956], 
            [-119.689304218015, 49.273172418972], 
            [-119.845813233694, 49.3059167346697], 
            [-119.968552706542, 49.3708657728372], 
            [-120.014418130892, 49.3925124544863], 
            [-120.085959199657, 49.4303649194056], 
            [-120.392079430921, 49.6518949190154], 
            [-120.561961365425, 49.8352397045488], 
            [-120.806774812807, 50.0620757042304], 
            [-120.937167516268, 50.1577186038306], 
            [-121.103838871067, 50.2855302530189], 
            [-121.219176923476, 50.3600121048748], 
            [-121.41638026174, 50.3827829390814], 
            [-121.569921514666, 50.3015291922185], 
            [-121.742303564458, 50.1154864405469], 
            [-121.846795792991, 49.9377444313605], 
            [-121.904073614106, 49.6776874752968], 
            [-121.85476378632, 49.4894953439351], 
            [-121.683937563668, 49.2667332731222], 
            [-121.654053092076, 49.0791436875313], 
            [-121.588987142043, 48.920746095556], 
            [-121.567340460394, 48.805237171958], 
            [-121.757708951107, 48.6656084310843], 
            [-121.843414342098, 48.573104165425], 
            [-121.901780342888, 48.4494383908691], 
            [-121.926574651699, 48.2618488052782], 
            [-121.781594944651, 47.8819122204726], 
            [-121.882426932457, 47.750422344116], 
            [-121.958473604673, 47.6210638610084], 
            [-121.994095750918, 47.3771047695695], 
            [-121.900368407276, 47.1096823659485], 
            [-121.768168066503, 46.8937731291267], 
            [-121.769921744493, 46.8494005793733], 
            [-121.722365594696, 46.7336128659411], 
            [-121.725342350669, 46.6584475293301], 
            [-121.723112031995, 46.6021859421276], 
            [-121.727185960863, 46.4993934322612], 
            [-121.769921744493, 46.3774633492542], 
            [-121.769004436006, 46.3542518472451], 
            [-121.792395802424, 46.3100321822395], 
            [-121.818772918036, 46.2267279811115], 
            [-121.814015504412, 46.1067224472832], 
            [-121.896915010619, 45.8235709010763], 
            [-121.926574651699, 45.6249376407596], 
            [-121.858226176197, 45.4299286482886], 
            [-121.859943881305, 45.3865453527859], 
            [-121.828512575795, 45.2665847850599], 
            [-121.889963251203, 45.1504553292501], 
            [-121.994950106862, 45.1172163864272], 
            [-122.094945725165, 45.0821698062916], 
            [-122.212442150485, 45.0449648532454], 
            [-122.361378874535, 45.0508733990882], 
            [-122.462903340317, 45.1045899049003], 
            [-122.492904723774, 45.3241144163473], 
            [-122.629628654439, 45.3187004976299], 
            [-122.716880879349, 45.2725293037844], 
            [-122.711116225034, 45.1272078543591], 
            [-122.827677355426, 45.0722053180211], 
            [-122.871834067888, 45.0488409312641], 
            [-122.951037360486, 45.0380130938293]
          ]
        ]
      }, 
      "properties" : {
        "OBJECTID" : 60, 
        "Id" : 60, 
        "gridcode" : 3, 
        "Unixtime" : 1785913200, 
        "Timestamp" : 1785913200000, 
        "Shape__Area" : 268637140524.74609, 
        "Shape__Length" : 9344558.8594916072
      }
    }, 
    {
      "type" : "Feature", 
      "id" : 63, 
      "geometry" : 
      {
        "type" : "Polygon", 
        "coordinates" : 
        [
          [
            [-115.231445774603, 42.0221995648581], 
            [-115.255538612217, 42.1775034889949], 
            [-115.239431754372, 42.3779623730652], 
            [-115.168070550016, 42.6162197627319], 
            [-115.032362853263, 42.8076134805777], 
            [-114.884181559731, 42.9004235157328], 
            [-114.640438305583, 42.973817187913], 
            [-114.335613098066, 42.9493196553779], 
            [-114.055357368847, 42.8249164367442], 
            [-113.895215092103, 42.6390355630409], 
            [-113.836849091312, 42.4451597163479], 
            [-113.849934227083, 42.2823104802446], 
            [-113.898191848075, 42.1059624202296], 
            [-113.965065435421, 41.9861097711491], 
            [-114.073226897903, 41.8480098777537], 
            [-114.18870884184, 41.748508886576], 
            [-114.350065203346, 41.647443075038], 
            [-114.376217488446, 41.6170909559829], 
            [-114.443738587666, 41.6170909559829], 
            [-114.443738587666, 41.662102024389], 
            [-114.668793929696, 41.662102024389], 
            [-114.668793929696, 41.707113092795], 
            [-114.803836128135, 41.707113092795], 
            [-114.803836128135, 41.7521241612012], 
            [-114.893858264947, 41.7521241612012], 
            [-114.893858264947, 41.7971352296072], 
            [-114.983880401759, 41.7971352296072], 
            [-114.983880401759, 41.8421462980133], 
            [-115.073902538571, 41.8421462980133], 
            [-115.073902538571, 41.8871663596399], 
            [-115.118913606977, 41.8871663596399], 
            [-115.118913606977, 41.932177428046], 
            [-115.163933668604, 41.932177428046], 
            [-115.163933668604, 41.977188496452], 
            [-115.20894473701, 41.977188496452], 
            [-115.20894473701, 42.0221995648581], 
            [-115.231445774603, 42.0221995648581]
          ]
        ]
      }, 
      "properties" : {
        "OBJECTID" : 63, 
        "Id" : 63, 
        "gridcode" : 3, 
        "Unixtime" : 1785913200, 
        "Timestamp" : 1785913200000, 
        "Shape__Area" : 24436887447.761719, 
        "Shape__Length" : 607351.69847424387
      }
    }, 
    {
      "type" : "Feature", 
      "id" : 109, 
      "geometry" : 
      {
        "type" : "Polygon", 
        "coordinates" : 
        [
          [
            [-111.18035069263, 34.7977477178829], 
            [-111.000306419006, 34.7977477178829], 
            [-111.000306419006, 34.7077255810708], 
            [-111.081614125192, 34.7614510801034], 
            [-111.171159621319, 34.7844287583805], 
            [-111.18035069263, 34.7977477178829]
          ]
        ]
      }, 
      "properties" : {
        "OBJECTID" : 109, 
        "Id" : 109, 
        "gridcode" : 3, 
        "Unixtime" : 1785913200, 
        "Timestamp" : 1785913200000, 
        "Shape__Area" : 111901063.69921875, 
        "Shape__Length" : 56371.76198492699
      }
    }, 
    {
      "type" : "Feature", 
      "id" : 110, 
      "geometry" : 
      {
        "type" : "Polygon", 
        "coordinates" : 
        [
          [
            [-110.977796388193, 34.7077255810708], 
            [-110.910284282194, 34.7077255810708], 
            [-110.910284282194, 34.6402044818514], 
            [-110.955115486191, 34.6628853838534], 
            [-110.977796388193, 34.7077255810708]
          ]
        ]
      }, 
      "properties" : {
        "OBJECTID" : 110, 
        "Id" : 110, 
        "gridcode" : 3, 
        "Unixtime" : 1785913200, 
        "Timestamp" : 1785913200000, 
        "Shape__Area" : 45616529.6953125, 
        "Shape__Length" : 29088.33321904514
      }
    }, 
    {
      "type" : "Feature", 
      "id" : 134, 
      "geometry" : 
      {
        "type" : "Polygon", 
        "coordinates" : 
        [
          [
            [-111.18035069263, 34.7977477178829], 
            [-111.327479779368, 34.7873335685894], 
            [-111.477459716992, 34.7241651880731], 
            [-111.633824841143, 34.5426730059545], 
            [-111.665813726322, 34.3672962137493], 
            [-111.655741319406, 34.2419487069673], 
            [-111.579137067522, 34.104649210193], 
            [-111.447512292858, 33.9912447001828], 
            [-111.269311629428, 33.937591146914], 
            [-111.106579305191, 33.9821345678561], 
            [-110.987751883243, 34.0484235958723], 
            [-110.864436844285, 34.2201671270114], 
            [-110.832349033681, 34.4207159432862], 
            [-110.887774251381, 34.6176944510382], 
            [-110.820253152161, 34.6176944510382], 
            [-110.820253152161, 34.527672314226], 
            [-110.730231015349, 34.527672314226], 
            [-110.730231015349, 34.4376501774138], 
            [-110.640208878537, 34.4376501774138], 
            [-110.640208878537, 34.3476280406016], 
            [-110.550186741725, 34.3476280406016], 
            [-110.550186741725, 34.1675747737569], 
            [-110.460155611692, 34.1675747737569], 
            [-110.460155611692, 34.0775526369447], 
            [-110.37013347488, 34.0775526369447], 
            [-110.37013347488, 33.8974993700999], 
            [-110.280111338068, 33.8974993700999], 
            [-110.280111338068, 33.8074772332878], 
            [-110.190089201256, 33.8074772332878], 
            [-110.190089201256, 33.6274329596634], 
            [-110.100058071223, 33.6274329596634], 
            [-110.100058071223, 33.3573575560065], 
            [-110.07755703363, 33.3573575560065], 
            [-110.087971182924, 33.3452706677072], 
            [-110.145545780313, 33.3195770368508], 
            [-110.325230325119, 33.1921700825833], 
            [-110.505166680098, 33.1777089840824], 
            [-110.705616570948, 33.1938158419276], 
            [-111.02048720572, 33.155918410906], 
            [-111.092190152454, 33.2176928422509], 
            [-111.134269430989, 33.410633394016], 
            [-111.110158606934, 33.7107371607914], 
            [-111.158704010981, 33.767079686978], 
            [-111.363317762904, 33.8286832471342], 
            [-111.550061985772, 33.9120144279236], 
            [-111.750152147803, 34.0844054709358], 
            [-111.883440668252, 34.2979494907764], 
            [-111.967005672774, 34.57693717591], 
            [-111.983885947578, 34.7870188058733], 
            [-111.730915649238, 34.8081618671765], 
            [-111.703810082769, 34.8981840039887], 
            [-111.190764841924, 34.8773557054016], 
            [-111.18035069263, 34.7977477178829]
          ]
        ]
      }, 
      "properties" : {
        "OBJECTID" : 134, 
        "Id" : 134, 
        "gridcode" : 3, 
        "Unixtime" : 1785913200, 
        "Timestamp" : 1785913200000, 
        "Shape__Area" : 19302600833.992188, 
        "Shape__Length" : 1033616.8859389774
      }
    }, 
    {
      "type" : "Feature", 
      "id" : 40, 
      "geometry" : 
      {
        "type" : "Polygon", 
        "coordinates" : 
        [
          [
            [-122.90602629208, 46.4108821564864], 
            [-123.062337456908, 46.4212603328981], 
            [-123.216220452212, 46.4537348519819], 
            [-123.275926442851, 46.6056033659027], 
            [-123.246968272967, 46.7688842765881], 
            [-123.109488911784, 46.8708134372904], 
            [-122.926818617785, 46.8424128470753], 
            [-122.695935668896, 46.7170383606319], 
            [-122.62614827812, 46.6013315861838], 
            [-122.660619292147, 46.4815868557489], 
            [-122.75828566635, 46.4431947976019], 
            [-122.896214688557, 46.4235895769975], 
            [-122.90602629208, 46.4108821564864]
          ]
        ]
      }, 
      "properties" : {
        "OBJECTID" : 40, 
        "Id" : 40, 
        "gridcode" : 4, 
        "Unixtime" : 1785913200, 
        "Timestamp" : 1785913200000, 
        "Shape__Area" : 4031883819.828125, 
        "Shape__Length" : 234352.01967289887
      }
    }, 
    {
      "type" : "Feature", 
      "id" : 47, 
      "geometry" : 
      {
        "type" : "Polygon", 
        "coordinates" : 
        [
          [
            [-122.590939820017, 45.600664938736], 
            [-122.646769732637, 45.6524029360468], 
            [-122.590319287805, 45.7240159505757], 
            [-122.536288019277, 45.6529515224948], 
            [-122.580111982582, 45.6123471321146], 
            [-122.590939820017, 45.600664938736]
          ]
        ]
      }, 
      "properties" : {
        "OBJECTID" : 47, 
        "Id" : 47, 
        "gridcode" : 4, 
        "Unixtime" : 1785913200, 
        "Timestamp" : 1785913200000, 
        "Shape__Area" : 120178690.4140625, 
        "Shape__Length" : 46481.813510725638
      }
    }, 
    {
      "type" : "Feature", 
      "id" : 48, 
      "geometry" : 
      {
        "type" : "Polygon", 
        "coordinates" : 
        [
          [
            [-122.861006230453, 45.3530995658923], 
            [-122.938536784045, 45.3752678543281], 
            [-122.906170183607, 45.5415794803088], 
            [-122.860691467737, 45.5472362159787], 
            [-122.760974639268, 45.505219889986], 
            [-122.780993548014, 45.4531311570773], 
            [-122.861006230453, 45.3530995658923]
          ]
        ]
      }, 
      "properties" : {
        "OBJECTID" : 48, 
        "Id" : 48, 
        "gridcode" : 4, 
        "Unixtime" : 1785913200, 
        "Timestamp" : 1785913200000, 
        "Shape__Area" : 388445879.1328125, 
        "Shape__Length" : 80807.11182162349
      }
    }, 
    {
      "type" : "Feature", 
      "id" : 49, 
      "geometry" : 
      {
        "type" : "Polygon", 
        "coordinates" : 
        [
          [
            [-122.455897621578, 45.3530995658923], 
            [-122.502167740849, 45.3681092508413], 
            [-122.534894070105, 45.4316463533966], 
            [-122.556954439895, 45.499617113639], 
            [-122.624466545894, 45.532370422557], 
            [-122.601605779483, 45.5450778430681], 
            [-122.534885076885, 45.5437198667785], 
            [-122.426327912703, 45.656701695427], 
            [-122.288794592197, 45.6145324846865], 
            [-122.242632391572, 45.5249240360155], 
            [-122.444871933293, 45.3645749152002], 
            [-122.455897621578, 45.3530995658923]
          ]
        ]
      }, 
      "properties" : {
        "OBJECTID" : 49, 
        "Id" : 49, 
        "gridcode" : 4, 
        "Unixtime" : 1785913200, 
        "Timestamp" : 1785913200000, 
        "Shape__Area" : 1038541697.3828125, 
        "Shape__Length" : 136961.36781470926
      }
    }, 
    {
      "type" : "Feature", 
      "id" : 58, 
      "geometry" : 
      {
        "type" : "Polygon", 
        "coordinates" : 
        [
          [
            [-122.951037360486, 45.0380130938293], 
            [-122.871834067888, 45.0488409312641], 
            [-122.827677355426, 45.0722053180211], 
            [-122.711116225034, 45.1272078543591], 
            [-122.716880879349, 45.2725293037844], 
            [-122.629628654439, 45.3187004976299], 
            [-122.492904723774, 45.3241144163473], 
            [-122.462903340317, 45.1045899049003], 
            [-122.361378874535, 45.0508733990882], 
            [-122.212442150485, 45.0449648532454], 
            [-122.094945725165, 45.0821698062916], 
            [-121.994950106862, 45.1172163864272], 
            [-121.889963251203, 45.1504553292501], 
            [-121.828512575795, 45.2665847850599], 
            [-121.859943881305, 45.3865453527859], 
            [-121.858226176197, 45.4299286482886], 
            [-121.926574651699, 45.6249376407596], 
            [-121.896915010619, 45.8235709010763], 
            [-121.814015504412, 46.1067224472832], 
            [-121.818772918036, 46.2267279811115], 
            [-121.792395802424, 46.3100321822395], 
            [-121.769004436006, 46.3542518472451], 
            [-121.769921744493, 46.3774633492542], 
            [-121.727185960863, 46.4993934322612], 
            [-121.723112031995, 46.6021859421276], 
            [-121.725342350669, 46.6584475293301], 
            [-121.722365594696, 46.7336128659411], 
            [-121.769921744493, 46.8494005793733], 
            [-121.768168066503, 46.8937731291267], 
            [-121.900368407276, 47.1096823659485], 
            [-121.994095750918, 47.3771047695695], 
            [-121.958473604673, 47.6210638610084], 
            [-121.882426932457, 47.750422344116], 
            [-121.781594944651, 47.8819122204726], 
            [-121.926574651699, 48.2618488052782], 
            [-121.901780342888, 48.4494383908691], 
            [-121.843414342098, 48.573104165425], 
            [-121.757708951107, 48.6656084310843], 
            [-121.567340460394, 48.805237171958], 
            [-121.588987142043, 48.920746095556], 
            [-121.654053092076, 49.0791436875313], 
            [-121.683937563668, 49.2667332731222], 
            [-121.85476378632, 49.4894953439351], 
            [-121.904073614106, 49.6776874752968], 
            [-121.846795792991, 49.9377444313605], 
            [-121.742303564458, 50.1154864405469], 
            [-121.569921514666, 50.3015291922185], 
            [-121.41638026174, 50.3827829390814], 
            [-121.219176923476, 50.3600121048748], 
            [-121.103838871067, 50.2855302530189], 
            [-120.937167516268, 50.1577186038306], 
            [-120.806774812807, 50.0620757042304], 
            [-120.561961365425, 49.8352397045488], 
            [-120.392079430921, 49.6518949190154], 
            [-120.085959199657, 49.4303649194056], 
            [-120.014418130892, 49.3925124544863], 
            [-119.968552706542, 49.3708657728372], 
            [-119.845813233694, 49.3059167346697], 
            [-119.689304218015, 49.273172418972], 
            [-119.268142710618, 49.2283502081956], 
            [-119.185126292544, 49.1514311935948], 
            [-119.137714034275, 49.0618227449238], 
            [-119.105536291467, 48.8460663928498], 
            [-119.115437827194, 48.5964325793002], 
            [-119.077279592779, 48.356898152328], 
            [-119.001646608704, 48.1771866278607], 
            [-118.889645041086, 47.9205381023516], 
            [-118.886452447822, 47.8400217995665], 
            [-118.892343007224, 47.6915617162003], 
            [-118.784145571861, 47.4622975469943], 
            [-118.690112458723, 47.4125380581849], 
            [-118.358946108476, 47.3597838269622], 
            [-118.195979960507, 47.2828738055817], 
            [-118.101398260921, 47.159540780183], 
            [-118.136624705466, 47.0209822325441], 
            [-118.321426392714, 46.7289363913015], 
            [-118.258087141009, 46.5125954798976], 
            [-118.198983696141, 46.3005623210943], 
            [-118.106137688104, 46.1567877055882], 
            [-117.977031015169, 46.0577723483153], 
            [-117.676198797536, 45.8884300070393], 
            [-117.629110295204, 45.7540892797965], 
            [-117.57009678254, 45.4220955532672], 
            [-117.474543815145, 45.0793009689646], 
            [-117.403713210796, 44.9588098012314], 
            [-117.291181043171, 44.7750243478954], 
            [-117.334555345453, 44.647248671589], 
            [-117.471782896463, 44.4249452550196], 
            [-117.754943435891, 44.064856707771], 
            [-117.984351496624, 43.9243915973944], 
            [-118.103610593154, 43.9602295809305], 
            [-118.207518262358, 44.009269612103], 
            [-118.358604366099, 44.1492580817951], 
            [-118.431683275563, 44.2873579751905], 
            [-118.523009429342, 44.5218921715866], 
            [-118.638428420735, 44.700632428244], 
            [-118.769720446242, 44.7909783209928], 
            [-118.923801292396, 44.8449826098596], 
            [-119.148847641206, 44.8539038845567], 
            [-119.346392721847, 44.8068513551061], 
            [-119.481389954183, 44.7431343881416], 
            [-119.576646145303, 44.6816297534104], 
            [-119.671857370321, 44.5788642232054], 
            [-119.758453090138, 44.5229443783804], 
            [-119.83324071149, 44.3816069256192], 
            [-119.856020538917, 44.2386147202932], 
            [-119.92439599408, 43.9919126966137], 
            [-120.013563774948, 43.6534618377936], 
            [-120.040120754969, 43.6288473933926], 
            [-120.123901596781, 43.3642128881144], 
            [-120.266624005493, 43.2480654458637], 
            [-120.461327228469, 43.1450391122653], 
            [-120.710142658956, 43.0364549684221], 
            [-120.846398942157, 43.0007518831929], 
            [-120.869493532301, 43.0016691916799], 
            [-121.048557544895, 42.9704896963425], 
            [-121.310026436571, 43.0204110631201], 
            [-121.558545090783, 43.1249932238583], 
            [-121.861445749122, 43.3205957688797], 
            [-122.013170371515, 43.4611687979018], 
            [-122.039970168488, 43.5634397009815], 
            [-122.073254077414, 43.8761699492838], 
            [-122.147448146215, 44.0333894293788], 
            [-122.310081545027, 44.1194545491881], 
            [-122.523364761475, 44.0686428535849], 
            [-122.707429004645, 43.8981044139876], 
            [-122.75438260867, 43.7641503952246], 
            [-122.799753405895, 43.4321206958135], 
            [-122.886555969782, 43.3861923189204], 
            [-123.052741690676, 43.4509075333561], 
            [-123.297636077043, 43.5612543484095], 
            [-123.6227409967, 43.6810530381672], 
            [-123.674398055026, 43.8284159486372], 
            [-123.71799718782, 44.2468435170148], 
            [-123.637894573176, 44.6297118916905], 
            [-123.659550248045, 44.7571188459581], 
            [-123.719867777676, 44.9873093168716], 
            [-123.53824069725, 45.1833345432547], 
            [-123.43694106198, 45.1873455195802], 
            [-123.219341099712, 45.0722053180211], 
            [-123.141909471545, 45.0938519996701], 
            [-123.043262836311, 45.1284219391213], 
            [-122.983502886349, 45.0730596739648], 
            [-122.951037360486, 45.0380130938293]
          ], 
          [
            [-119.935214838294, 47.6262169763325], 
            [-119.92460283815, 47.6380970205611], 
            [-119.878323725659, 47.6593390072894], 
            [-119.799147412723, 47.7146473131231], 
            [-119.767059602119, 47.817331904344], 
            [-119.992114944149, 48.0644476161646], 
            [-120.013356930878, 48.1284074000815], 
            [-119.87013090182, 48.3334528265868], 
            [-119.880949746034, 48.514882056162], 
            [-119.961708865771, 48.559578361852], 
            [-120.165225444798, 48.4174225260288], 
            [-120.427539699198, 48.2742234766322], 
            [-120.463476608159, 48.2046339367069], 
            [-120.283432334535, 47.9981945610302], 
            [-120.226235452404, 47.873584498326], 
            [-120.065778412943, 47.6665245904376], 
            [-119.935214838294, 47.6262169763325]
          ], 
          [
            [-119.507605191826, 47.1760883058307], 
            [-119.496984198462, 47.1879773432798], 
            [-119.428195055158, 47.231720367601], 
            [-119.19851719781, 47.4409026755181], 
            [-119.159387695586, 47.5741102569829], 
            [-119.272666300509, 47.6753199600482], 
            [-119.561672433236, 47.6580889496454], 
            [-119.788292595627, 47.4567847028518], 
            [-119.902092807337, 47.4130416785307], 
            [-119.961520008142, 47.3807470238561], 
            [-120.027233470049, 47.277432907203], 
            [-119.982645083004, 47.1953787637191], 
            [-119.782375056564, 47.1654673124666], 
            [-119.672181126258, 47.2253531675147], 
            [-119.564505297681, 47.1867092991949], 
            [-119.507605191826, 47.1760883058307]
          ], 
          [
            [-119.012465452918, 45.9607624792051], 
            [-119.002464991766, 45.9732630556456], 
            [-118.94653615372, 46.0180492935402], 
            [-118.958937804736, 46.1177841084499], 
            [-119.09115613195, 46.2107200486914], 
            [-119.114313674636, 46.3437747454083], 
            [-119.203535414827, 46.415225881969], 
            [-119.355493860953, 46.4434016416725], 
            [-119.428069150071, 46.3527769590895], 
            [-119.45009354698, 46.1398624646811], 
            [-119.39720441745, 46.0498852939712], 
            [-119.180018143323, 46.0182741240517], 
            [-119.114988166171, 45.9932729711708], 
            [-119.044984938104, 45.9732630556456], 
            [-119.012465452918, 45.9607624792051]
          ], 
          [
            [-122.988485130484, 45.0304497954218], 
            [-123.013324405397, 44.981364798147], 
            [-122.984483147379, 44.9404276586096], 
            [-122.920964031265, 44.9775246930103], 
            [-122.951037360486, 45.0380130938293], 
            [-122.988485130484, 45.0304497954218]
          ]
        ]
      }, 
      "properties" : {
        "OBJECTID" : 58, 
        "Id" : 58, 
        "gridcode" : 4, 
        "Unixtime" : 1785913200, 
        "Timestamp" : 1785913200000, 
        "Shape__Area" : 407281576393.96094, 
        "Shape__Length" : 4738240.3314058231
      }
    }, 
    {
      "type" : "Feature", 
      "id" : 121, 
      "geometry" : 
      {
        "type" : "Polygon", 
        "coordinates" : 
        [
          [
            [-111.18035069263, 34.7977477178829], 
            [-111.171159621319, 34.7844287583805], 
            [-111.081614125192, 34.7614510801034], 
            [-111.000306419006, 34.7077255810708], 
            [-110.977796388193, 34.7077255810708], 
            [-110.955115486191, 34.6628853838534], 
            [-110.910284282194, 34.6402044818514], 
            [-110.910284282194, 34.6176944510382], 
            [-110.887774251381, 34.6176944510382], 
            [-110.832349033681, 34.4207159432862], 
            [-110.864436844285, 34.2201671270114], 
            [-110.987751883243, 34.0484235958723], 
            [-111.106579305191, 33.9821345678561], 
            [-111.269311629428, 33.937591146914], 
            [-111.447512292858, 33.9912447001828], 
            [-111.579137067522, 34.104649210193], 
            [-111.655741319406, 34.2419487069673], 
            [-111.665813726322, 34.3672962137493], 
            [-111.633824841143, 34.5426730059545], 
            [-111.477459716992, 34.7241651880731], 
            [-111.327479779368, 34.7873335685894], 
            [-111.18035069263, 34.7977477178829]
          ]
        ]
      }, 
      "properties" : {
        "OBJECTID" : 121, 
        "Id" : 121, 
        "gridcode" : 4, 
        "Unixtime" : 1785913200, 
        "Timestamp" : 1785913200000, 
        "Shape__Area" : 8177831414.4882813, 
        "Shape__Length" : 329857.7819137249
      }
    }, 
    {
      "type" : "Feature", 
      "id" : 28, 
      "geometry" : 
      {
        "type" : "Polygon", 
        "coordinates" : 
        [
          [
            [-119.935214838294, 47.6262169763325], 
            [-120.065778412943, 47.6665245904376], 
            [-120.226235452404, 47.873584498326], 
            [-120.283432334535, 47.9981945610302], 
            [-120.463476608159, 48.2046339367069], 
            [-120.427539699198, 48.2742234766322], 
            [-120.165225444798, 48.4174225260288], 
            [-119.961708865771, 48.559578361852], 
            [-119.880949746034, 48.514882056162], 
            [-119.87013090182, 48.3334528265868], 
            [-120.013356930878, 48.1284074000815], 
            [-119.992114944149, 48.0644476161646], 
            [-119.767059602119, 47.817331904344], 
            [-119.799147412723, 47.7146473131231], 
            [-119.878323725659, 47.6593390072894], 
            [-119.92460283815, 47.6380970205611], 
            [-119.935214838294, 47.6262169763325]
          ]
        ]
      }, 
      "properties" : {
        "OBJECTID" : 28, 
        "Id" : 28, 
        "gridcode" : 5, 
        "Unixtime" : 1785913200, 
        "Timestamp" : 1785913200000, 
        "Shape__Area" : 5998077130.8203125, 
        "Shape__Length" : 376738.10487765935
      }
    }
  ]
}